model,song,condition,effect,level,sdr_wet,sdr_dry
demucs,Angels_In_Amplifiers_-_I'm_Alright,bitcrush_l1,bitcrush,1,10.761583915402198,8.673984646997754
spleeter,Angels_In_Amplifiers_-_I'm_Alright,bitcrush_l1,bitcrush,1,8.393542785329442,7.637831579633534
demucs,Angels_In_Amplifiers_-_I'm_Alright,bitcrush_l2,bitcrush,2,10.748793760937914,8.672902628927265
spleeter,Angels_In_Amplifiers_-_I'm_Alright,bitcrush_l2,bitcrush,2,8.392924286840096,7.637665148756156
demucs,Angels_In_Amplifiers_-_I'm_Alright,bitcrush_l3,bitcrush,3,10.72228826665951,8.667952286472225
spleeter,Angels_In_Amplifiers_-_I'm_Alright,bitcrush_l3,bitcrush,3,8.38482475926657,7.643650915810865
demucs,Angels_In_Amplifiers_-_I'm_Alright,bitcrush_l4,bitcrush,4,10.454373624626655,8.611461017678554
spleeter,Angels_In_Amplifiers_-_I'm_Alright,bitcrush_l4,bitcrush,4,8.21983014836191,7.603099164383616
demucs,Angels_In_Amplifiers_-_I'm_Alright,compression_l1,compression,1,10.66129226212838,10.74033620307539
spleeter,Angels_In_Amplifiers_-_I'm_Alright,compression_l1,compression,1,8.486938871904005,8.843979345250425
demucs,Angels_In_Amplifiers_-_I'm_Alright,compression_l2,compression,2,10.008698015974925,8.367670814224995
spleeter,Angels_In_Amplifiers_-_I'm_Alright,compression_l2,compression,2,7.760258554408824,7.435654660012899
demucs,Angels_In_Amplifiers_-_I'm_Alright,compression_l3,compression,3,9.56951369645496,6.633566583151084
spleeter,Angels_In_Amplifiers_-_I'm_Alright,compression_l3,compression,3,7.194607994342142,6.169843632836183
demucs,Angels_In_Amplifiers_-_I'm_Alright,compression_l4,compression,4,9.338302623197293,5.877646244701392
spleeter,Angels_In_Amplifiers_-_I'm_Alright,compression_l4,compression,4,6.905371774890923,5.491543362187547
demucs,Angels_In_Amplifiers_-_I'm_Alright,delay_l1,delay,1,10.155237566404107,7.004991931765906
spleeter,Angels_In_Amplifiers_-_I'm_Alright,delay_l1,delay,1,8.395514318418575,5.9483066138989535
demucs,Angels_In_Amplifiers_-_I'm_Alright,delay_l2,delay,2,9.371906088790734,5.220947188333229
spleeter,Angels_In_Amplifiers_-_I'm_Alright,delay_l2,delay,2,7.787626197517254,4.522183280666462
demucs,Angels_In_Amplifiers_-_I'm_Alright,delay_l3,delay,3,8.48431161811976,4.27984942817995
spleeter,Angels_In_Amplifiers_-_I'm_Alright,delay_l3,delay,3,7.261310157514148,3.82007409007429
demucs,Angels_In_Amplifiers_-_I'm_Alright,delay_l4,delay,4,8.045949429293586,3.5271081189275595
spleeter,Angels_In_Amplifiers_-_I'm_Alright,delay_l4,delay,4,6.833242080632695,3.170729968743551
demucs,Angels_In_Amplifiers_-_I'm_Alright,original,original,0,11.051144311942823,11.051170983950161
spleeter,Angels_In_Amplifiers_-_I'm_Alright,original,original,0,8.828697310876674,8.828589375231346
demucs,Angels_In_Amplifiers_-_I'm_Alright,reverb_l1,reverb,1,10.300589019234629,8.795899372072252
spleeter,Angels_In_Amplifiers_-_I'm_Alright,reverb_l1,reverb,1,8.383201295304177,7.142523280960436
demucs,Angels_In_Amplifiers_-_I'm_Alright,reverb_l2,reverb,2,8.35934202481226,1.6365532969756313
spleeter,Angels_In_Amplifiers_-_I'm_Alright,reverb_l2,reverb,2,7.159936595825723,1.2340942398567363
demucs,Angels_In_Amplifiers_-_I'm_Alright,reverb_l3,reverb,3,7.775194572656653,-1.6659944729635414
spleeter,Angels_In_Amplifiers_-_I'm_Alright,reverb_l3,reverb,3,6.888751705041768,-1.7705705950416055
demucs,Angels_In_Amplifiers_-_I'm_Alright,reverb_l4,reverb,4,7.610995666801217,-2.5171078344987623
spleeter,Angels_In_Amplifiers_-_I'm_Alright,reverb_l4,reverb,4,6.918194059208117,-2.6083822045709164
demucs,Al_James_-_Schoolboy_Facination,bitcrush_l1,bitcrush,1,7.570086555047514,4.583138139034667
spleeter,Al_James_-_Schoolboy_Facination,bitcrush_l1,bitcrush,1,5.870152908091164,4.2134393995266635
demucs,Al_James_-_Schoolboy_Facination,bitcrush_l2,bitcrush,2,7.438858910624435,4.518259723634607
spleeter,Al_James_-_Schoolboy_Facination,bitcrush_l2,bitcrush,2,5.86890484392859,4.212365616787243
demucs,Al_James_-_Schoolboy_Facination,bitcrush_l3,bitcrush,3,7.423535619222679,4.512750763979656
spleeter,Al_James_-_Schoolboy_Facination,bitcrush_l3,bitcrush,3,5.865655594838356,4.211654819552505
demucs,Al_James_-_Schoolboy_Facination,bitcrush_l4,bitcrush,4,7.326802340885806,4.489462787569828
spleeter,Al_James_-_Schoolboy_Facination,bitcrush_l4,bitcrush,4,5.776228965877421,4.189455793546985
demucs,Al_James_-_Schoolboy_Facination,compression_l1,compression,1,7.708605469056144,7.483905842336202
spleeter,Al_James_-_Schoolboy_Facination,compression_l1,compression,1,6.397661173949066,6.422065095430225
demucs,Al_James_-_Schoolboy_Facination,compression_l2,compression,2,7.816109554579582,6.456414083168504
spleeter,Al_James_-_Schoolboy_Facination,compression_l2,compression,2,6.371027761450788,5.74893046502866
demucs,Al_James_-_Schoolboy_Facination,compression_l3,compression,3,7.940512472177513,5.556081429677922
spleeter,Al_James_-_Schoolboy_Facination,compression_l3,compression,3,6.325265319551891,4.9736877433594735
demucs,Al_James_-_Schoolboy_Facination,compression_l4,compression,4,8.021664439451579,5.136981024763062
spleeter,Al_James_-_Schoolboy_Facination,compression_l4,compression,4,6.0911518625486485,4.409102917809507
demucs,Al_James_-_Schoolboy_Facination,delay_l1,delay,1,7.405019438339281,5.6199155635782
spleeter,Al_James_-_Schoolboy_Facination,delay_l1,delay,1,6.191601671522752,4.7404406020755765
demucs,Al_James_-_Schoolboy_Facination,delay_l2,delay,2,7.239617301827515,4.529826270471867
spleeter,Al_James_-_Schoolboy_Facination,delay_l2,delay,2,5.8589763971684015,3.8946134026196777
demucs,Al_James_-_Schoolboy_Facination,delay_l3,delay,3,6.667101108703475,3.77091683450809
spleeter,Al_James_-_Schoolboy_Facination,delay_l3,delay,3,5.275028791575393,3.3374810326566493
demucs,Al_James_-_Schoolboy_Facination,delay_l4,delay,4,6.4075520609569345,3.223213579344624
spleeter,Al_James_-_Schoolboy_Facination,delay_l4,delay,4,4.60668704214531,2.888223949411051
demucs,Al_James_-_Schoolboy_Facination,original,original,0,7.541708411827203,7.541708411827203
spleeter,Al_James_-_Schoolboy_Facination,original,original,0,6.437862850409005,6.437862850409005
demucs,Al_James_-_Schoolboy_Facination,reverb_l1,reverb,1,6.916105706109433,6.529795998877802
spleeter,Al_James_-_Schoolboy_Facination,reverb_l1,reverb,1,5.830670120392939,5.604187629039078
demucs,Al_James_-_Schoolboy_Facination,reverb_l2,reverb,2,4.398342167804992,2.139811327141882
spleeter,Al_James_-_Schoolboy_Facination,reverb_l2,reverb,2,3.6050905115081866,1.7972013090902703
demucs,Al_James_-_Schoolboy_Facination,reverb_l3,reverb,3,3.4298708142051746,-0.6219365029838594
spleeter,Al_James_-_Schoolboy_Facination,reverb_l3,reverb,3,2.692831825718256,-0.6624462172687989
demucs,Al_James_-_Schoolboy_Facination,reverb_l4,reverb,4,3.2465796564404528,-1.4018418951657676
spleeter,Al_James_-_Schoolboy_Facination,reverb_l4,reverb,4,2.6164418241212797,-1.3583496397113228
demucs,AM_Contra_-_Heart_Peripheral,bitcrush_l1,bitcrush,1,10.496435388140794,8.708101605903325
spleeter,AM_Contra_-_Heart_Peripheral,bitcrush_l1,bitcrush,1,9.041145827736315,8.003310170584113
demucs,AM_Contra_-_Heart_Peripheral,bitcrush_l2,bitcrush,2,10.50721646403183,8.718443735658244
spleeter,AM_Contra_-_Heart_Peripheral,bitcrush_l2,bitcrush,2,9.039640407299634,8.00307933058538
demucs,AM_Contra_-_Heart_Peripheral,bitcrush_l3,bitcrush,3,10.472883602390997,8.694952177591983
spleeter,AM_Contra_-_Heart_Peripheral,bitcrush_l3,bitcrush,3,9.017118343104723,7.997680945480974
demucs,AM_Contra_-_Heart_Peripheral,bitcrush_l4,bitcrush,4,10.040785038085499,8.632369602024486
spleeter,AM_Contra_-_Heart_Peripheral,bitcrush_l4,bitcrush,4,8.721846623096356,7.949936276800923
demucs,AM_Contra_-_Heart_Peripheral,compression_l1,compression,1,11.301610116094675,11.04341779170545
spleeter,AM_Contra_-_Heart_Peripheral,compression_l1,compression,1,9.596181616068622,9.50639233605102
demucs,AM_Contra_-_Heart_Peripheral,compression_l2,compression,2,11.026573678939132,8.998205532124759
spleeter,AM_Contra_-_Heart_Peripheral,compression_l2,compression,2,9.147164017366517,7.91533135086667
demucs,AM_Contra_-_Heart_Peripheral,compression_l3,compression,3,10.960978421186109,7.289582197907322
spleeter,AM_Contra_-_Heart_Peripheral,compression_l3,compression,3,9.011436858998106,6.507545781732842
demucs,AM_Contra_-_Heart_Peripheral,compression_l4,compression,4,11.222800301974214,6.639046399754861
spleeter,AM_Contra_-_Heart_Peripheral,compression_l4,compression,4,9.229521380980925,5.969948798896226
demucs,AM_Contra_-_Heart_Peripheral,delay_l1,delay,1,10.799935452652903,7.14971799345327
spleeter,AM_Contra_-_Heart_Peripheral,delay_l1,delay,1,9.199753194078347,6.243809828561018
demucs,AM_Contra_-_Heart_Peripheral,delay_l2,delay,2,9.580021510990239,5.563221959609553
spleeter,AM_Contra_-_Heart_Peripheral,delay_l2,delay,2,8.35753348271337,4.662068321484175
demucs,AM_Contra_-_Heart_Peripheral,delay_l3,delay,3,8.10180668139989,4.542328189399249
spleeter,AM_Contra_-_Heart_Peripheral,delay_l3,delay,3,7.527219067167845,3.892565341335991
demucs,AM_Contra_-_Heart_Peripheral,delay_l4,delay,4,7.302665324358574,3.7602902145597437
spleeter,AM_Contra_-_Heart_Peripheral,delay_l4,delay,4,6.691260328211021,3.3722948307943152
demucs,AM_Contra_-_Heart_Peripheral,original,original,0,11.434525675144606,11.434525675144606
spleeter,AM_Contra_-_Heart_Peripheral,original,original,0,9.787474493685657,9.787474493685657
demucs,AM_Contra_-_Heart_Peripheral,reverb_l1,reverb,1,11.09211695012932,9.095275255292496
spleeter,AM_Contra_-_Heart_Peripheral,reverb_l1,reverb,1,9.491155082618024,7.813402617205475
demucs,AM_Contra_-_Heart_Peripheral,reverb_l2,reverb,2,9.431312168336547,2.1658920966147672
spleeter,AM_Contra_-_Heart_Peripheral,reverb_l2,reverb,2,8.32516358733826,1.7201170714487068
demucs,AM_Contra_-_Heart_Peripheral,reverb_l3,reverb,3,8.751743337122821,-1.2674169102137356
spleeter,AM_Contra_-_Heart_Peripheral,reverb_l3,reverb,3,8.241042087364713,-1.4569749827596947
demucs,AM_Contra_-_Heart_Peripheral,reverb_l4,reverb,4,8.590266609985305,-2.20046837894854
spleeter,AM_Contra_-_Heart_Peripheral,reverb_l4,reverb,4,8.43205021108006,-2.397282700315065
demucs,Arise_-_Run_Run_Run,bitcrush_l1,bitcrush,1,11.36135918177975,10.329610715631494
spleeter,Arise_-_Run_Run_Run,bitcrush_l1,bitcrush,1,5.625262196647287,5.46649432303056
demucs,Arise_-_Run_Run_Run,bitcrush_l2,bitcrush,2,11.331691781271182,10.313258775177594
spleeter,Arise_-_Run_Run_Run,bitcrush_l2,bitcrush,2,5.5974656050290115,5.440981704798022
demucs,Arise_-_Run_Run_Run,bitcrush_l3,bitcrush,3,11.24868237089845,10.314101912802458
spleeter,Arise_-_Run_Run_Run,bitcrush_l3,bitcrush,3,5.410990284486738,5.266594106605148
demucs,Arise_-_Run_Run_Run,bitcrush_l4,bitcrush,4,10.516320953011334,10.096839947092668
spleeter,Arise_-_Run_Run_Run,bitcrush_l4,bitcrush,4,4.853543296795384,4.804076952052022
demucs,Arise_-_Run_Run_Run,compression_l1,compression,1,11.485099644746406,11.388375057301792
spleeter,Arise_-_Run_Run_Run,compression_l1,compression,1,5.5880923020182625,5.664515476680813
demucs,Arise_-_Run_Run_Run,compression_l2,compression,2,11.114422009268154,9.564694763338492
spleeter,Arise_-_Run_Run_Run,compression_l2,compression,2,5.18145111535686,4.897947572632916
demucs,Arise_-_Run_Run_Run,compression_l3,compression,3,10.722347592317366,8.050589811663771
spleeter,Arise_-_Run_Run_Run,compression_l3,compression,3,4.814664004065496,4.227241193148962
demucs,Arise_-_Run_Run_Run,compression_l4,compression,4,10.305789086848495,7.20584536839068
spleeter,Arise_-_Run_Run_Run,compression_l4,compression,4,4.28998652224117,3.566776604257612
demucs,Arise_-_Run_Run_Run,delay_l1,delay,1,10.961124361452379,7.111053016314079
spleeter,Arise_-_Run_Run_Run,delay_l1,delay,1,5.729481961070148,4.127213985331407
demucs,Arise_-_Run_Run_Run,delay_l2,delay,2,10.263451526622875,5.3798343062679574
spleeter,Arise_-_Run_Run_Run,delay_l2,delay,2,5.253749986034844,3.2191587419967904
demucs,Arise_-_Run_Run_Run,delay_l3,delay,3,9.396803886634938,4.294636837158302
spleeter,Arise_-_Run_Run_Run,delay_l3,delay,3,4.506458311576614,2.517683062418619
demucs,Arise_-_Run_Run_Run,delay_l4,delay,4,8.784380277792387,3.4302750318550745
spleeter,Arise_-_Run_Run_Run,delay_l4,delay,4,4.10239482364193,2.078474603817067
demucs,Arise_-_Run_Run_Run,original,original,0,11.632693219351038,11.632693219351038
spleeter,Arise_-_Run_Run_Run,original,original,0,5.73143792638735,5.73143792638735
demucs,Arise_-_Run_Run_Run,reverb_l1,reverb,1,10.576627577041325,7.725409418733391
spleeter,Arise_-_Run_Run_Run,reverb_l1,reverb,1,5.180460391082584,4.604006548950651
demucs,Arise_-_Run_Run_Run,reverb_l2,reverb,2,7.967206495188534,0.7340428783442909
spleeter,Arise_-_Run_Run_Run,reverb_l2,reverb,2,2.440986891169548,0.6249262384375545
demucs,Arise_-_Run_Run_Run,reverb_l3,reverb,3,6.855222876875402,-1.5695584269635552
spleeter,Arise_-_Run_Run_Run,reverb_l3,reverb,3,1.7583440980980667,-0.8824261633582777
demucs,Arise_-_Run_Run_Run,reverb_l4,reverb,4,6.989578217010269,-2.221792355751376
spleeter,Arise_-_Run_Run_Run,reverb_l4,reverb,4,1.6886467192539547,-1.3269903367653435
demucs,BKS_-_Too_Much,bitcrush_l1,bitcrush,1,11.713629680440063,9.117263577987327
spleeter,BKS_-_Too_Much,bitcrush_l1,bitcrush,1,9.615661418888257,8.439917338188911
demucs,BKS_-_Too_Much,bitcrush_l2,bitcrush,2,11.687748015432566,9.10441907446682
spleeter,BKS_-_Too_Much,bitcrush_l2,bitcrush,2,9.614326380902016,8.43971895492222
demucs,BKS_-_Too_Much,bitcrush_l3,bitcrush,3,11.646508552392786,9.105604324642488
spleeter,BKS_-_Too_Much,bitcrush_l3,bitcrush,3,9.596444642204954,8.439304939064105
demucs,BKS_-_Too_Much,bitcrush_l4,bitcrush,4,11.137508768614317,9.02542137304909
spleeter,BKS_-_Too_Much,bitcrush_l4,bitcrush,4,9.297231381918461,8.359285322599051
demucs,BKS_-_Too_Much,compression_l1,compression,1,11.835688966890581,11.586241788352003
spleeter,BKS_-_Too_Much,compression_l1,compression,1,9.977940096968666,9.963756790952093
demucs,BKS_-_Too_Much,compression_l2,compression,2,11.53283926696253,9.121944943896494
spleeter,BKS_-_Too_Much,compression_l2,compression,2,9.536489682790288,8.159895124644388
demucs,BKS_-_Too_Much,compression_l3,compression,3,11.432197886311005,7.383176551444811
spleeter,BKS_-_Too_Much,compression_l3,compression,3,9.340284566129348,6.726447830535101
demucs,BKS_-_Too_Much,compression_l4,compression,4,11.534660669108874,6.672687351072472
spleeter,BKS_-_Too_Much,compression_l4,compression,4,9.334369731004065,6.146152725396465
demucs,BKS_-_Too_Much,delay_l1,delay,1,11.023281820060065,7.38617220471201
spleeter,BKS_-_Too_Much,delay_l1,delay,1,9.609375203994166,6.5283484620606025
demucs,BKS_-_Too_Much,delay_l2,delay,2,10.17058688160276,5.5511182659928915
spleeter,BKS_-_Too_Much,delay_l2,delay,2,8.922100445552305,4.971266294769769
demucs,BKS_-_Too_Much,delay_l3,delay,3,9.420016646093108,4.433071658228205
spleeter,BKS_-_Too_Much,delay_l3,delay,3,8.153474658717299,4.120671803624943
demucs,BKS_-_Too_Much,delay_l4,delay,4,8.79836341607484,3.8156013846921577
spleeter,BKS_-_Too_Much,delay_l4,delay,4,7.451978945729161,3.597899739247476
demucs,BKS_-_Too_Much,original,original,0,12.017639959559073,12.017639959559073
spleeter,BKS_-_Too_Much,original,original,0,10.206994730371477,10.206994730371477
demucs,BKS_-_Too_Much,reverb_l1,reverb,1,11.294915000692642,9.33262980039012
spleeter,BKS_-_Too_Much,reverb_l1,reverb,1,9.846420202694835,7.956610884072965
demucs,BKS_-_Too_Much,reverb_l2,reverb,2,9.940258473605878,1.643776714172212
spleeter,BKS_-_Too_Much,reverb_l2,reverb,2,8.671582055839867,1.3709168257410291
demucs,BKS_-_Too_Much,reverb_l3,reverb,3,9.645727513434894,-1.6987078529538184
spleeter,BKS_-_Too_Much,reverb_l3,reverb,3,8.407946451447463,-1.7567268789430177
demucs,BKS_-_Too_Much,reverb_l4,reverb,4,9.66583465626019,-2.57936435572378
spleeter,BKS_-_Too_Much,reverb_l4,reverb,4,8.467378964738135,-2.612786977088573
demucs,BKS_-_Bulldozer,bitcrush_l1,bitcrush,1,8.587006227751196,6.715893953257302
spleeter,BKS_-_Bulldozer,bitcrush_l1,bitcrush,1,5.657722932893877,4.992050649994741
demucs,BKS_-_Bulldozer,bitcrush_l2,bitcrush,2,8.561019605676282,6.711198160051626
spleeter,BKS_-_Bulldozer,bitcrush_l2,bitcrush,2,5.660061357117076,4.994632574693675
demucs,BKS_-_Bulldozer,bitcrush_l3,bitcrush,3,8.564469795591691,6.722169704118251
spleeter,BKS_-_Bulldozer,bitcrush_l3,bitcrush,3,5.664132417450192,4.999608436338644
demucs,BKS_-_Bulldozer,bitcrush_l4,bitcrush,4,8.347300861970602,6.659279234468154
spleeter,BKS_-_Bulldozer,bitcrush_l4,bitcrush,4,5.5586178982623125,4.981843395406164
demucs,BKS_-_Bulldozer,compression_l1,compression,1,8.850524753995249,8.912291055566579
spleeter,BKS_-_Bulldozer,compression_l1,compression,1,5.760241923524351,5.883080480974698
demucs,BKS_-_Bulldozer,compression_l2,compression,2,8.639088057831877,8.112720663180221
spleeter,BKS_-_Bulldozer,compression_l2,compression,2,5.490110835014146,5.563530290511607
demucs,BKS_-_Bulldozer,compression_l3,compression,3,8.510739179301556,7.108207584764719
spleeter,BKS_-_Bulldozer,compression_l3,compression,3,5.26501220399825,5.069517549648052
demucs,BKS_-_Bulldozer,compression_l4,compression,4,8.502255484986387,6.425643305344904
spleeter,BKS_-_Bulldozer,compression_l4,compression,4,5.09635442390525,4.709153249177137
demucs,BKS_-_Bulldozer,delay_l1,delay,1,8.477648953037868,6.093038543731069
spleeter,BKS_-_Bulldozer,delay_l1,delay,1,5.637667152962237,4.3915705838167565
demucs,BKS_-_Bulldozer,delay_l2,delay,2,7.937313985692588,4.768226102568056
spleeter,BKS_-_Bulldozer,delay_l2,delay,2,5.130731045323559,3.5095153710281775
demucs,BKS_-_Bulldozer,delay_l3,delay,3,7.27869979984062,3.9685791403512467
spleeter,BKS_-_Bulldozer,delay_l3,delay,3,4.266505118707661,2.988275345368185
demucs,BKS_-_Bulldozer,delay_l4,delay,4,6.68839770469277,3.4179620711854257
spleeter,BKS_-_Bulldozer,delay_l4,delay,4,3.788023266314482,2.5999511122770356
demucs,BKS_-_Bulldozer,original,original,0,8.841292971252104,8.841292971252104
spleeter,BKS_-_Bulldozer,original,original,0,5.907734733930537,5.907734733930537
demucs,BKS_-_Bulldozer,reverb_l1,reverb,1,8.244963990567985,7.358864405978183
spleeter,BKS_-_Bulldozer,reverb_l1,reverb,1,5.604491309341836,5.155920461836208
demucs,BKS_-_Bulldozer,reverb_l2,reverb,2,6.419364360732934,1.8459300157245362
spleeter,BKS_-_Bulldozer,reverb_l2,reverb,2,4.080387664295632,1.2955425580933233
demucs,BKS_-_Bulldozer,reverb_l3,reverb,3,5.227085826363876,-1.258572695571383
spleeter,BKS_-_Bulldozer,reverb_l3,reverb,3,3.2866918006181645,-1.1694463213454251
demucs,BKS_-_Bulldozer,reverb_l4,reverb,4,5.045763530837749,-2.112399943797243
spleeter,BKS_-_Bulldozer,reverb_l4,reverb,4,3.2119391609996457,-1.8569286788120174
demucs,Ben_Carrigan_-_We'll_Talk_About_It_All_Tonight,bitcrush_l1,bitcrush,1,5.801156650475496,4.819378714969051
spleeter,Ben_Carrigan_-_We'll_Talk_About_It_All_Tonight,bitcrush_l1,bitcrush,1,4.344157194053079,3.977918510013944
demucs,Ben_Carrigan_-_We'll_Talk_About_It_All_Tonight,bitcrush_l2,bitcrush,2,5.820880963638434,4.823625172991689
spleeter,Ben_Carrigan_-_We'll_Talk_About_It_All_Tonight,bitcrush_l2,bitcrush,2,4.344307102666176,3.9792510515926063
demucs,Ben_Carrigan_-_We'll_Talk_About_It_All_Tonight,bitcrush_l3,bitcrush,3,5.788189949966512,4.808531582439914
spleeter,Ben_Carrigan_-_We'll_Talk_About_It_All_Tonight,bitcrush_l3,bitcrush,3,4.3363595238446075,3.9834834651047624
demucs,Ben_Carrigan_-_We'll_Talk_About_It_All_Tonight,bitcrush_l4,bitcrush,4,5.6272920864316065,4.729273815950158
spleeter,Ben_Carrigan_-_We'll_Talk_About_It_All_Tonight,bitcrush_l4,bitcrush,4,4.136084684599089,3.89444568742354
demucs,Ben_Carrigan_-_We'll_Talk_About_It_All_Tonight,compression_l1,compression,1,5.775972480112995,5.826777793524847
spleeter,Ben_Carrigan_-_We'll_Talk_About_It_All_Tonight,compression_l1,compression,1,4.530715040677878,4.660351468319926
demucs,Ben_Carrigan_-_We'll_Talk_About_It_All_Tonight,compression_l2,compression,2,5.6841411409137415,5.233217025657865
spleeter,Ben_Carrigan_-_We'll_Talk_About_It_All_Tonight,compression_l2,compression,2,4.316669960504981,4.216126150001949
demucs,Ben_Carrigan_-_We'll_Talk_About_It_All_Tonight,compression_l3,compression,3,5.699595004917294,4.561155226314411
spleeter,Ben_Carrigan_-_We'll_Talk_About_It_All_Tonight,compression_l3,compression,3,4.215084877429803,3.657675827551582
demucs,Ben_Carrigan_-_We'll_Talk_About_It_All_Tonight,compression_l4,compression,4,5.7026310125521995,4.241056786444796
spleeter,Ben_Carrigan_-_We'll_Talk_About_It_All_Tonight,compression_l4,compression,4,4.239758398785952,3.3782527360897774
demucs,Ben_Carrigan_-_We'll_Talk_About_It_All_Tonight,delay_l1,delay,1,5.669313532138068,4.5124308260998385
spleeter,Ben_Carrigan_-_We'll_Talk_About_It_All_Tonight,delay_l1,delay,1,4.5861929785815505,3.660652851595601
demucs,Ben_Carrigan_-_We'll_Talk_About_It_All_Tonight,delay_l2,delay,2,5.065622073395644,3.6741217530995094
spleeter,Ben_Carrigan_-_We'll_Talk_About_It_All_Tonight,delay_l2,delay,2,3.946853306507558,2.8866640922613858
demucs,Ben_Carrigan_-_We'll_Talk_About_It_All_Tonight,delay_l3,delay,3,4.58831506586328,3.114156286522319
spleeter,Ben_Carrigan_-_We'll_Talk_About_It_All_Tonight,delay_l3,delay,3,3.232271274688658,2.3279726789533095
demucs,Ben_Carrigan_-_We'll_Talk_About_It_All_Tonight,delay_l4,delay,4,4.235546226573861,2.7334325957855037
spleeter,Ben_Carrigan_-_We'll_Talk_About_It_All_Tonight,delay_l4,delay,4,2.7115096136825683,2.042175861980506
demucs,Ben_Carrigan_-_We'll_Talk_About_It_All_Tonight,original,original,0,5.86143469149637,5.86143469149637
spleeter,Ben_Carrigan_-_We'll_Talk_About_It_All_Tonight,original,original,0,4.629740101714933,4.629740101714933
demucs,Ben_Carrigan_-_We'll_Talk_About_It_All_Tonight,reverb_l1,reverb,1,5.203031561959628,4.00538461009957
spleeter,Ben_Carrigan_-_We'll_Talk_About_It_All_Tonight,reverb_l1,reverb,1,3.323402864388899,3.409610168179867
demucs,Ben_Carrigan_-_We'll_Talk_About_It_All_Tonight,reverb_l2,reverb,2,2.774324542690744,0.5916752331007178
spleeter,Ben_Carrigan_-_We'll_Talk_About_It_All_Tonight,reverb_l2,reverb,2,0.49711800756631924,0.5684774054770384
demucs,Ben_Carrigan_-_We'll_Talk_About_It_All_Tonight,reverb_l3,reverb,3,1.5889902843691661,-0.3189871419470157
spleeter,Ben_Carrigan_-_We'll_Talk_About_It_All_Tonight,reverb_l3,reverb,3,0.15708845295513918,-0.009290927795562487
demucs,Ben_Carrigan_-_We'll_Talk_About_It_All_Tonight,reverb_l4,reverb,4,1.5391555943934552,-0.5769436768009977
spleeter,Ben_Carrigan_-_We'll_Talk_About_It_All_Tonight,reverb_l4,reverb,4,0.1419678813880579,-0.09593469437693014
demucs,Bobby_Nobody_-_Stitch_Up,bitcrush_l1,bitcrush,1,9.165027956639461,5.797049446075244
spleeter,Bobby_Nobody_-_Stitch_Up,bitcrush_l1,bitcrush,1,6.574592188327916,4.844004566615155
demucs,Bobby_Nobody_-_Stitch_Up,bitcrush_l2,bitcrush,2,9.153631224284052,5.772831576834722
spleeter,Bobby_Nobody_-_Stitch_Up,bitcrush_l2,bitcrush,2,6.572354661464401,4.842086827525529
demucs,Bobby_Nobody_-_Stitch_Up,bitcrush_l3,bitcrush,3,9.105647764859281,5.775908116804716
spleeter,Bobby_Nobody_-_Stitch_Up,bitcrush_l3,bitcrush,3,6.567600747570664,4.846737888672872
demucs,Bobby_Nobody_-_Stitch_Up,bitcrush_l4,bitcrush,4,8.687487921602376,5.7274043634938065
spleeter,Bobby_Nobody_-_Stitch_Up,bitcrush_l4,bitcrush,4,6.311969601633518,4.805375535248388
demucs,Bobby_Nobody_-_Stitch_Up,compression_l1,compression,1,9.85767444297436,9.853022380310863
spleeter,Bobby_Nobody_-_Stitch_Up,compression_l1,compression,1,7.1064378087710365,7.234268348388117
demucs,Bobby_Nobody_-_Stitch_Up,compression_l2,compression,2,9.362658551506371,8.178464988497002
spleeter,Bobby_Nobody_-_Stitch_Up,compression_l2,compression,2,6.720496596983642,6.277686551729879
demucs,Bobby_Nobody_-_Stitch_Up,compression_l3,compression,3,9.110163425936848,6.886966098660342
spleeter,Bobby_Nobody_-_Stitch_Up,compression_l3,compression,3,6.521749391939153,5.348481364356857
demucs,Bobby_Nobody_-_Stitch_Up,compression_l4,compression,4,8.996807616308134,6.398779442014097
spleeter,Bobby_Nobody_-_Stitch_Up,compression_l4,compression,4,6.49025270342605,4.939779958806004
demucs,Bobby_Nobody_-_Stitch_Up,delay_l1,delay,1,9.058398829118753,6.683949555822501
spleeter,Bobby_Nobody_-_Stitch_Up,delay_l1,delay,1,6.870226803509252,5.163718233734434
demucs,Bobby_Nobody_-_Stitch_Up,delay_l2,delay,2,7.984937975895806,5.312912132257575
spleeter,Bobby_Nobody_-_Stitch_Up,delay_l2,delay,2,5.829996025919292,3.9727954665816556
demucs,Bobby_Nobody_-_Stitch_Up,delay_l3,delay,3,7.413101459855781,4.322449327816761
spleeter,Bobby_Nobody_-_Stitch_Up,delay_l3,delay,3,5.145771050811586,3.3090562513493356
demucs,Bobby_Nobody_-_Stitch_Up,delay_l4,delay,4,6.777531628479223,3.758219866035914
spleeter,Bobby_Nobody_-_Stitch_Up,delay_l4,delay,4,4.761492995723903,3.1227403339566253
demucs,Bobby_Nobody_-_Stitch_Up,original,original,0,10.047437987349284,10.047437987349284
spleeter,Bobby_Nobody_-_Stitch_Up,original,original,0,7.252967067911593,7.252967067911593
demucs,Bobby_Nobody_-_Stitch_Up,reverb_l1,reverb,1,9.269341853084022,8.454918109518301
spleeter,Bobby_Nobody_-_Stitch_Up,reverb_l1,reverb,1,6.883190981087688,6.244621232822734
demucs,Bobby_Nobody_-_Stitch_Up,reverb_l2,reverb,2,6.701503890082168,2.177398888100931
spleeter,Bobby_Nobody_-_Stitch_Up,reverb_l2,reverb,2,5.408194378548207,1.5480220485608083
demucs,Bobby_Nobody_-_Stitch_Up,reverb_l3,reverb,3,5.91749332603173,-1.330659878595931
spleeter,Bobby_Nobody_-_Stitch_Up,reverb_l3,reverb,3,4.884192708248686,-1.3805667089300226
demucs,Bobby_Nobody_-_Stitch_Up,reverb_l4,reverb,4,5.820845882134994,-2.251382393002962
spleeter,Bobby_Nobody_-_Stitch_Up,reverb_l4,reverb,4,4.869305929677714,-2.2278100508439187
demucs,Carlos_Gonzalez_-_A_Place_For_Us,bitcrush_l1,bitcrush,1,7.3355067567619825,6.464781457449273
spleeter,Carlos_Gonzalez_-_A_Place_For_Us,bitcrush_l1,bitcrush,1,6.1921131279448005,5.784384593047511
demucs,Carlos_Gonzalez_-_A_Place_For_Us,bitcrush_l2,bitcrush,2,7.341953479866424,6.472614660021467
spleeter,Carlos_Gonzalez_-_A_Place_For_Us,bitcrush_l2,bitcrush,2,6.1912666632132165,5.784185105386142
demucs,Carlos_Gonzalez_-_A_Place_For_Us,bitcrush_l3,bitcrush,3,7.358668816038873,6.491486004566024
spleeter,Carlos_Gonzalez_-_A_Place_For_Us,bitcrush_l3,bitcrush,3,6.181104298354505,5.782208694873022
demucs,Carlos_Gonzalez_-_A_Place_For_Us,bitcrush_l4,bitcrush,4,7.224642232854668,6.458656636611196
spleeter,Carlos_Gonzalez_-_A_Place_For_Us,bitcrush_l4,bitcrush,4,6.002636460968576,5.710752217379456
demucs,Carlos_Gonzalez_-_A_Place_For_Us,compression_l1,compression,1,7.854808610558059,7.739358880130345
spleeter,Carlos_Gonzalez_-_A_Place_For_Us,compression_l1,compression,1,6.227916920406086,6.3095906670713795
demucs,Carlos_Gonzalez_-_A_Place_For_Us,compression_l2,compression,2,7.599378437069577,6.254767407493924
spleeter,Carlos_Gonzalez_-_A_Place_For_Us,compression_l2,compression,2,5.921760898252928,5.2893938189942435
demucs,Carlos_Gonzalez_-_A_Place_For_Us,compression_l3,compression,3,7.496748736741054,4.89044313166112
spleeter,Carlos_Gonzalez_-_A_Place_For_Us,compression_l3,compression,3,5.6894259208473805,4.1647092424285015
demucs,Carlos_Gonzalez_-_A_Place_For_Us,compression_l4,compression,4,7.555310911566837,4.186888400228993
spleeter,Carlos_Gonzalez_-_A_Place_For_Us,compression_l4,compression,4,5.697443392628844,3.578881060499441
demucs,Carlos_Gonzalez_-_A_Place_For_Us,delay_l1,delay,1,7.665522043060693,5.80591333192812
spleeter,Carlos_Gonzalez_-_A_Place_For_Us,delay_l1,delay,1,6.195533480727922,4.70734954404738
demucs,Carlos_Gonzalez_-_A_Place_For_Us,delay_l2,delay,2,6.85711448614779,4.572787007338641
spleeter,Carlos_Gonzalez_-_A_Place_For_Us,delay_l2,delay,2,5.620951160324111,3.7547616507223154
demucs,Carlos_Gonzalez_-_A_Place_For_Us,delay_l3,delay,3,6.086463381619272,3.950245611438612
spleeter,Carlos_Gonzalez_-_A_Place_For_Us,delay_l3,delay,3,5.077041726698988,3.251514686205657
demucs,Carlos_Gonzalez_-_A_Place_For_Us,delay_l4,delay,4,5.336224359770236,3.3332284640457184
spleeter,Carlos_Gonzalez_-_A_Place_For_Us,delay_l4,delay,4,4.345708161335498,2.8623561144279392
demucs,Carlos_Gonzalez_-_A_Place_For_Us,original,original,0,7.971902487609875,7.971216530168995
spleeter,Carlos_Gonzalez_-_A_Place_For_Us,original,original,0,6.411459036089218,6.411403393917564
demucs,Carlos_Gonzalez_-_A_Place_For_Us,reverb_l1,reverb,1,7.2467581680395465,6.460410536336692
spleeter,Carlos_Gonzalez_-_A_Place_For_Us,reverb_l1,reverb,1,5.594515633796061,5.246227835072455
demucs,Carlos_Gonzalez_-_A_Place_For_Us,reverb_l2,reverb,2,4.157852718773779,1.7427442320798767
spleeter,Carlos_Gonzalez_-_A_Place_For_Us,reverb_l2,reverb,2,2.9560070948641624,1.3851160089281103
demucs,Carlos_Gonzalez_-_A_Place_For_Us,reverb_l3,reverb,3,3.110286124005345,-0.48845415270888043
spleeter,Carlos_Gonzalez_-_A_Place_For_Us,reverb_l3,reverb,3,2.1404529147621356,-0.4136252089623215
demucs,Carlos_Gonzalez_-_A_Place_For_Us,reverb_l4,reverb,4,2.919059987570897,-1.126737798003431
spleeter,Carlos_Gonzalez_-_A_Place_For_Us,reverb_l4,reverb,4,2.088684013995589,-0.9658262146987046
demucs,Cristina_Vane_-_So_Easy,bitcrush_l1,bitcrush,1,10.509638002625907,7.778088170629705
spleeter,Cristina_Vane_-_So_Easy,bitcrush_l1,bitcrush,1,8.201269674381695,7.209608135046299
demucs,Cristina_Vane_-_So_Easy,bitcrush_l2,bitcrush,2,10.505374108540275,7.7763777958189575
spleeter,Cristina_Vane_-_So_Easy,bitcrush_l2,bitcrush,2,8.204324144847439,7.212961416356874
demucs,Cristina_Vane_-_So_Easy,bitcrush_l3,bitcrush,3,10.500396039855067,7.785764756009904
spleeter,Cristina_Vane_-_So_Easy,bitcrush_l3,bitcrush,3,8.201650679426457,7.225584590138373
demucs,Cristina_Vane_-_So_Easy,bitcrush_l4,bitcrush,4,10.12692994131855,7.714519489228718
spleeter,Cristina_Vane_-_So_Easy,bitcrush_l4,bitcrush,4,7.9990922333211,7.165147232265707
demucs,Cristina_Vane_-_So_Easy,compression_l1,compression,1,10.86308971342426,10.576432884170334
spleeter,Cristina_Vane_-_So_Easy,compression_l1,compression,1,8.794423436755313,8.737258853320782
demucs,Cristina_Vane_-_So_Easy,compression_l2,compression,2,10.721321504103996,8.552687615134841
spleeter,Cristina_Vane_-_So_Easy,compression_l2,compression,2,8.665447390429291,7.382266750782943
demucs,Cristina_Vane_-_So_Easy,compression_l3,compression,3,10.643521512127341,6.780222911541584
spleeter,Cristina_Vane_-_So_Easy,compression_l3,compression,3,8.559060611492404,5.913013770636119
demucs,Cristina_Vane_-_So_Easy,compression_l4,compression,4,10.566404374535727,5.9122397941482845
spleeter,Cristina_Vane_-_So_Easy,compression_l4,compression,4,8.541275991519088,4.978485478080325
demucs,Cristina_Vane_-_So_Easy,delay_l1,delay,1,10.445734221812625,6.865777153831507
spleeter,Cristina_Vane_-_So_Easy,delay_l1,delay,1,8.612981000897275,5.900866656214157
demucs,Cristina_Vane_-_So_Easy,delay_l2,delay,2,9.346056130321637,5.309275435565296
spleeter,Cristina_Vane_-_So_Easy,delay_l2,delay,2,7.472255461355296,4.633357616961483
demucs,Cristina_Vane_-_So_Easy,delay_l3,delay,3,8.385205949232464,4.2590280892111245
spleeter,Cristina_Vane_-_So_Easy,delay_l3,delay,3,6.571667003665148,3.9028738884423984
demucs,Cristina_Vane_-_So_Easy,delay_l4,delay,4,7.71442703098054,3.6814364432407314
spleeter,Cristina_Vane_-_So_Easy,delay_l4,delay,4,5.902872321827796,3.4187133404717898
demucs,Cristina_Vane_-_So_Easy,original,original,0,10.892238508130394,10.892238508130394
spleeter,Cristina_Vane_-_So_Easy,original,original,0,8.848935226947008,8.848935226947008
demucs,Cristina_Vane_-_So_Easy,reverb_l1,reverb,1,10.620614467013452,8.78986813476158
spleeter,Cristina_Vane_-_So_Easy,reverb_l1,reverb,1,8.783809676523296,7.281622257014697
demucs,Cristina_Vane_-_So_Easy,reverb_l2,reverb,2,9.754617857263964,2.128744999619083
spleeter,Cristina_Vane_-_So_Easy,reverb_l2,reverb,2,8.14488572868669,1.7773192841431271
demucs,Cristina_Vane_-_So_Easy,reverb_l3,reverb,3,9.688173564600685,-1.3205411215783283
spleeter,Cristina_Vane_-_So_Easy,reverb_l3,reverb,3,7.6792804837967585,-1.329298421402079
demucs,Cristina_Vane_-_So_Easy,reverb_l4,reverb,4,9.517249864118599,-2.2745082496703137
spleeter,Cristina_Vane_-_So_Easy,reverb_l4,reverb,4,7.5983831967908255,-2.2309338513620616
demucs,Buitraker_-_Revo_X,bitcrush_l1,bitcrush,1,4.679385956448255,3.241790954521919
spleeter,Buitraker_-_Revo_X,bitcrush_l1,bitcrush,1,2.6245120430518227,2.07302881378969
demucs,Buitraker_-_Revo_X,bitcrush_l2,bitcrush,2,4.610505729363551,3.2032411148744484
spleeter,Buitraker_-_Revo_X,bitcrush_l2,bitcrush,2,2.6251130246821535,2.0735268073620596
demucs,Buitraker_-_Revo_X,bitcrush_l3,bitcrush,3,4.704657099692301,3.3317600900538884
spleeter,Buitraker_-_Revo_X,bitcrush_l3,bitcrush,3,2.6275536911285844,2.0783149314571436
demucs,Buitraker_-_Revo_X,bitcrush_l4,bitcrush,4,4.519985382975925,3.2583087801237562
spleeter,Buitraker_-_Revo_X,bitcrush_l4,bitcrush,4,2.532539080657352,2.0498014324733456
demucs,Buitraker_-_Revo_X,compression_l1,compression,1,4.6954932711106645,4.756682177846068
spleeter,Buitraker_-_Revo_X,compression_l1,compression,1,2.8084209283417643,2.902622051257348
demucs,Buitraker_-_Revo_X,compression_l2,compression,2,4.623963454370271,4.520032944500576
spleeter,Buitraker_-_Revo_X,compression_l2,compression,2,2.594835014052887,2.7063570916785813
demucs,Buitraker_-_Revo_X,compression_l3,compression,3,4.639425470849021,4.107952602783735
spleeter,Buitraker_-_Revo_X,compression_l3,compression,3,2.526910691472714,2.4480407571163694
demucs,Buitraker_-_Revo_X,compression_l4,compression,4,4.73136932415336,3.7635989004119237
spleeter,Buitraker_-_Revo_X,compression_l4,compression,4,2.5871408859215967,2.0862958790336403
demucs,Buitraker_-_Revo_X,delay_l1,delay,1,4.582904449683755,3.7097307479821104
spleeter,Buitraker_-_Revo_X,delay_l1,delay,1,2.6931224020306814,2.189717696389453
demucs,Buitraker_-_Revo_X,delay_l2,delay,2,4.391351366823172,3.2443635363180867
spleeter,Buitraker_-_Revo_X,delay_l2,delay,2,2.2556738496144875,1.726958866555686
demucs,Buitraker_-_Revo_X,delay_l3,delay,3,3.906829473618811,2.7292165601224525
spleeter,Buitraker_-_Revo_X,delay_l3,delay,3,1.8230193696616572,1.454964399922176
demucs,Buitraker_-_Revo_X,delay_l4,delay,4,3.5329599326006687,2.297412275786483
spleeter,Buitraker_-_Revo_X,delay_l4,delay,4,1.5027494595561708,1.2862578134167104
demucs,Buitraker_-_Revo_X,original,original,0,4.742256246505205,4.742105364574211
spleeter,Buitraker_-_Revo_X,original,original,0,2.909831227419144,2.909786240437106
demucs,Buitraker_-_Revo_X,reverb_l1,reverb,1,4.628555940025624,4.412843035762008
spleeter,Buitraker_-_Revo_X,reverb_l1,reverb,1,2.7176422085504894,2.587949706382634
demucs,Buitraker_-_Revo_X,reverb_l2,reverb,2,3.9270901188033487,1.4379067381063426
spleeter,Buitraker_-_Revo_X,reverb_l2,reverb,2,1.9338020611341642,0.4159189723022334
demucs,Buitraker_-_Revo_X,reverb_l3,reverb,3,3.502917010291939,-1.1081180643691522
spleeter,Buitraker_-_Revo_X,reverb_l3,reverb,3,1.6553213864780123,-1.4308577156229787
demucs,Buitraker_-_Revo_X,reverb_l4,reverb,4,3.318260111745337,-1.7666865303779984
spleeter,Buitraker_-_Revo_X,reverb_l4,reverb,4,1.6744442398387562,-2.0078638401777065
demucs,Detsky_Sad_-_Walkie_Talkie,bitcrush_l1,bitcrush,1,4.6820708266963305,3.5788381344834392
spleeter,Detsky_Sad_-_Walkie_Talkie,bitcrush_l1,bitcrush,1,3.3177062215806625,2.7691319793418923
demucs,Detsky_Sad_-_Walkie_Talkie,bitcrush_l2,bitcrush,2,4.667614412824428,3.5690288996319977
spleeter,Detsky_Sad_-_Walkie_Talkie,bitcrush_l2,bitcrush,2,3.316384416608536,2.768269977772197
demucs,Detsky_Sad_-_Walkie_Talkie,bitcrush_l3,bitcrush,3,4.603125054261085,3.511033872907587
spleeter,Detsky_Sad_-_Walkie_Talkie,bitcrush_l3,bitcrush,3,3.31515250888786,2.7685604131916266
demucs,Detsky_Sad_-_Walkie_Talkie,bitcrush_l4,bitcrush,4,4.464729207102463,3.452447433259676
spleeter,Detsky_Sad_-_Walkie_Talkie,bitcrush_l4,bitcrush,4,3.3118329458420144,2.796767967306515
demucs,Detsky_Sad_-_Walkie_Talkie,compression_l1,compression,1,4.638960903171265,4.655049098760151
spleeter,Detsky_Sad_-_Walkie_Talkie,compression_l1,compression,1,3.4155950069328926,3.4393221733835673
demucs,Detsky_Sad_-_Walkie_Talkie,compression_l2,compression,2,4.247433879241807,3.9086158561539386
spleeter,Detsky_Sad_-_Walkie_Talkie,compression_l2,compression,2,3.236109509483345,2.9847375504270994
demucs,Detsky_Sad_-_Walkie_Talkie,compression_l3,compression,3,4.302776226015527,3.4335467768757804
spleeter,Detsky_Sad_-_Walkie_Talkie,compression_l3,compression,3,3.3091175553072465,2.6740026722727634
demucs,Detsky_Sad_-_Walkie_Talkie,compression_l4,compression,4,4.174698609373509,2.9893236262122835
spleeter,Detsky_Sad_-_Walkie_Talkie,compression_l4,compression,4,3.1698129774844768,2.2774626647878753
demucs,Detsky_Sad_-_Walkie_Talkie,delay_l1,delay,1,4.435456189011183,3.286948065932628
spleeter,Detsky_Sad_-_Walkie_Talkie,delay_l1,delay,1,3.351244320102125,2.3436818555334384
demucs,Detsky_Sad_-_Walkie_Talkie,delay_l2,delay,2,3.8920940106707262,2.2749947644572512
spleeter,Detsky_Sad_-_Walkie_Talkie,delay_l2,delay,2,3.050621605866474,1.585368079955173
demucs,Detsky_Sad_-_Walkie_Talkie,delay_l3,delay,3,3.5904491581451548,1.7179974454351388
spleeter,Detsky_Sad_-_Walkie_Talkie,delay_l3,delay,3,2.650889004791899,0.981369447577974
demucs,Detsky_Sad_-_Walkie_Talkie,delay_l4,delay,4,3.451898903082611,1.266729312367588
spleeter,Detsky_Sad_-_Walkie_Talkie,delay_l4,delay,4,2.485967480043012,0.7760399933081521
demucs,Detsky_Sad_-_Walkie_Talkie,original,original,0,4.808557789502742,4.808557789502742
spleeter,Detsky_Sad_-_Walkie_Talkie,original,original,0,3.524703865651999,3.524703865651999
demucs,Detsky_Sad_-_Walkie_Talkie,reverb_l1,reverb,1,4.503688788089785,4.062421600665479
spleeter,Detsky_Sad_-_Walkie_Talkie,reverb_l1,reverb,1,3.383196929376704,2.9260476987887647
demucs,Detsky_Sad_-_Walkie_Talkie,reverb_l2,reverb,2,4.074009934934992,0.3382587160690875
spleeter,Detsky_Sad_-_Walkie_Talkie,reverb_l2,reverb,2,3.1802584412116612,-0.2486894478966476
demucs,Detsky_Sad_-_Walkie_Talkie,reverb_l3,reverb,3,4.152248970855865,-2.4159252341620143
spleeter,Detsky_Sad_-_Walkie_Talkie,reverb_l3,reverb,3,3.3477065267762574,-2.7414724071113623
demucs,Detsky_Sad_-_Walkie_Talkie,reverb_l4,reverb,4,4.237047091914977,-3.1776146318598886
spleeter,Detsky_Sad_-_Walkie_Talkie,reverb_l4,reverb,4,3.450571335493891,-3.509021346819951
demucs,Enda_Reilly_-_Cur_An_Long_Ag_Seol,bitcrush_l1,bitcrush,1,11.326218875202779,9.387097610221147
spleeter,Enda_Reilly_-_Cur_An_Long_Ag_Seol,bitcrush_l1,bitcrush,1,7.953780061822916,7.483940587508242
demucs,Enda_Reilly_-_Cur_An_Long_Ag_Seol,bitcrush_l2,bitcrush,2,11.351807491401793,9.414277652680394
spleeter,Enda_Reilly_-_Cur_An_Long_Ag_Seol,bitcrush_l2,bitcrush,2,7.954742931124108,7.485996890825763
demucs,Enda_Reilly_-_Cur_An_Long_Ag_Seol,bitcrush_l3,bitcrush,3,11.266914761223754,9.391252117915366
spleeter,Enda_Reilly_-_Cur_An_Long_Ag_Seol,bitcrush_l3,bitcrush,3,7.978290396966243,7.522166818239871
demucs,Enda_Reilly_-_Cur_An_Long_Ag_Seol,bitcrush_l4,bitcrush,4,10.686639916044214,9.206736628017318
spleeter,Enda_Reilly_-_Cur_An_Long_Ag_Seol,bitcrush_l4,bitcrush,4,7.730982402945388,7.43212829436283
demucs,Enda_Reilly_-_Cur_An_Long_Ag_Seol,compression_l1,compression,1,11.425991299229484,11.44391692009975
spleeter,Enda_Reilly_-_Cur_An_Long_Ag_Seol,compression_l1,compression,1,7.950981324679923,8.37467303259318
demucs,Enda_Reilly_-_Cur_An_Long_Ag_Seol,compression_l2,compression,2,10.954174434862868,8.857114956727699
spleeter,Enda_Reilly_-_Cur_An_Long_Ag_Seol,compression_l2,compression,2,7.670372990490036,7.256717787804808
demucs,Enda_Reilly_-_Cur_An_Long_Ag_Seol,compression_l3,compression,3,10.42614870690947,6.662806812638352
spleeter,Enda_Reilly_-_Cur_An_Long_Ag_Seol,compression_l3,compression,3,7.03759307272963,5.729903456314239
demucs,Enda_Reilly_-_Cur_An_Long_Ag_Seol,compression_l4,compression,4,10.360277155585653,6.24150282826588
spleeter,Enda_Reilly_-_Cur_An_Long_Ag_Seol,compression_l4,compression,4,6.582035070512115,5.200931287201592
demucs,Enda_Reilly_-_Cur_An_Long_Ag_Seol,delay_l1,delay,1,10.562273452511867,7.063386424394446
spleeter,Enda_Reilly_-_Cur_An_Long_Ag_Seol,delay_l1,delay,1,8.07617026714163,5.674916742774096
demucs,Enda_Reilly_-_Cur_An_Long_Ag_Seol,delay_l2,delay,2,8.956971696814076,5.346534532411865
spleeter,Enda_Reilly_-_Cur_An_Long_Ag_Seol,delay_l2,delay,2,6.793154062199166,4.286247437749554
demucs,Enda_Reilly_-_Cur_An_Long_Ag_Seol,delay_l3,delay,3,7.918977836220018,4.238674286155518
spleeter,Enda_Reilly_-_Cur_An_Long_Ag_Seol,delay_l3,delay,3,5.754375347780437,3.508857272546101
demucs,Enda_Reilly_-_Cur_An_Long_Ag_Seol,delay_l4,delay,4,7.398698057640047,3.667927484281601
spleeter,Enda_Reilly_-_Cur_An_Long_Ag_Seol,delay_l4,delay,4,4.967689471241545,3.0305553092250315
demucs,Enda_Reilly_-_Cur_An_Long_Ag_Seol,original,original,0,11.491543818286145,11.491543818286145
spleeter,Enda_Reilly_-_Cur_An_Long_Ag_Seol,original,original,0,8.3357221667873,8.3357221667873
demucs,Enda_Reilly_-_Cur_An_Long_Ag_Seol,reverb_l1,reverb,1,10.140557780166368,8.13620145394623
spleeter,Enda_Reilly_-_Cur_An_Long_Ag_Seol,reverb_l1,reverb,1,7.4293588389409,6.392856258445128
demucs,Enda_Reilly_-_Cur_An_Long_Ag_Seol,reverb_l2,reverb,2,6.5829242989192345,1.3639669638574778
spleeter,Enda_Reilly_-_Cur_An_Long_Ag_Seol,reverb_l2,reverb,2,3.9064745550945865,1.3634684711224438
demucs,Enda_Reilly_-_Cur_An_Long_Ag_Seol,reverb_l3,reverb,3,4.599610127580427,-1.0417194410719426
spleeter,Enda_Reilly_-_Cur_An_Long_Ag_Seol,reverb_l3,reverb,3,2.9260646887914294,-0.9383562357735242
demucs,Enda_Reilly_-_Cur_An_Long_Ag_Seol,reverb_l4,reverb,4,4.194723476229598,-1.7264800211778866
spleeter,Enda_Reilly_-_Cur_An_Long_Ag_Seol,reverb_l4,reverb,4,2.866872707355281,-1.6112135846227804
demucs,Hollow_Ground_-_Ill_Fate,bitcrush_l1,bitcrush,1,7.738635187556703,6.030079614519487
spleeter,Hollow_Ground_-_Ill_Fate,bitcrush_l1,bitcrush,1,6.0131073515987445,5.180225146566636
demucs,Hollow_Ground_-_Ill_Fate,bitcrush_l2,bitcrush,2,7.759674589585001,6.041340340214187
spleeter,Hollow_Ground_-_Ill_Fate,bitcrush_l2,bitcrush,2,6.011913802999954,5.179730270293237
demucs,Hollow_Ground_-_Ill_Fate,bitcrush_l3,bitcrush,3,7.727877320129275,6.031857553759381
spleeter,Hollow_Ground_-_Ill_Fate,bitcrush_l3,bitcrush,3,5.994335984243902,5.175460457863137
demucs,Hollow_Ground_-_Ill_Fate,bitcrush_l4,bitcrush,4,7.5217983198374565,5.920383222492251
spleeter,Hollow_Ground_-_Ill_Fate,bitcrush_l4,bitcrush,4,5.780010865870519,5.090242459274968
demucs,Hollow_Ground_-_Ill_Fate,compression_l1,compression,1,7.679424334679842,7.759824240860079
spleeter,Hollow_Ground_-_Ill_Fate,compression_l1,compression,1,6.193251552193956,6.300398552999688
demucs,Hollow_Ground_-_Ill_Fate,compression_l2,compression,2,7.548859927503456,7.2299011702616225
spleeter,Hollow_Ground_-_Ill_Fate,compression_l2,compression,2,6.0425115376065435,5.944277684580514
demucs,Hollow_Ground_-_Ill_Fate,compression_l3,compression,3,7.55031125172226,6.1964463223113855
spleeter,Hollow_Ground_-_Ill_Fate,compression_l3,compression,3,5.963970394007373,5.142966099184236
demucs,Hollow_Ground_-_Ill_Fate,compression_l4,compression,4,7.656388269395795,5.575857202586794
spleeter,Hollow_Ground_-_Ill_Fate,compression_l4,compression,4,6.031057924505406,4.635981432041479
demucs,Hollow_Ground_-_Ill_Fate,delay_l1,delay,1,7.309160606243562,5.677219559565122
spleeter,Hollow_Ground_-_Ill_Fate,delay_l1,delay,1,5.695915096359885,4.598796257002491
demucs,Hollow_Ground_-_Ill_Fate,delay_l2,delay,2,6.788553149093803,4.547570141417377
spleeter,Hollow_Ground_-_Ill_Fate,delay_l2,delay,2,4.692494474437835,3.6529871704446935
demucs,Hollow_Ground_-_Ill_Fate,delay_l3,delay,3,6.382271807003866,3.803299237169333
spleeter,Hollow_Ground_-_Ill_Fate,delay_l3,delay,3,3.8339819671222486,3.0995364984520273
demucs,Hollow_Ground_-_Ill_Fate,delay_l4,delay,4,6.01181559300763,3.3264592448193793
spleeter,Hollow_Ground_-_Ill_Fate,delay_l4,delay,4,2.999576287063636,2.5856009591190823
demucs,Hollow_Ground_-_Ill_Fate,original,original,0,7.774424106682244,7.774337172414665
spleeter,Hollow_Ground_-_Ill_Fate,original,original,0,6.277023318319593,6.276970331111931
demucs,Hollow_Ground_-_Ill_Fate,reverb_l1,reverb,1,7.43366521171952,6.639627401293079
spleeter,Hollow_Ground_-_Ill_Fate,reverb_l1,reverb,1,5.87903601793506,5.3507703741747195
demucs,Hollow_Ground_-_Ill_Fate,reverb_l2,reverb,2,6.50412221610568,1.5796445099052616
spleeter,Hollow_Ground_-_Ill_Fate,reverb_l2,reverb,2,3.362597950595631,1.3465946567135387
demucs,Hollow_Ground_-_Ill_Fate,reverb_l3,reverb,3,6.4442901915142805,-1.3346472510834142
spleeter,Hollow_Ground_-_Ill_Fate,reverb_l3,reverb,3,2.702863658651352,-0.4993859687329868
demucs,Hollow_Ground_-_Ill_Fate,reverb_l4,reverb,4,6.437751201278539,-2.1269461063011543
spleeter,Hollow_Ground_-_Ill_Fate,reverb_l4,reverb,4,2.8138413188840437,-1.0590162667614347
demucs,Forkupines_-_Semantics,bitcrush_l1,bitcrush,1,8.174999031165243,5.190270673640152
spleeter,Forkupines_-_Semantics,bitcrush_l1,bitcrush,1,6.256641257998109,4.975975359109225
demucs,Forkupines_-_Semantics,bitcrush_l2,bitcrush,2,8.17280648454718,5.191204116966795
spleeter,Forkupines_-_Semantics,bitcrush_l2,bitcrush,2,6.255770673185806,4.975861355438834
demucs,Forkupines_-_Semantics,bitcrush_l3,bitcrush,3,8.149413312740402,5.184770883698371
spleeter,Forkupines_-_Semantics,bitcrush_l3,bitcrush,3,6.247154521756824,4.971402811185501
demucs,Forkupines_-_Semantics,bitcrush_l4,bitcrush,4,8.013662226318697,5.165023949854394
spleeter,Forkupines_-_Semantics,bitcrush_l4,bitcrush,4,6.113533425319054,4.908747912096648
demucs,Forkupines_-_Semantics,compression_l1,compression,1,8.347685557233959,8.351348268787085
spleeter,Forkupines_-_Semantics,compression_l1,compression,1,6.913810505102492,6.992480769684159
demucs,Forkupines_-_Semantics,compression_l2,compression,2,8.190522208770762,7.293693276970523
spleeter,Forkupines_-_Semantics,compression_l2,compression,2,6.646443215504471,6.194342512656866
demucs,Forkupines_-_Semantics,compression_l3,compression,3,8.11572115822002,6.179849043268142
spleeter,Forkupines_-_Semantics,compression_l3,compression,3,6.460931627935263,5.299622733724052
demucs,Forkupines_-_Semantics,compression_l4,compression,4,8.240645066952283,5.104307288687179
spleeter,Forkupines_-_Semantics,compression_l4,compression,4,6.033854302839244,4.008029331718632
demucs,Forkupines_-_Semantics,delay_l1,delay,1,7.999162317667453,5.948437788620068
spleeter,Forkupines_-_Semantics,delay_l1,delay,1,6.706908712266186,5.053919948179297
demucs,Forkupines_-_Semantics,delay_l2,delay,2,7.446638439453881,4.701605910328805
spleeter,Forkupines_-_Semantics,delay_l2,delay,2,6.182724360895224,4.0726729353719655
demucs,Forkupines_-_Semantics,delay_l3,delay,3,6.702229716434381,3.9455845817156234
spleeter,Forkupines_-_Semantics,delay_l3,delay,3,5.348298476271003,3.5609491170638647
demucs,Forkupines_-_Semantics,delay_l4,delay,4,6.318522447807553,3.2824988522084904
spleeter,Forkupines_-_Semantics,delay_l4,delay,4,4.644489538036748,3.124351685146795
demucs,Forkupines_-_Semantics,original,original,0,8.478746800063725,8.478746800063725
spleeter,Forkupines_-_Semantics,original,original,0,7.066038491792696,7.066038491792696
demucs,Forkupines_-_Semantics,reverb_l1,reverb,1,8.25307518364243,7.446961684437471
spleeter,Forkupines_-_Semantics,reverb_l1,reverb,1,6.832950906344577,6.2226657200434214
demucs,Forkupines_-_Semantics,reverb_l2,reverb,2,7.340224338697736,2.2978656454568007
spleeter,Forkupines_-_Semantics,reverb_l2,reverb,2,6.01815680262343,1.9336310451113328
demucs,Forkupines_-_Semantics,reverb_l3,reverb,3,6.902751013125191,-1.268890601024404
spleeter,Forkupines_-_Semantics,reverb_l3,reverb,3,5.622206449134338,-1.190967573128629
demucs,Forkupines_-_Semantics,reverb_l4,reverb,4,6.900949330717152,-2.2949463708680353
spleeter,Forkupines_-_Semantics,reverb_l4,reverb,4,5.653853143231898,-2.1305051268873108
demucs,James_Elder_&_Mark_M_Thompson_-_The_English_Actor,bitcrush_l1,bitcrush,1,7.581702187102108,6.297820124983614
spleeter,James_Elder_&_Mark_M_Thompson_-_The_English_Actor,bitcrush_l1,bitcrush,1,6.3033736460401695,5.777105390662793
demucs,James_Elder_&_Mark_M_Thompson_-_The_English_Actor,bitcrush_l2,bitcrush,2,7.527272450301469,6.258702945802414
spleeter,James_Elder_&_Mark_M_Thompson_-_The_English_Actor,bitcrush_l2,bitcrush,2,6.304368835223286,5.77841974875179
demucs,James_Elder_&_Mark_M_Thompson_-_The_English_Actor,bitcrush_l3,bitcrush,3,7.5132742986219725,6.262139672966142
spleeter,James_Elder_&_Mark_M_Thompson_-_The_English_Actor,bitcrush_l3,bitcrush,3,6.338892717590776,5.8161177136036475
demucs,James_Elder_&_Mark_M_Thompson_-_The_English_Actor,bitcrush_l4,bitcrush,4,7.32581183580324,6.262101858562101
spleeter,James_Elder_&_Mark_M_Thompson_-_The_English_Actor,bitcrush_l4,bitcrush,4,6.254174430729359,5.854312680255445
demucs,James_Elder_&_Mark_M_Thompson_-_The_English_Actor,compression_l1,compression,1,7.16374869556781,7.851135660066361
spleeter,James_Elder_&_Mark_M_Thompson_-_The_English_Actor,compression_l1,compression,1,5.865412598442834,6.692716122340735
demucs,James_Elder_&_Mark_M_Thompson_-_The_English_Actor,compression_l2,compression,2,5.880035951922526,6.3100770274091635
spleeter,James_Elder_&_Mark_M_Thompson_-_The_English_Actor,compression_l2,compression,2,4.376518440736856,5.522343120628358
demucs,James_Elder_&_Mark_M_Thompson_-_The_English_Actor,compression_l3,compression,3,5.298814686066993,5.052903463262828
spleeter,James_Elder_&_Mark_M_Thompson_-_The_English_Actor,compression_l3,compression,3,3.6925218270274307,4.501500522480775
demucs,James_Elder_&_Mark_M_Thompson_-_The_English_Actor,compression_l4,compression,4,5.3835994226884125,4.5822980864391845
spleeter,James_Elder_&_Mark_M_Thompson_-_The_English_Actor,compression_l4,compression,4,3.587026031784022,4.13984397161487
demucs,James_Elder_&_Mark_M_Thompson_-_The_English_Actor,delay_l1,delay,1,7.826992189171977,5.635698252716788
spleeter,James_Elder_&_Mark_M_Thompson_-_The_English_Actor,delay_l1,delay,1,6.780091253697829,4.948280099697304
demucs,James_Elder_&_Mark_M_Thompson_-_The_English_Actor,delay_l2,delay,2,6.694532312355406,4.4271692110203595
spleeter,James_Elder_&_Mark_M_Thompson_-_The_English_Actor,delay_l2,delay,2,5.913483664425857,3.9589653606509345
demucs,James_Elder_&_Mark_M_Thompson_-_The_English_Actor,delay_l3,delay,3,6.304342066451821,3.635516874721869
spleeter,James_Elder_&_Mark_M_Thompson_-_The_English_Actor,delay_l3,delay,3,5.518121017802424,3.327955385773848
demucs,James_Elder_&_Mark_M_Thompson_-_The_English_Actor,delay_l4,delay,4,5.986124240736262,3.1272626372684993
spleeter,James_Elder_&_Mark_M_Thompson_-_The_English_Actor,delay_l4,delay,4,5.343544958867427,2.899791550032436
demucs,James_Elder_&_Mark_M_Thompson_-_The_English_Actor,original,original,0,7.861142032736508,7.861142032736508
spleeter,James_Elder_&_Mark_M_Thompson_-_The_English_Actor,original,original,0,6.676084477878005,6.676084477878005
demucs,James_Elder_&_Mark_M_Thompson_-_The_English_Actor,reverb_l1,reverb,1,7.252093083559044,6.793391184528218
spleeter,James_Elder_&_Mark_M_Thompson_-_The_English_Actor,reverb_l1,reverb,1,6.2755331803596786,5.785067485316802
demucs,James_Elder_&_Mark_M_Thompson_-_The_English_Actor,reverb_l2,reverb,2,6.215512418703465,1.6369396030018823
spleeter,James_Elder_&_Mark_M_Thompson_-_The_English_Actor,reverb_l2,reverb,2,5.4752541673124675,1.3323009723104406
demucs,James_Elder_&_Mark_M_Thompson_-_The_English_Actor,reverb_l3,reverb,3,6.175751966548764,-1.4357591437471733
spleeter,James_Elder_&_Mark_M_Thompson_-_The_English_Actor,reverb_l3,reverb,3,5.682547874399146,-1.5239467628241157
demucs,James_Elder_&_Mark_M_Thompson_-_The_English_Actor,reverb_l4,reverb,4,6.0634345518394746,-2.2504507686068806
spleeter,James_Elder_&_Mark_M_Thompson_-_The_English_Actor,reverb_l4,reverb,4,5.968974292068471,-2.377836595050013
demucs,Girls_Under_Glass_-_We_Feel_Alright,bitcrush_l1,bitcrush,1,6.4090934604341,4.255916186183878
spleeter,Girls_Under_Glass_-_We_Feel_Alright,bitcrush_l1,bitcrush,1,4.83948019110595,3.738631795643039
demucs,Girls_Under_Glass_-_We_Feel_Alright,bitcrush_l2,bitcrush,2,6.406330621188245,4.256077578952271
spleeter,Girls_Under_Glass_-_We_Feel_Alright,bitcrush_l2,bitcrush,2,4.83931119937985,3.738873321704511
demucs,Girls_Under_Glass_-_We_Feel_Alright,bitcrush_l3,bitcrush,3,6.398224175714832,4.2558156932236235
spleeter,Girls_Under_Glass_-_We_Feel_Alright,bitcrush_l3,bitcrush,3,4.834994070963889,3.7387933804478175
demucs,Girls_Under_Glass_-_We_Feel_Alright,bitcrush_l4,bitcrush,4,6.222167599404276,4.270935727942944
spleeter,Girls_Under_Glass_-_We_Feel_Alright,bitcrush_l4,bitcrush,4,4.705137077447558,3.691062734960329
demucs,Girls_Under_Glass_-_We_Feel_Alright,compression_l1,compression,1,6.264393973425709,6.325430416554298
spleeter,Girls_Under_Glass_-_We_Feel_Alright,compression_l1,compression,1,5.015011796310186,5.145599267079392
demucs,Girls_Under_Glass_-_We_Feel_Alright,compression_l2,compression,2,6.099309826765522,5.697733957993547
spleeter,Girls_Under_Glass_-_We_Feel_Alright,compression_l2,compression,2,4.7638537044619955,4.718808881481269
demucs,Girls_Under_Glass_-_We_Feel_Alright,compression_l3,compression,3,6.066527247414192,5.013042820608149
spleeter,Girls_Under_Glass_-_We_Feel_Alright,compression_l3,compression,3,4.666021702873789,4.194230465744399
demucs,Girls_Under_Glass_-_We_Feel_Alright,compression_l4,compression,4,6.240888989365585,4.221030853209923
spleeter,Girls_Under_Glass_-_We_Feel_Alright,compression_l4,compression,4,4.650344126297932,3.489992145233729
demucs,Girls_Under_Glass_-_We_Feel_Alright,delay_l1,delay,1,6.006792322833086,4.858527109026076
spleeter,Girls_Under_Glass_-_We_Feel_Alright,delay_l1,delay,1,4.80573332269265,3.886183364091766
demucs,Girls_Under_Glass_-_We_Feel_Alright,delay_l2,delay,2,5.446795989762543,3.956369459078881
spleeter,Girls_Under_Glass_-_We_Feel_Alright,delay_l2,delay,2,4.39581709233202,3.2582185937068866
demucs,Girls_Under_Glass_-_We_Feel_Alright,delay_l3,delay,3,5.01842318984332,3.3515929598473915
spleeter,Girls_Under_Glass_-_We_Feel_Alright,delay_l3,delay,3,3.8863111803263664,2.838356490060608
demucs,Girls_Under_Glass_-_We_Feel_Alright,delay_l4,delay,4,4.6493184482682235,2.963156983708952
spleeter,Girls_Under_Glass_-_We_Feel_Alright,delay_l4,delay,4,3.469480811714794,2.648062556625515
demucs,Girls_Under_Glass_-_We_Feel_Alright,original,original,0,6.401554785450139,6.401292023133878
spleeter,Girls_Under_Glass_-_We_Feel_Alright,original,original,0,5.164406146034656,5.16434071450043
demucs,Girls_Under_Glass_-_We_Feel_Alright,reverb_l1,reverb,1,4.596254506517945,4.892726892853966
spleeter,Girls_Under_Glass_-_We_Feel_Alright,reverb_l1,reverb,1,3.1822407642002264,4.197875272500241
demucs,Girls_Under_Glass_-_We_Feel_Alright,reverb_l2,reverb,2,1.1999139787121476,1.1846407736139308
spleeter,Girls_Under_Glass_-_We_Feel_Alright,reverb_l2,reverb,2,0.5513107104430797,0.7864607764889135
demucs,Girls_Under_Glass_-_We_Feel_Alright,reverb_l3,reverb,3,0.5654005373859424,-0.0334647453391108
spleeter,Girls_Under_Glass_-_We_Feel_Alright,reverb_l3,reverb,3,0.21528284165286843,-0.05018718759052561
demucs,Girls_Under_Glass_-_We_Feel_Alright,reverb_l4,reverb,4,0.484066577018073,-0.2715882262102395
spleeter,Girls_Under_Glass_-_We_Feel_Alright,reverb_l4,reverb,4,0.20131695339706854,-0.18523374316503718
demucs,Juliet's_Rescue_-_Heartbeats,bitcrush_l1,bitcrush,1,9.528691845041104,5.9613736646911
spleeter,Juliet's_Rescue_-_Heartbeats,bitcrush_l1,bitcrush,1,7.552258516168001,5.859370840724132
demucs,Juliet's_Rescue_-_Heartbeats,bitcrush_l2,bitcrush,2,9.522570105489098,5.962981914785249
spleeter,Juliet's_Rescue_-_Heartbeats,bitcrush_l2,bitcrush,2,7.550856459572239,5.859101656195036
demucs,Juliet's_Rescue_-_Heartbeats,bitcrush_l3,bitcrush,3,9.51140539810554,5.962167625149371
spleeter,Juliet's_Rescue_-_Heartbeats,bitcrush_l3,bitcrush,3,7.537323348377893,5.8579243402075685
demucs,Juliet's_Rescue_-_Heartbeats,bitcrush_l4,bitcrush,4,9.215480035437544,5.906222721697071
spleeter,Juliet's_Rescue_-_Heartbeats,bitcrush_l4,bitcrush,4,7.33140774104328,5.796725250264663
demucs,Juliet's_Rescue_-_Heartbeats,compression_l1,compression,1,9.700554394716466,9.827235117026495
spleeter,Juliet's_Rescue_-_Heartbeats,compression_l1,compression,1,8.287017579698622,8.47810490831536
demucs,Juliet's_Rescue_-_Heartbeats,compression_l2,compression,2,9.264861117842893,8.090948393658113
spleeter,Juliet's_Rescue_-_Heartbeats,compression_l2,compression,2,7.781930072033701,7.15042558347808
demucs,Juliet's_Rescue_-_Heartbeats,compression_l3,compression,3,9.14509631694713,6.82437076576667
spleeter,Juliet's_Rescue_-_Heartbeats,compression_l3,compression,3,7.684320115775415,6.059681436002071
demucs,Juliet's_Rescue_-_Heartbeats,compression_l4,compression,4,9.32705973009325,6.525173488783852
spleeter,Juliet's_Rescue_-_Heartbeats,compression_l4,compression,4,7.910915832458673,5.7601221482595015
demucs,Juliet's_Rescue_-_Heartbeats,delay_l1,delay,1,9.35616879265723,6.518042416132424
spleeter,Juliet's_Rescue_-_Heartbeats,delay_l1,delay,1,8.12853132594077,5.807680157022851
demucs,Juliet's_Rescue_-_Heartbeats,delay_l2,delay,2,8.564912762284075,5.109195432124592
spleeter,Juliet's_Rescue_-_Heartbeats,delay_l2,delay,2,7.508818632060187,4.499434315028548
demucs,Juliet's_Rescue_-_Heartbeats,delay_l3,delay,3,8.001450721989903,4.204309620623558
spleeter,Juliet's_Rescue_-_Heartbeats,delay_l3,delay,3,6.9337309155631575,3.7430956944611937
demucs,Juliet's_Rescue_-_Heartbeats,delay_l4,delay,4,7.538359414113092,3.5038412270545605
spleeter,Juliet's_Rescue_-_Heartbeats,delay_l4,delay,4,6.350974737763332,3.2834490488726003
demucs,Juliet's_Rescue_-_Heartbeats,original,original,0,9.979361727309582,9.979395613569224
spleeter,Juliet's_Rescue_-_Heartbeats,original,original,0,8.560764822754939,8.560790140679966
demucs,Juliet's_Rescue_-_Heartbeats,reverb_l1,reverb,1,9.534635621608707,8.362388358199999
spleeter,Juliet's_Rescue_-_Heartbeats,reverb_l1,reverb,1,8.27885751457945,7.173298344591069
demucs,Juliet's_Rescue_-_Heartbeats,reverb_l2,reverb,2,8.454375069776036,2.093047023591917
spleeter,Juliet's_Rescue_-_Heartbeats,reverb_l2,reverb,2,7.47048272769638,1.6930368149132926
demucs,Juliet's_Rescue_-_Heartbeats,reverb_l3,reverb,3,8.51991455295775,-1.4467618093411403
spleeter,Juliet's_Rescue_-_Heartbeats,reverb_l3,reverb,3,7.295156822435709,-1.5165237980943482
demucs,Juliet's_Rescue_-_Heartbeats,reverb_l4,reverb,4,8.598768948741096,-2.390356958835994
spleeter,Juliet's_Rescue_-_Heartbeats,reverb_l4,reverb,4,7.3123523110225985,-2.39902353115112
demucs,Georgia_Wonder_-_Siren,bitcrush_l1,bitcrush,1,5.602313388148739,4.631713941087584
spleeter,Georgia_Wonder_-_Siren,bitcrush_l1,bitcrush,1,4.894652288665387,4.304220458996873
demucs,Georgia_Wonder_-_Siren,bitcrush_l2,bitcrush,2,5.606534823100433,4.639045533757282
spleeter,Georgia_Wonder_-_Siren,bitcrush_l2,bitcrush,2,4.893584000194249,4.303723908776285
demucs,Georgia_Wonder_-_Siren,bitcrush_l3,bitcrush,3,5.532210845783176,4.585516785339681
spleeter,Georgia_Wonder_-_Siren,bitcrush_l3,bitcrush,3,4.883531567796026,4.29898827565793
demucs,Georgia_Wonder_-_Siren,bitcrush_l4,bitcrush,4,5.255222710429105,4.416153257357884
spleeter,Georgia_Wonder_-_Siren,bitcrush_l4,bitcrush,4,4.7737088154476846,4.2581556450391
demucs,Georgia_Wonder_-_Siren,compression_l1,compression,1,6.01044114490671,6.050123605568082
spleeter,Georgia_Wonder_-_Siren,compression_l1,compression,1,4.957732174068044,5.048032651737967
demucs,Georgia_Wonder_-_Siren,compression_l2,compression,2,5.773080583824174,5.595553179401293
spleeter,Georgia_Wonder_-_Siren,compression_l2,compression,2,4.690536705983678,4.767553534717743
demucs,Georgia_Wonder_-_Siren,compression_l3,compression,3,5.650745395122842,5.047921761882513
spleeter,Georgia_Wonder_-_Siren,compression_l3,compression,3,4.471412700636396,4.401816125323182
demucs,Georgia_Wonder_-_Siren,compression_l4,compression,4,5.74186236098405,4.721907497756984
spleeter,Georgia_Wonder_-_Siren,compression_l4,compression,4,4.405426010582079,4.182423988270548
demucs,Georgia_Wonder_-_Siren,delay_l1,delay,1,5.920826177550999,4.5922446912315396
spleeter,Georgia_Wonder_-_Siren,delay_l1,delay,1,4.92113603905035,3.756667189925229
demucs,Georgia_Wonder_-_Siren,delay_l2,delay,2,5.395148797933109,3.5791510194782266
spleeter,Georgia_Wonder_-_Siren,delay_l2,delay,2,4.667294529544404,2.9782012193538225
demucs,Georgia_Wonder_-_Siren,delay_l3,delay,3,5.154289964334717,3.0396339382810473
spleeter,Georgia_Wonder_-_Siren,delay_l3,delay,3,4.398671760809615,2.504453017286286
demucs,Georgia_Wonder_-_Siren,delay_l4,delay,4,5.024159577478731,2.7536184362396368
spleeter,Georgia_Wonder_-_Siren,delay_l4,delay,4,4.136386008960208,2.2279673980769
demucs,Georgia_Wonder_-_Siren,original,original,0,5.9784363990885945,5.9784363990885945
spleeter,Georgia_Wonder_-_Siren,original,original,0,5.099606250017754,5.099606250017754
demucs,Georgia_Wonder_-_Siren,reverb_l1,reverb,1,5.983361603096125,5.3523070674304165
spleeter,Georgia_Wonder_-_Siren,reverb_l1,reverb,1,5.041302606444128,4.443934220314477
demucs,Georgia_Wonder_-_Siren,reverb_l2,reverb,2,5.213783656492581,1.6754499404654064
spleeter,Georgia_Wonder_-_Siren,reverb_l2,reverb,2,4.6753509713229136,1.1300749435074526
demucs,Georgia_Wonder_-_Siren,reverb_l3,reverb,3,4.471604469437988,-0.8894653744448191
spleeter,Georgia_Wonder_-_Siren,reverb_l3,reverb,3,4.398357008530199,-1.3115582343019518
demucs,Georgia_Wonder_-_Siren,reverb_l4,reverb,4,3.794967411006977,-1.558874939385676
spleeter,Georgia_Wonder_-_Siren,reverb_l4,reverb,4,4.338347387824357,-2.092170013904579
demucs,Little_Chicago's_Finest_-_My_Own,bitcrush_l1,bitcrush,1,12.01637695547106,8.099311396421744
spleeter,Little_Chicago's_Finest_-_My_Own,bitcrush_l1,bitcrush,1,8.703866291893025,6.659950589441586
demucs,Little_Chicago's_Finest_-_My_Own,bitcrush_l2,bitcrush,2,12.062057332416378,8.088988505512852
spleeter,Little_Chicago's_Finest_-_My_Own,bitcrush_l2,bitcrush,2,8.701898221210865,6.65818375714346
demucs,Little_Chicago's_Finest_-_My_Own,bitcrush_l3,bitcrush,3,11.974613594727792,8.057636781523353
spleeter,Little_Chicago's_Finest_-_My_Own,bitcrush_l3,bitcrush,3,8.609713396043695,6.610860609177578
demucs,Little_Chicago's_Finest_-_My_Own,bitcrush_l4,bitcrush,4,10.695998672396952,7.6827249581253465
spleeter,Little_Chicago's_Finest_-_My_Own,bitcrush_l4,bitcrush,4,8.052119686716008,6.514249408420783
demucs,Little_Chicago's_Finest_-_My_Own,compression_l1,compression,1,13.197063760658335,12.819743934220822
spleeter,Little_Chicago's_Finest_-_My_Own,compression_l1,compression,1,9.006279748097757,8.907992829762666
demucs,Little_Chicago's_Finest_-_My_Own,compression_l2,compression,2,13.004979295951651,9.84810968026172
spleeter,Little_Chicago's_Finest_-_My_Own,compression_l2,compression,2,8.551019878807507,7.289780641092643
demucs,Little_Chicago's_Finest_-_My_Own,compression_l3,compression,3,12.954403088092803,8.206990680956313
spleeter,Little_Chicago's_Finest_-_My_Own,compression_l3,compression,3,8.374250805129407,6.238219377130651
demucs,Little_Chicago's_Finest_-_My_Own,compression_l4,compression,4,13.007352721840917,8.04184781425335
spleeter,Little_Chicago's_Finest_-_My_Own,compression_l4,compression,4,8.610234127027878,6.193656175768332
demucs,Little_Chicago's_Finest_-_My_Own,delay_l1,delay,1,12.714052918464189,7.6905693245676705
spleeter,Little_Chicago's_Finest_-_My_Own,delay_l1,delay,1,9.154010922032272,6.186611170144365
demucs,Little_Chicago's_Finest_-_My_Own,delay_l2,delay,2,11.568538592628517,5.776277674751031
spleeter,Little_Chicago's_Finest_-_My_Own,delay_l2,delay,2,8.82952188627009,4.783227432358368
demucs,Little_Chicago's_Finest_-_My_Own,delay_l3,delay,3,10.657190107841572,4.591402222062572
spleeter,Little_Chicago's_Finest_-_My_Own,delay_l3,delay,3,8.342258682561852,3.85352047626843
demucs,Little_Chicago's_Finest_-_My_Own,delay_l4,delay,4,9.840485262475259,3.868303870690306
spleeter,Little_Chicago's_Finest_-_My_Own,delay_l4,delay,4,7.769259805725463,3.181428645072865
demucs,Little_Chicago's_Finest_-_My_Own,original,original,0,13.299914275034162,13.299914275034162
spleeter,Little_Chicago's_Finest_-_My_Own,original,original,0,9.177247927548356,9.177247927548356
demucs,Little_Chicago's_Finest_-_My_Own,reverb_l1,reverb,1,10.140495709374555,8.498754153968708
spleeter,Little_Chicago's_Finest_-_My_Own,reverb_l1,reverb,1,8.724409371882361,5.60708246159755
demucs,Little_Chicago's_Finest_-_My_Own,reverb_l2,reverb,2,5.44921340713222,1.2696206558641452
spleeter,Little_Chicago's_Finest_-_My_Own,reverb_l2,reverb,2,7.059712746301026,-0.2276191035018822
demucs,Little_Chicago's_Finest_-_My_Own,reverb_l3,reverb,3,5.296899767342347,-1.2059589960050214
spleeter,Little_Chicago's_Finest_-_My_Own,reverb_l3,reverb,3,6.048491130731874,-2.0327731581753774
demucs,Little_Chicago's_Finest_-_My_Own,reverb_l4,reverb,4,5.149745906018721,-1.780369194037511
spleeter,Little_Chicago's_Finest_-_My_Own,reverb_l4,reverb,4,5.999649619320394,-2.497975804400851
demucs,Lyndsey_Ollard_-_Catching_Up,bitcrush_l1,bitcrush,1,10.467844791779834,5.81882758583101
spleeter,Lyndsey_Ollard_-_Catching_Up,bitcrush_l1,bitcrush,1,10.26784100551729,6.944245300604434
demucs,Lyndsey_Ollard_-_Catching_Up,bitcrush_l2,bitcrush,2,10.388539602171756,5.798151822354228
spleeter,Lyndsey_Ollard_-_Catching_Up,bitcrush_l2,bitcrush,2,10.269519641428603,6.9462020021734086
demucs,Lyndsey_Ollard_-_Catching_Up,bitcrush_l3,bitcrush,3,10.422769785636492,5.812073534081219
spleeter,Lyndsey_Ollard_-_Catching_Up,bitcrush_l3,bitcrush,3,10.257905212086397,6.9581747797464395
demucs,Lyndsey_Ollard_-_Catching_Up,bitcrush_l4,bitcrush,4,10.474065207617663,5.851889794712372
spleeter,Lyndsey_Ollard_-_Catching_Up,bitcrush_l4,bitcrush,4,10.000121144974353,6.823036007531287
demucs,Lyndsey_Ollard_-_Catching_Up,compression_l1,compression,1,11.799850062000552,11.1865151585794
spleeter,Lyndsey_Ollard_-_Catching_Up,compression_l1,compression,1,12.14037267920466,11.434363786203772
demucs,Lyndsey_Ollard_-_Catching_Up,compression_l2,compression,2,12.034035938439306,6.9367853287802
spleeter,Lyndsey_Ollard_-_Catching_Up,compression_l2,compression,2,11.845212330843985,6.96150073680895
demucs,Lyndsey_Ollard_-_Catching_Up,compression_l3,compression,3,12.282429297363313,4.7114345710165795
spleeter,Lyndsey_Ollard_-_Catching_Up,compression_l3,compression,3,11.264871399696501,4.6013391165252395
demucs,Lyndsey_Ollard_-_Catching_Up,compression_l4,compression,4,12.206691255198482,3.887116328973373
spleeter,Lyndsey_Ollard_-_Catching_Up,compression_l4,compression,4,10.936824392215133,3.855316649774962
demucs,Lyndsey_Ollard_-_Catching_Up,delay_l1,delay,1,10.46816255061616,6.6798100474506095
spleeter,Lyndsey_Ollard_-_Catching_Up,delay_l1,delay,1,10.93339734200998,6.820575409038158
demucs,Lyndsey_Ollard_-_Catching_Up,delay_l2,delay,2,10.330249743668658,5.1167402292334705
spleeter,Lyndsey_Ollard_-_Catching_Up,delay_l2,delay,2,11.363934761479829,5.238336968131334
demucs,Lyndsey_Ollard_-_Catching_Up,delay_l3,delay,3,10.152057574609234,3.9910499778314916
spleeter,Lyndsey_Ollard_-_Catching_Up,delay_l3,delay,3,10.035961722798987,4.080721853836343
demucs,Lyndsey_Ollard_-_Catching_Up,delay_l4,delay,4,9.610000637169085,3.2883741553379235
spleeter,Lyndsey_Ollard_-_Catching_Up,delay_l4,delay,4,9.216822394552397,3.418310711262031
demucs,Lyndsey_Ollard_-_Catching_Up,original,original,0,11.704086545080942,11.704086545080942
spleeter,Lyndsey_Ollard_-_Catching_Up,original,original,0,12.063755649240065,12.063755649240065
demucs,Lyndsey_Ollard_-_Catching_Up,reverb_l1,reverb,1,10.173099613896317,8.837844565987664
spleeter,Lyndsey_Ollard_-_Catching_Up,reverb_l1,reverb,1,12.495794546013553,9.689404179289797
demucs,Lyndsey_Ollard_-_Catching_Up,reverb_l2,reverb,2,9.183746891670904,2.363315648054612
spleeter,Lyndsey_Ollard_-_Catching_Up,reverb_l2,reverb,2,10.559047133034273,2.3017291343302997
demucs,Lyndsey_Ollard_-_Catching_Up,reverb_l3,reverb,3,9.66876648681658,-1.3459244934987378
spleeter,Lyndsey_Ollard_-_Catching_Up,reverb_l3,reverb,3,8.735190322539134,-1.2919034234588982
demucs,Lyndsey_Ollard_-_Catching_Up,reverb_l4,reverb,4,10.059302748175753,-2.424437270932938
spleeter,Lyndsey_Ollard_-_Catching_Up,reverb_l4,reverb,4,8.427873491045982,-2.3480804214327753
demucs,Louis_Cressy_Band_-_Good_Time,bitcrush_l1,bitcrush,1,9.450710390994674,4.818427547577625
spleeter,Louis_Cressy_Band_-_Good_Time,bitcrush_l1,bitcrush,1,6.677326977637138,4.115862196718904
demucs,Louis_Cressy_Band_-_Good_Time,bitcrush_l2,bitcrush,2,9.505292768819015,4.817221684837624
spleeter,Louis_Cressy_Band_-_Good_Time,bitcrush_l2,bitcrush,2,6.676516203516405,4.115585356670463
demucs,Louis_Cressy_Band_-_Good_Time,bitcrush_l3,bitcrush,3,9.311016041533433,4.827990747942322
spleeter,Louis_Cressy_Band_-_Good_Time,bitcrush_l3,bitcrush,3,6.670158087650577,4.116758719124975
demucs,Louis_Cressy_Band_-_Good_Time,bitcrush_l4,bitcrush,4,9.293242393134774,4.768955838620877
spleeter,Louis_Cressy_Band_-_Good_Time,bitcrush_l4,bitcrush,4,6.545230085494945,4.088897405650434
demucs,Louis_Cressy_Band_-_Good_Time,compression_l1,compression,1,9.63998990563934,9.721392000170951
spleeter,Louis_Cressy_Band_-_Good_Time,compression_l1,compression,1,7.173062404558992,7.415162221227084
demucs,Louis_Cressy_Band_-_Good_Time,compression_l2,compression,2,9.093482346096236,7.950622438578726
spleeter,Louis_Cressy_Band_-_Good_Time,compression_l2,compression,2,6.703817129888443,6.463627344458509
demucs,Louis_Cressy_Band_-_Good_Time,compression_l3,compression,3,9.04503807469242,6.468734166331728
spleeter,Louis_Cressy_Band_-_Good_Time,compression_l3,compression,3,6.390163221616786,5.274221444103083
demucs,Louis_Cressy_Band_-_Good_Time,compression_l4,compression,4,8.928216185018695,5.641287994969671
spleeter,Louis_Cressy_Band_-_Good_Time,compression_l4,compression,4,6.431790725711274,4.602088494590271
demucs,Louis_Cressy_Band_-_Good_Time,delay_l1,delay,1,9.151021648024745,6.5107408418771495
spleeter,Louis_Cressy_Band_-_Good_Time,delay_l1,delay,1,6.975667195006619,5.221136559363309
demucs,Louis_Cressy_Band_-_Good_Time,delay_l2,delay,2,8.610387946284293,4.931522666976781
spleeter,Louis_Cressy_Band_-_Good_Time,delay_l2,delay,2,6.503019038850978,4.112202517310585
demucs,Louis_Cressy_Band_-_Good_Time,delay_l3,delay,3,7.961091738944427,4.05170983675831
spleeter,Louis_Cressy_Band_-_Good_Time,delay_l3,delay,3,5.884566745105819,3.582436713584483
demucs,Louis_Cressy_Band_-_Good_Time,delay_l4,delay,4,7.650570300726562,3.3774447463611383
spleeter,Louis_Cressy_Band_-_Good_Time,delay_l4,delay,4,5.530661754869985,3.0824027899711766
demucs,Louis_Cressy_Band_-_Good_Time,original,original,0,9.85334153013859,9.85334153013859
spleeter,Louis_Cressy_Band_-_Good_Time,original,original,0,7.4312331342823,7.4312331342823
demucs,Louis_Cressy_Band_-_Good_Time,reverb_l1,reverb,1,8.788952908601344,7.8739270925187155
spleeter,Louis_Cressy_Band_-_Good_Time,reverb_l1,reverb,1,6.396418556351234,6.40085197227966
demucs,Louis_Cressy_Band_-_Good_Time,reverb_l2,reverb,2,4.9316093054775445,2.2637559730583776
spleeter,Louis_Cressy_Band_-_Good_Time,reverb_l2,reverb,2,2.901658372368845,1.9094850331776323
demucs,Louis_Cressy_Band_-_Good_Time,reverb_l3,reverb,3,3.0007806676085376,-0.5688966132014451
spleeter,Louis_Cressy_Band_-_Good_Time,reverb_l3,reverb,3,1.8966416118455554,-0.5693868818335824
demucs,Louis_Cressy_Band_-_Good_Time,reverb_l4,reverb,4,2.7454264972559583,-1.3757192024157627
spleeter,Louis_Cressy_Band_-_Good_Time,reverb_l4,reverb,4,1.8021367853788122,-1.2368764774284076
demucs,Moosmusic_-_Big_Dummy_Shake,bitcrush_l1,bitcrush,1,10.755294728586497,7.204233859151122
spleeter,Moosmusic_-_Big_Dummy_Shake,bitcrush_l1,bitcrush,1,8.455555962714541,6.835311860334757
demucs,Moosmusic_-_Big_Dummy_Shake,bitcrush_l2,bitcrush,2,10.73730906810275,7.197988649179815
spleeter,Moosmusic_-_Big_Dummy_Shake,bitcrush_l2,bitcrush,2,8.454616393524482,6.834913290117187
demucs,Moosmusic_-_Big_Dummy_Shake,bitcrush_l3,bitcrush,3,10.738047953003882,7.206411209403547
spleeter,Moosmusic_-_Big_Dummy_Shake,bitcrush_l3,bitcrush,3,8.447271156638068,6.838643567964601
demucs,Moosmusic_-_Big_Dummy_Shake,bitcrush_l4,bitcrush,4,10.318782818962745,7.1562170565672165
spleeter,Moosmusic_-_Big_Dummy_Shake,bitcrush_l4,bitcrush,4,8.277302019579398,6.8045700656353105
demucs,Moosmusic_-_Big_Dummy_Shake,compression_l1,compression,1,10.770480366307638,10.855056007511665
spleeter,Moosmusic_-_Big_Dummy_Shake,compression_l1,compression,1,8.905593445472274,9.135478989959578
demucs,Moosmusic_-_Big_Dummy_Shake,compression_l2,compression,2,9.966222909316425,8.145956003113033
spleeter,Moosmusic_-_Big_Dummy_Shake,compression_l2,compression,2,8.040356226026486,7.163962689951312
demucs,Moosmusic_-_Big_Dummy_Shake,compression_l3,compression,3,9.67866185857699,6.263271995646934
spleeter,Moosmusic_-_Big_Dummy_Shake,compression_l3,compression,3,7.605028132114428,5.6477438669784625
demucs,Moosmusic_-_Big_Dummy_Shake,compression_l4,compression,4,9.986334800883863,5.751845543034996
spleeter,Moosmusic_-_Big_Dummy_Shake,compression_l4,compression,4,7.625742456865044,5.224062528923494
demucs,Moosmusic_-_Big_Dummy_Shake,delay_l1,delay,1,10.410128195177082,7.048036141205779
spleeter,Moosmusic_-_Big_Dummy_Shake,delay_l1,delay,1,8.896281939996395,6.129149548665811
demucs,Moosmusic_-_Big_Dummy_Shake,delay_l2,delay,2,9.497906811105398,5.523179695306924
spleeter,Moosmusic_-_Big_Dummy_Shake,delay_l2,delay,2,7.9171112783850885,4.844453409634441
demucs,Moosmusic_-_Big_Dummy_Shake,delay_l3,delay,3,8.951770696262175,4.234882827388989
spleeter,Moosmusic_-_Big_Dummy_Shake,delay_l3,delay,3,7.13874115632671,3.954383192222417
demucs,Moosmusic_-_Big_Dummy_Shake,delay_l4,delay,4,8.473731363865735,3.5140095370566256
spleeter,Moosmusic_-_Big_Dummy_Shake,delay_l4,delay,4,6.500198320523283,3.4195074221366966
demucs,Moosmusic_-_Big_Dummy_Shake,original,original,0,11.201867232708755,11.20190383529309
spleeter,Moosmusic_-_Big_Dummy_Shake,original,original,0,9.307604344244684,9.307672929650245
demucs,Moosmusic_-_Big_Dummy_Shake,reverb_l1,reverb,1,10.49315694044737,9.116600651745538
spleeter,Moosmusic_-_Big_Dummy_Shake,reverb_l1,reverb,1,8.89035937678588,7.577043839298287
demucs,Moosmusic_-_Big_Dummy_Shake,reverb_l2,reverb,2,9.009185817986628,1.5674509137377073
spleeter,Moosmusic_-_Big_Dummy_Shake,reverb_l2,reverb,2,7.637768846412553,1.2850394053951997
demucs,Moosmusic_-_Big_Dummy_Shake,reverb_l3,reverb,3,8.711627416346396,-1.9620152277682368
spleeter,Moosmusic_-_Big_Dummy_Shake,reverb_l3,reverb,3,7.480993433209195,-1.9897668157946822
demucs,Moosmusic_-_Big_Dummy_Shake,reverb_l4,reverb,4,8.77409471434471,-2.861183801008033
spleeter,Moosmusic_-_Big_Dummy_Shake,reverb_l4,reverb,4,7.658702020038856,-2.8547717323998785
demucs,M.E.R.C._Music_-_Knockout,bitcrush_l1,bitcrush,1,10.181372024923567,7.461305765753217
spleeter,M.E.R.C._Music_-_Knockout,bitcrush_l1,bitcrush,1,8.125124273007494,6.775099528255726
demucs,M.E.R.C._Music_-_Knockout,bitcrush_l2,bitcrush,2,10.192774023698611,7.463694444085229
spleeter,M.E.R.C._Music_-_Knockout,bitcrush_l2,bitcrush,2,8.122512427525006,6.774066896219885
demucs,M.E.R.C._Music_-_Knockout,bitcrush_l3,bitcrush,3,10.145521618765773,7.451242416168675
spleeter,M.E.R.C._Music_-_Knockout,bitcrush_l3,bitcrush,3,8.102698229767825,6.764650038850148
demucs,M.E.R.C._Music_-_Knockout,bitcrush_l4,bitcrush,4,9.812971542696031,7.386829381029746
spleeter,M.E.R.C._Music_-_Knockout,bitcrush_l4,bitcrush,4,7.858806634079517,6.650265360971368
demucs,M.E.R.C._Music_-_Knockout,compression_l1,compression,1,10.341230733888665,10.139951514949963
spleeter,M.E.R.C._Music_-_Knockout,compression_l1,compression,1,8.446702919746528,8.394757189706723
demucs,M.E.R.C._Music_-_Knockout,compression_l2,compression,2,10.01309748857218,7.651380436647466
spleeter,M.E.R.C._Music_-_Knockout,compression_l2,compression,2,7.998138730480692,6.562101544621487
demucs,M.E.R.C._Music_-_Knockout,compression_l3,compression,3,10.059543056237771,6.227242615853083
spleeter,M.E.R.C._Music_-_Knockout,compression_l3,compression,3,7.997521241751013,5.426940444737735
demucs,M.E.R.C._Music_-_Knockout,compression_l4,compression,4,10.354537785218731,6.365849642882287
spleeter,M.E.R.C._Music_-_Knockout,compression_l4,compression,4,8.242571257135712,5.441798463819315
demucs,M.E.R.C._Music_-_Knockout,delay_l1,delay,1,9.543254358686873,7.011230262753875
spleeter,M.E.R.C._Music_-_Knockout,delay_l1,delay,1,8.156951022025847,5.924745466535411
demucs,M.E.R.C._Music_-_Knockout,delay_l2,delay,2,8.781815236515925,5.366326096028424
spleeter,M.E.R.C._Music_-_Knockout,delay_l2,delay,2,7.294696809138351,4.384424907274458
demucs,M.E.R.C._Music_-_Knockout,delay_l3,delay,3,7.866244512861257,4.431083408059596
spleeter,M.E.R.C._Music_-_Knockout,delay_l3,delay,3,6.9065942495024135,3.64263590688978
demucs,M.E.R.C._Music_-_Knockout,delay_l4,delay,4,7.276907982952768,3.7180968596920527
spleeter,M.E.R.C._Music_-_Knockout,delay_l4,delay,4,6.461972005045746,3.100313565124435
demucs,M.E.R.C._Music_-_Knockout,original,original,0,10.59330367529736,10.59338087469512
spleeter,M.E.R.C._Music_-_Knockout,original,original,0,8.698173228747677,8.698238239139656
demucs,M.E.R.C._Music_-_Knockout,reverb_l1,reverb,1,9.340646439460773,8.52348208349057
spleeter,M.E.R.C._Music_-_Knockout,reverb_l1,reverb,1,7.9915716969173465,6.962914010184269
demucs,M.E.R.C._Music_-_Knockout,reverb_l2,reverb,2,5.0059502374089435,2.308046532479549
spleeter,M.E.R.C._Music_-_Knockout,reverb_l2,reverb,2,4.697679024933551,1.574963109455898
demucs,M.E.R.C._Music_-_Knockout,reverb_l3,reverb,3,3.575229246609939,-0.7013286670446707
spleeter,M.E.R.C._Music_-_Knockout,reverb_l3,reverb,3,3.5504521308411086,-1.0530439100973648
demucs,M.E.R.C._Music_-_Knockout,reverb_l4,reverb,4,3.3665217852168148,-1.4519817821378167
spleeter,M.E.R.C._Music_-_Knockout,reverb_l4,reverb,4,3.5612659789640997,-1.807260143282841
demucs,PR_-_Oh_No,bitcrush_l1,bitcrush,1,0.12154702714037399,-0.11622939540491915
spleeter,PR_-_Oh_No,bitcrush_l1,bitcrush,1,1.3853023035287035,1.2976504332967098
demucs,PR_-_Oh_No,bitcrush_l2,bitcrush,2,0.14742688943090523,0.009652964478458256
spleeter,PR_-_Oh_No,bitcrush_l2,bitcrush,2,1.3759792639004256,1.2895511553791934
demucs,PR_-_Oh_No,bitcrush_l3,bitcrush,3,1.112264123200137,0.7514535716039628
spleeter,PR_-_Oh_No,bitcrush_l3,bitcrush,3,1.3870926455461845,1.3034959385227687
demucs,PR_-_Oh_No,bitcrush_l4,bitcrush,4,0.4584728099066018,0.25870775397528556
spleeter,PR_-_Oh_No,bitcrush_l4,bitcrush,4,1.0498640212093102,0.9968876058685338
demucs,PR_-_Oh_No,compression_l1,compression,1,-0.17039075724440522,-0.26344481473279646
spleeter,PR_-_Oh_No,compression_l1,compression,1,1.5111309886421165,1.4934854662373422
demucs,PR_-_Oh_No,compression_l2,compression,2,1.3933035867685375,0.5961616438115046
spleeter,PR_-_Oh_No,compression_l2,compression,2,1.407577653722283,1.2640998595619568
demucs,PR_-_Oh_No,compression_l3,compression,3,2.435302640293621,1.104026796771913
spleeter,PR_-_Oh_No,compression_l3,compression,3,1.3184186478521387,1.0767212023470725
demucs,PR_-_Oh_No,compression_l4,compression,4,0.7102629619449528,-0.0907008319444308
spleeter,PR_-_Oh_No,compression_l4,compression,4,0.7464632994707887,0.6868286343118274
demucs,PR_-_Oh_No,delay_l1,delay,1,-0.820842885971863,-1.003758633852084
spleeter,PR_-_Oh_No,delay_l1,delay,1,1.4853727884975592,1.0882419744505802
demucs,PR_-_Oh_No,delay_l2,delay,2,0.31306163254750496,-0.04114955040986597
spleeter,PR_-_Oh_No,delay_l2,delay,2,1.2242940866845409,0.7994571160818977
demucs,PR_-_Oh_No,delay_l3,delay,3,-0.924808971378766,-1.1723776577421616
spleeter,PR_-_Oh_No,delay_l3,delay,3,1.0092473908261073,0.5100958665801074
demucs,PR_-_Oh_No,delay_l4,delay,4,-0.7743306190785361,-1.0242662650410086
spleeter,PR_-_Oh_No,delay_l4,delay,4,1.204421333128783,0.6880599478539233
demucs,PR_-_Oh_No,original,original,0,2.257276318737644,2.257213788566036
spleeter,PR_-_Oh_No,original,original,0,1.513117604100911,1.513047138908079
demucs,PR_-_Oh_No,reverb_l1,reverb,1,1.3911371525753056,1.2980309952106286
spleeter,PR_-_Oh_No,reverb_l1,reverb,1,1.3642657797849942,1.2474581953291137
demucs,PR_-_Oh_No,reverb_l2,reverb,2,0.6530501988202984,-0.4069370565077135
spleeter,PR_-_Oh_No,reverb_l2,reverb,2,0.8532158464667992,-0.04512715367849397
demucs,PR_-_Oh_No,reverb_l3,reverb,3,-0.8594844035262085,-1.3577956398247064
spleeter,PR_-_Oh_No,reverb_l3,reverb,3,0.3758784776777566,-0.4082091113054928
demucs,PR_-_Oh_No,reverb_l4,reverb,4,1.543119574908982,-1.519446550837079
spleeter,PR_-_Oh_No,reverb_l4,reverb,4,0.3869682291973483,-0.5603471814322342
demucs,Motor_Tapes_-_Shore,bitcrush_l1,bitcrush,1,8.763495515036457,7.146012113800476
spleeter,Motor_Tapes_-_Shore,bitcrush_l1,bitcrush,1,6.440737056466234,5.828987561737787
demucs,Motor_Tapes_-_Shore,bitcrush_l2,bitcrush,2,8.617068154708946,7.046420187267267
spleeter,Motor_Tapes_-_Shore,bitcrush_l2,bitcrush,2,6.446152675338601,5.834529272929442
demucs,Motor_Tapes_-_Shore,bitcrush_l3,bitcrush,3,8.473086927509007,6.96588191409711
spleeter,Motor_Tapes_-_Shore,bitcrush_l3,bitcrush,3,6.598988033115535,5.971406849842897
demucs,Motor_Tapes_-_Shore,bitcrush_l4,bitcrush,4,8.428524377469145,7.085811188363866
spleeter,Motor_Tapes_-_Shore,bitcrush_l4,bitcrush,4,6.474937318114401,5.95834070795569
demucs,Motor_Tapes_-_Shore,compression_l1,compression,1,8.754477930209084,9.026106209188091
spleeter,Motor_Tapes_-_Shore,compression_l1,compression,1,6.634377035734752,7.3481202611087735
demucs,Motor_Tapes_-_Shore,compression_l2,compression,2,7.22004426119158,6.378423725598141
spleeter,Motor_Tapes_-_Shore,compression_l2,compression,2,5.872432989593883,5.670539551053453
demucs,Motor_Tapes_-_Shore,compression_l3,compression,3,6.123971312705107,4.880509446848896
spleeter,Motor_Tapes_-_Shore,compression_l3,compression,3,5.3090849700797085,4.259460094552244
demucs,Motor_Tapes_-_Shore,compression_l4,compression,4,6.003878049933498,4.169479082580477
spleeter,Motor_Tapes_-_Shore,compression_l4,compression,4,4.71162361174971,3.4108497622440472
demucs,Motor_Tapes_-_Shore,delay_l1,delay,1,8.840939037070992,6.391021726696248
spleeter,Motor_Tapes_-_Shore,delay_l1,delay,1,6.33092071582349,4.882488524307779
demucs,Motor_Tapes_-_Shore,delay_l2,delay,2,8.33148533829283,5.027021632025392
spleeter,Motor_Tapes_-_Shore,delay_l2,delay,2,6.190060048811007,3.7873106232153426
demucs,Motor_Tapes_-_Shore,delay_l3,delay,3,7.558780699417483,4.155310368211112
spleeter,Motor_Tapes_-_Shore,delay_l3,delay,3,5.63981027578118,3.010717647614713
demucs,Motor_Tapes_-_Shore,delay_l4,delay,4,6.953175518180302,3.4076273862964896
spleeter,Motor_Tapes_-_Shore,delay_l4,delay,4,5.242124136389361,2.615448762074051
demucs,Motor_Tapes_-_Shore,original,original,0,9.375811729129515,9.375215124650515
spleeter,Motor_Tapes_-_Shore,original,original,0,6.71664696938185,6.716676763617423
demucs,Motor_Tapes_-_Shore,reverb_l1,reverb,1,8.816047328966485,7.6929382911176205
spleeter,Motor_Tapes_-_Shore,reverb_l1,reverb,1,6.361300691040289,5.708627935673976
demucs,Motor_Tapes_-_Shore,reverb_l2,reverb,2,6.872150059275076,1.5510009470557167
spleeter,Motor_Tapes_-_Shore,reverb_l2,reverb,2,4.966357093654534,1.3187729246164217
demucs,Motor_Tapes_-_Shore,reverb_l3,reverb,3,5.381890183137824,-1.4237793032421031
spleeter,Motor_Tapes_-_Shore,reverb_l3,reverb,3,4.174842372555262,-1.3746592520679033
demucs,Motor_Tapes_-_Shore,reverb_l4,reverb,4,5.451587068916966,-2.3426159818498866
spleeter,Motor_Tapes_-_Shore,reverb_l4,reverb,4,4.063769240140717,-2.144049957822978
demucs,PR_-_Happy_Daze,bitcrush_l1,bitcrush,1,-2.3490358669370996,-2.4406829735888818
spleeter,PR_-_Happy_Daze,bitcrush_l1,bitcrush,1,-3.10189887327847,-3.115204273153292
demucs,PR_-_Happy_Daze,bitcrush_l2,bitcrush,2,-1.2829128177848546,-1.356640956233459
spleeter,PR_-_Happy_Daze,bitcrush_l2,bitcrush,2,-3.113176551437706,-3.1267579506330194
demucs,PR_-_Happy_Daze,bitcrush_l3,bitcrush,3,-0.951487516489212,-1.0677772368402072
spleeter,PR_-_Happy_Daze,bitcrush_l3,bitcrush,3,-3.159734622920722,-3.1737535031914788
demucs,PR_-_Happy_Daze,bitcrush_l4,bitcrush,4,-1.8707673946409233,-1.942136152203067
spleeter,PR_-_Happy_Daze,bitcrush_l4,bitcrush,4,-3.1549791354171157,-3.1710649551354186
demucs,PR_-_Happy_Daze,compression_l1,compression,1,-1.0137528802492892,-1.016737741036378
spleeter,PR_-_Happy_Daze,compression_l1,compression,1,-3.0981146561788875,-3.0983015777084386
demucs,PR_-_Happy_Daze,compression_l2,compression,2,1.0013345883977818,1.0881239509529044
spleeter,PR_-_Happy_Daze,compression_l2,compression,2,-2.74879257022925,-2.7495380117776884
demucs,PR_-_Happy_Daze,compression_l3,compression,3,-2.3577867870115883,-2.2329244510631
spleeter,PR_-_Happy_Daze,compression_l3,compression,3,-2.9039242159523377,-2.9052371221478905
demucs,PR_-_Happy_Daze,compression_l4,compression,4,-1.2612525757911355,-1.1893593291966607
spleeter,PR_-_Happy_Daze,compression_l4,compression,4,-3.0543387405481077,-3.054441533352214
demucs,PR_-_Happy_Daze,delay_l1,delay,1,-4.803672897802805,-4.839277701751862
spleeter,PR_-_Happy_Daze,delay_l1,delay,1,-2.7537367737585523,-2.76876506697616
demucs,PR_-_Happy_Daze,delay_l2,delay,2,-6.018754041177697,-6.284014879283088
spleeter,PR_-_Happy_Daze,delay_l2,delay,2,-2.832390529396918,-2.8806757880277907
demucs,PR_-_Happy_Daze,delay_l3,delay,3,1.659603129597564,0.7423357962694954
spleeter,PR_-_Happy_Daze,delay_l3,delay,3,-3.7645782278153956,-3.8940440175472766
demucs,PR_-_Happy_Daze,delay_l4,delay,4,0.5407975418351129,-0.6329096925798503
spleeter,PR_-_Happy_Daze,delay_l4,delay,4,-3.6553849963364566,-3.792564781829454
demucs,PR_-_Happy_Daze,original,original,0,-1.6410086296413386,-1.640162364791232
spleeter,PR_-_Happy_Daze,original,original,0,-2.7621437252714847,-2.7627210747370134
demucs,PR_-_Happy_Daze,reverb_l1,reverb,1,0.8622749159262655,0.7336383548273158
spleeter,PR_-_Happy_Daze,reverb_l1,reverb,1,-2.6490765574870254,-2.64848413571015
demucs,PR_-_Happy_Daze,reverb_l2,reverb,2,-0.30243293707825525,-0.7225563142280622
spleeter,PR_-_Happy_Daze,reverb_l2,reverb,2,-2.6464600994427565,-2.648025000388781
demucs,PR_-_Happy_Daze,reverb_l3,reverb,3,-1.568037653413755,-1.5653908627153814
spleeter,PR_-_Happy_Daze,reverb_l3,reverb,3,-2.8800302142525065,-2.888109553922316
demucs,PR_-_Happy_Daze,reverb_l4,reverb,4,-0.24339463141541814,-0.21002879883497944
spleeter,PR_-_Happy_Daze,reverb_l4,reverb,4,-2.9272213721563145,-2.937296142867971
demucs,Mu_-_Too_Bright,bitcrush_l1,bitcrush,1,10.032054547629055,5.231195358420939
spleeter,Mu_-_Too_Bright,bitcrush_l1,bitcrush,1,5.729582497257455,4.103940440381662
demucs,Mu_-_Too_Bright,bitcrush_l2,bitcrush,2,10.047735241791356,5.2298577321396245
spleeter,Mu_-_Too_Bright,bitcrush_l2,bitcrush,2,5.726973682383303,4.100662595880353
demucs,Mu_-_Too_Bright,bitcrush_l3,bitcrush,3,10.026096161716412,5.235606081592941
spleeter,Mu_-_Too_Bright,bitcrush_l3,bitcrush,3,5.722500436624745,4.098123148479155
demucs,Mu_-_Too_Bright,bitcrush_l4,bitcrush,4,9.645221621773457,5.2372091582683336
spleeter,Mu_-_Too_Bright,bitcrush_l4,bitcrush,4,5.610293079296001,4.016149169685139
demucs,Mu_-_Too_Bright,compression_l1,compression,1,10.061187296502796,10.034720567806257
spleeter,Mu_-_Too_Bright,compression_l1,compression,1,6.274755303405982,6.367316448613224
demucs,Mu_-_Too_Bright,compression_l2,compression,2,9.720661467121497,8.609060083567373
spleeter,Mu_-_Too_Bright,compression_l2,compression,2,6.104650687860641,5.801133527510187
demucs,Mu_-_Too_Bright,compression_l3,compression,3,9.484975168320783,7.34940839425777
spleeter,Mu_-_Too_Bright,compression_l3,compression,3,5.998800778827743,5.210044348077241
demucs,Mu_-_Too_Bright,compression_l4,compression,4,9.535336023622277,6.6214257246821635
spleeter,Mu_-_Too_Bright,compression_l4,compression,4,5.8578666453804615,4.851482633414939
demucs,Mu_-_Too_Bright,delay_l1,delay,1,9.738564231743066,6.585888806019881
spleeter,Mu_-_Too_Bright,delay_l1,delay,1,6.215017050809106,4.440044553329346
demucs,Mu_-_Too_Bright,delay_l2,delay,2,8.909662154814592,4.8934688766543
spleeter,Mu_-_Too_Bright,delay_l2,delay,2,5.9179954173144935,3.390867595728255
demucs,Mu_-_Too_Bright,delay_l3,delay,3,8.285702507747539,3.8274076115301536
spleeter,Mu_-_Too_Bright,delay_l3,delay,3,5.352911024137471,2.583327266104176
demucs,Mu_-_Too_Bright,delay_l4,delay,4,7.691984280069766,3.1026956770578487
spleeter,Mu_-_Too_Bright,delay_l4,delay,4,4.820010528256221,2.0734956200880106
demucs,Mu_-_Too_Bright,original,original,0,10.229480008625398,10.229405269894512
spleeter,Mu_-_Too_Bright,original,original,0,6.403576964731265,6.40334642897577
demucs,Mu_-_Too_Bright,reverb_l1,reverb,1,9.792415553979525,8.464911918700423
spleeter,Mu_-_Too_Bright,reverb_l1,reverb,1,6.361163280872373,5.57650571037559
demucs,Mu_-_Too_Bright,reverb_l2,reverb,2,8.56267960164857,2.1926327835982558
spleeter,Mu_-_Too_Bright,reverb_l2,reverb,2,5.8482046437212185,1.2527788482083784
demucs,Mu_-_Too_Bright,reverb_l3,reverb,3,7.870214536269932,-1.4136107932911768
spleeter,Mu_-_Too_Bright,reverb_l3,reverb,3,5.58293439545705,-1.7760100320574277
demucs,Mu_-_Too_Bright,reverb_l4,reverb,4,7.7090975127409855,-2.4113464518220953
spleeter,Mu_-_Too_Bright,reverb_l4,reverb,4,5.587799374466195,-2.659963939729721
demucs,Punkdisco_-_Oral_Hygiene,bitcrush_l1,bitcrush,1,8.424856829042621,5.294527190675677
spleeter,Punkdisco_-_Oral_Hygiene,bitcrush_l1,bitcrush,1,6.31534356332637,4.728298867524236
demucs,Punkdisco_-_Oral_Hygiene,bitcrush_l2,bitcrush,2,8.45288275358468,5.301058803814829
spleeter,Punkdisco_-_Oral_Hygiene,bitcrush_l2,bitcrush,2,6.304081548159273,4.720119753987072
demucs,Punkdisco_-_Oral_Hygiene,bitcrush_l3,bitcrush,3,8.466471921970795,5.344344121176517
spleeter,Punkdisco_-_Oral_Hygiene,bitcrush_l3,bitcrush,3,6.289023624122873,4.70885180253201
demucs,Punkdisco_-_Oral_Hygiene,bitcrush_l4,bitcrush,4,8.077413001428546,5.214798286941199
spleeter,Punkdisco_-_Oral_Hygiene,bitcrush_l4,bitcrush,4,6.01025888345331,4.637367282758557
demucs,Punkdisco_-_Oral_Hygiene,compression_l1,compression,1,9.67385564020888,9.465354111881414
spleeter,Punkdisco_-_Oral_Hygiene,compression_l1,compression,1,6.671710820161224,6.7365967855132824
demucs,Punkdisco_-_Oral_Hygiene,compression_l2,compression,2,9.063479443206015,6.910495776193024
spleeter,Punkdisco_-_Oral_Hygiene,compression_l2,compression,2,5.975206485583124,5.269880749257284
demucs,Punkdisco_-_Oral_Hygiene,compression_l3,compression,3,8.580763903966913,5.127339489610394
spleeter,Punkdisco_-_Oral_Hygiene,compression_l3,compression,3,5.38060714300041,4.052238744016208
demucs,Punkdisco_-_Oral_Hygiene,compression_l4,compression,4,8.052271507739082,4.3809803019497515
spleeter,Punkdisco_-_Oral_Hygiene,compression_l4,compression,4,5.145334568969603,3.5304186706287077
demucs,Punkdisco_-_Oral_Hygiene,delay_l1,delay,1,9.282776548873601,6.3644688252703165
spleeter,Punkdisco_-_Oral_Hygiene,delay_l1,delay,1,6.800929294717593,4.92721851075005
demucs,Punkdisco_-_Oral_Hygiene,delay_l2,delay,2,8.61761536523373,4.808154817915666
spleeter,Punkdisco_-_Oral_Hygiene,delay_l2,delay,2,6.384597923577031,3.8699656994101024
demucs,Punkdisco_-_Oral_Hygiene,delay_l3,delay,3,8.257648002323563,3.770231111809031
spleeter,Punkdisco_-_Oral_Hygiene,delay_l3,delay,3,6.062475865700243,3.0989288958383456
demucs,Punkdisco_-_Oral_Hygiene,delay_l4,delay,4,7.546681439443973,2.9311175888825707
spleeter,Punkdisco_-_Oral_Hygiene,delay_l4,delay,4,5.846540900407238,2.6143458914491258
demucs,Punkdisco_-_Oral_Hygiene,original,original,0,9.804176791223703,9.804176791223703
spleeter,Punkdisco_-_Oral_Hygiene,original,original,0,6.971425872511864,6.971425872511864
demucs,Punkdisco_-_Oral_Hygiene,reverb_l1,reverb,1,9.339475078497358,8.430651127864067
spleeter,Punkdisco_-_Oral_Hygiene,reverb_l1,reverb,1,6.783618893035918,6.084705073341961
demucs,Punkdisco_-_Oral_Hygiene,reverb_l2,reverb,2,8.379953612860943,2.2009035368673775
spleeter,Punkdisco_-_Oral_Hygiene,reverb_l2,reverb,2,5.773570504203468,1.556823618473673
demucs,Punkdisco_-_Oral_Hygiene,reverb_l3,reverb,3,8.462562454093415,-1.518628873361534
spleeter,Punkdisco_-_Oral_Hygiene,reverb_l3,reverb,3,5.953043090807086,-1.5235737924756925
demucs,Punkdisco_-_Oral_Hygiene,reverb_l4,reverb,4,8.499082731880067,-2.573825420563241
spleeter,Punkdisco_-_Oral_Hygiene,reverb_l4,reverb,4,6.1143885381972085,-2.4607830091159513
demucs,Nerve_9_-_Pray_For_The_Rain,bitcrush_l1,bitcrush,1,8.325340694854916,5.696898655144103
spleeter,Nerve_9_-_Pray_For_The_Rain,bitcrush_l1,bitcrush,1,6.717850171025514,5.468773579129923
demucs,Nerve_9_-_Pray_For_The_Rain,bitcrush_l2,bitcrush,2,8.311486723676442,5.698223623964069
spleeter,Nerve_9_-_Pray_For_The_Rain,bitcrush_l2,bitcrush,2,6.716583610777302,5.46826311196309
demucs,Nerve_9_-_Pray_For_The_Rain,bitcrush_l3,bitcrush,3,8.256104021362953,5.670040581720571
spleeter,Nerve_9_-_Pray_For_The_Rain,bitcrush_l3,bitcrush,3,6.712979809613372,5.46963554054841
demucs,Nerve_9_-_Pray_For_The_Rain,bitcrush_l4,bitcrush,4,7.914349907110216,5.575272274449883
spleeter,Nerve_9_-_Pray_For_The_Rain,bitcrush_l4,bitcrush,4,6.612510452497008,5.437635896067308
demucs,Nerve_9_-_Pray_For_The_Rain,compression_l1,compression,1,8.402595563662533,8.174902561961611
spleeter,Nerve_9_-_Pray_For_The_Rain,compression_l1,compression,1,7.225877917026918,7.045454501909589
demucs,Nerve_9_-_Pray_For_The_Rain,compression_l2,compression,2,8.493727845578077,6.681557835404533
spleeter,Nerve_9_-_Pray_For_The_Rain,compression_l2,compression,2,7.204398085769665,5.711669242468696
demucs,Nerve_9_-_Pray_For_The_Rain,compression_l3,compression,3,8.685054079564816,5.4325475639179945
spleeter,Nerve_9_-_Pray_For_The_Rain,compression_l3,compression,3,7.299311301609887,4.611156272433346
demucs,Nerve_9_-_Pray_For_The_Rain,compression_l4,compression,4,8.81740288582057,4.7606948006678955
spleeter,Nerve_9_-_Pray_For_The_Rain,compression_l4,compression,4,7.135409581979734,3.8713871809124623
demucs,Nerve_9_-_Pray_For_The_Rain,delay_l1,delay,1,8.320966948766866,5.975959676104072
spleeter,Nerve_9_-_Pray_For_The_Rain,delay_l1,delay,1,6.9946422150576595,5.100612091699127
demucs,Nerve_9_-_Pray_For_The_Rain,delay_l2,delay,2,7.703384908403138,4.683621694841703
spleeter,Nerve_9_-_Pray_For_The_Rain,delay_l2,delay,2,6.572462752271068,4.0668958168655625
demucs,Nerve_9_-_Pray_For_The_Rain,delay_l3,delay,3,7.459028096580255,3.7337233571050965
spleeter,Nerve_9_-_Pray_For_The_Rain,delay_l3,delay,3,6.070957169060362,3.205941219938124
demucs,Nerve_9_-_Pray_For_The_Rain,delay_l4,delay,4,6.704946294169767,3.2725366480103526
spleeter,Nerve_9_-_Pray_For_The_Rain,delay_l4,delay,4,5.481981078287465,2.8656880514640815
demucs,Nerve_9_-_Pray_For_The_Rain,original,original,0,8.52592534167533,8.5259604433003
spleeter,Nerve_9_-_Pray_For_The_Rain,original,original,0,7.323958686424307,7.323922878123894
demucs,Nerve_9_-_Pray_For_The_Rain,reverb_l1,reverb,1,8.394087628408503,7.331314137868157
spleeter,Nerve_9_-_Pray_For_The_Rain,reverb_l1,reverb,1,7.284536791487395,6.349337428171693
demucs,Nerve_9_-_Pray_For_The_Rain,reverb_l2,reverb,2,7.424299920363189,2.2429392739582297
spleeter,Nerve_9_-_Pray_For_The_Rain,reverb_l2,reverb,2,6.46276686480309,1.9467123323873707
demucs,Nerve_9_-_Pray_For_The_Rain,reverb_l3,reverb,3,6.00105198313774,-0.894613399739054
spleeter,Nerve_9_-_Pray_For_The_Rain,reverb_l3,reverb,3,5.718076020467163,-1.0389554109823904
demucs,Nerve_9_-_Pray_For_The_Rain,reverb_l4,reverb,4,5.101823037029947,-1.7117127332656326
spleeter,Nerve_9_-_Pray_For_The_Rain,reverb_l4,reverb,4,5.536648806103588,-1.91892049368827
demucs,Raft_Monk_-_Tiring,bitcrush_l1,bitcrush,1,5.546159613506597,4.574999967354857
spleeter,Raft_Monk_-_Tiring,bitcrush_l1,bitcrush,1,3.8671295383676663,3.490907977054266
demucs,Raft_Monk_-_Tiring,bitcrush_l2,bitcrush,2,5.549148066395773,4.576698254999194
spleeter,Raft_Monk_-_Tiring,bitcrush_l2,bitcrush,2,3.866935145749653,3.491051657508425
demucs,Raft_Monk_-_Tiring,bitcrush_l3,bitcrush,3,5.542348516363438,4.575417069314114
spleeter,Raft_Monk_-_Tiring,bitcrush_l3,bitcrush,3,3.862904979739455,3.4894579210529653
demucs,Raft_Monk_-_Tiring,bitcrush_l4,bitcrush,4,5.351524640560152,4.516408947063855
spleeter,Raft_Monk_-_Tiring,bitcrush_l4,bitcrush,4,3.7702709972359187,3.451565244277974
demucs,Raft_Monk_-_Tiring,compression_l1,compression,1,5.675695860318875,5.643692815906843
spleeter,Raft_Monk_-_Tiring,compression_l1,compression,1,3.998377938152692,4.016094264380393
demucs,Raft_Monk_-_Tiring,compression_l2,compression,2,5.4603506844698,5.1756216039925
spleeter,Raft_Monk_-_Tiring,compression_l2,compression,2,3.8121413431694635,3.6942710557077274
demucs,Raft_Monk_-_Tiring,compression_l3,compression,3,5.314902415202543,4.692458534585374
spleeter,Raft_Monk_-_Tiring,compression_l3,compression,3,3.7029633370607966,3.353082032519774
demucs,Raft_Monk_-_Tiring,compression_l4,compression,4,5.47773163560338,4.535064163278818
spleeter,Raft_Monk_-_Tiring,compression_l4,compression,4,3.8219019594220556,3.24784173732792
demucs,Raft_Monk_-_Tiring,delay_l1,delay,1,5.372726793321013,4.408067002206412
spleeter,Raft_Monk_-_Tiring,delay_l1,delay,1,3.8375671404738125,3.1719924646167152
demucs,Raft_Monk_-_Tiring,delay_l2,delay,2,4.913484254719845,3.6156470508893968
spleeter,Raft_Monk_-_Tiring,delay_l2,delay,2,3.4664180172046235,2.5764260978003453
demucs,Raft_Monk_-_Tiring,delay_l3,delay,3,4.126146655853407,3.0914127483149234
spleeter,Raft_Monk_-_Tiring,delay_l3,delay,3,2.6213179577687313,2.033470942120627
demucs,Raft_Monk_-_Tiring,delay_l4,delay,4,3.540622049946121,2.671240832844464
spleeter,Raft_Monk_-_Tiring,delay_l4,delay,4,2.1558491291621484,1.739692368943455
demucs,Raft_Monk_-_Tiring,original,original,0,5.778781815557778,5.7787547235224865
spleeter,Raft_Monk_-_Tiring,original,original,0,4.080952366303625,4.080954564379704
demucs,Raft_Monk_-_Tiring,reverb_l1,reverb,1,4.584368888032153,4.984058052849028
spleeter,Raft_Monk_-_Tiring,reverb_l1,reverb,1,3.19958632130193,3.471320404106946
demucs,Raft_Monk_-_Tiring,reverb_l2,reverb,2,1.3946271791149738,1.399142044827211
spleeter,Raft_Monk_-_Tiring,reverb_l2,reverb,2,0.7810551141762702,0.733568676363021
demucs,Raft_Monk_-_Tiring,reverb_l3,reverb,3,0.6529744374630321,-0.1538689926093653
spleeter,Raft_Monk_-_Tiring,reverb_l3,reverb,3,0.31700143214171683,-0.058910362302783896
demucs,Raft_Monk_-_Tiring,reverb_l4,reverb,4,0.608248199782198,-0.4927476963004545
spleeter,Raft_Monk_-_Tiring,reverb_l4,reverb,4,0.2954960414407016,-0.20123319989891728
demucs,Secretariat_-_Borderline,bitcrush_l1,bitcrush,1,8.12301512029368,5.369328603447149
spleeter,Secretariat_-_Borderline,bitcrush_l1,bitcrush,1,6.202692276941473,4.6940343901035595
demucs,Secretariat_-_Borderline,bitcrush_l2,bitcrush,2,8.089469022151036,5.356629163571577
spleeter,Secretariat_-_Borderline,bitcrush_l2,bitcrush,2,6.201678525288905,4.693144376990424
demucs,Secretariat_-_Borderline,bitcrush_l3,bitcrush,3,8.077880870193898,5.355356072293439
spleeter,Secretariat_-_Borderline,bitcrush_l3,bitcrush,3,6.195092516616821,4.6904021682833585
demucs,Secretariat_-_Borderline,bitcrush_l4,bitcrush,4,7.975108747415456,5.347654402101345
spleeter,Secretariat_-_Borderline,bitcrush_l4,bitcrush,4,6.065150415920785,4.630571550758446
demucs,Secretariat_-_Borderline,compression_l1,compression,1,8.219315281530953,8.17832847286912
spleeter,Secretariat_-_Borderline,compression_l1,compression,1,6.423902852998108,6.562946513122235
demucs,Secretariat_-_Borderline,compression_l2,compression,2,7.804717089072941,6.818369836917499
spleeter,Secretariat_-_Borderline,compression_l2,compression,2,5.9452562181994555,5.681028997004947
demucs,Secretariat_-_Borderline,compression_l3,compression,3,7.490523819998119,5.673531805313924
spleeter,Secretariat_-_Borderline,compression_l3,compression,3,5.5362867489988385,4.833923296237962
demucs,Secretariat_-_Borderline,compression_l4,compression,4,7.383385240334094,5.01329232659363
spleeter,Secretariat_-_Borderline,compression_l4,compression,4,5.2795418538349725,4.341883680736453
demucs,Secretariat_-_Borderline,delay_l1,delay,1,7.970933761422482,5.906863145465666
spleeter,Secretariat_-_Borderline,delay_l1,delay,1,6.408317472486257,4.81167021971802
demucs,Secretariat_-_Borderline,delay_l2,delay,2,7.4796445245458765,4.569077115457184
spleeter,Secretariat_-_Borderline,delay_l2,delay,2,6.016636805083272,3.767119853926084
demucs,Secretariat_-_Borderline,delay_l3,delay,3,6.872328431459202,3.698172726643258
spleeter,Secretariat_-_Borderline,delay_l3,delay,3,5.362364116937515,3.111919556373108
demucs,Secretariat_-_Borderline,delay_l4,delay,4,6.456872676909333,3.089546872644636
spleeter,Secretariat_-_Borderline,delay_l4,delay,4,4.895695033228783,2.6695411383735075
demucs,Secretariat_-_Borderline,original,original,0,8.451094262795584,8.451107044355323
spleeter,Secretariat_-_Borderline,original,original,0,6.68717002270554,6.687188164484007
demucs,Secretariat_-_Borderline,reverb_l1,reverb,1,7.488171433682319,7.155359636806118
spleeter,Secretariat_-_Borderline,reverb_l1,reverb,1,5.722000436547622,5.751436063260087
demucs,Secretariat_-_Borderline,reverb_l2,reverb,2,3.859921607175822,2.2955647887554713
spleeter,Secretariat_-_Borderline,reverb_l2,reverb,2,2.8237715165826787,1.9125001268331518
demucs,Secretariat_-_Borderline,reverb_l3,reverb,3,2.5522177930500267,-0.47837278801325206
spleeter,Secretariat_-_Borderline,reverb_l3,reverb,3,1.8322622043603074,-0.4064751823196815
demucs,Secretariat_-_Borderline,reverb_l4,reverb,4,2.385284204762406,-1.2397992937770612
spleeter,Secretariat_-_Borderline,reverb_l4,reverb,4,1.7605972376563281,-1.0928454378578483
demucs,Secretariat_-_Over_The_Top,bitcrush_l1,bitcrush,1,9.474017176019027,4.399975181390275
spleeter,Secretariat_-_Over_The_Top,bitcrush_l1,bitcrush,1,6.718724750015893,3.9817713457156563
demucs,Secretariat_-_Over_The_Top,bitcrush_l2,bitcrush,2,9.49235692581143,4.398015553363954
spleeter,Secretariat_-_Over_The_Top,bitcrush_l2,bitcrush,2,6.716736783555395,3.9809614703649903
demucs,Secretariat_-_Over_The_Top,bitcrush_l3,bitcrush,3,9.48761455548066,4.389854857113028
spleeter,Secretariat_-_Over_The_Top,bitcrush_l3,bitcrush,3,6.707051683767233,3.9796667033415387
demucs,Secretariat_-_Over_The_Top,bitcrush_l4,bitcrush,4,9.165884279661157,4.398852191268697
spleeter,Secretariat_-_Over_The_Top,bitcrush_l4,bitcrush,4,6.5819166589147535,3.9523884235184688
demucs,Secretariat_-_Over_The_Top,compression_l1,compression,1,9.966892415399958,9.998446156042178
spleeter,Secretariat_-_Over_The_Top,compression_l1,compression,1,7.387849371861556,7.502521716611328
demucs,Secretariat_-_Over_The_Top,compression_l2,compression,2,9.579624510982358,9.132790864095002
spleeter,Secretariat_-_Over_The_Top,compression_l2,compression,2,7.059618713722468,7.082915593574793
demucs,Secretariat_-_Over_The_Top,compression_l3,compression,3,9.276781860734083,8.172400759575476
spleeter,Secretariat_-_Over_The_Top,compression_l3,compression,3,6.728513841488658,6.503937171903347
demucs,Secretariat_-_Over_The_Top,compression_l4,compression,4,9.250900476669553,7.171929983129699
spleeter,Secretariat_-_Over_The_Top,compression_l4,compression,4,6.569520684173186,5.896727092310257
demucs,Secretariat_-_Over_The_Top,delay_l1,delay,1,9.271638409012338,6.843923893733159
spleeter,Secretariat_-_Over_The_Top,delay_l1,delay,1,7.199864336004883,5.2936247124845615
demucs,Secretariat_-_Over_The_Top,delay_l2,delay,2,8.299011810572539,5.375597571574843
spleeter,Secretariat_-_Over_The_Top,delay_l2,delay,2,6.544357390997692,4.153447790496882
demucs,Secretariat_-_Over_The_Top,delay_l3,delay,3,7.601037600773804,4.289099949158816
spleeter,Secretariat_-_Over_The_Top,delay_l3,delay,3,5.896187730914208,3.488490800122517
demucs,Secretariat_-_Over_The_Top,delay_l4,delay,4,6.988288379400846,3.6578025016211946
spleeter,Secretariat_-_Over_The_Top,delay_l4,delay,4,5.108651516674325,3.175720384197927
demucs,Secretariat_-_Over_The_Top,original,original,0,10.09186921338907,10.09186921338907
spleeter,Secretariat_-_Over_The_Top,original,original,0,7.5478975291606885,7.5478975291606885
demucs,Secretariat_-_Over_The_Top,reverb_l1,reverb,1,8.69496027264615,8.498819887952962
spleeter,Secretariat_-_Over_The_Top,reverb_l1,reverb,1,6.498138201452947,6.507547197967195
demucs,Secretariat_-_Over_The_Top,reverb_l2,reverb,2,4.456865828763412,2.432747802399822
spleeter,Secretariat_-_Over_The_Top,reverb_l2,reverb,2,3.1033328883924693,1.954424211436252
demucs,Secretariat_-_Over_The_Top,reverb_l3,reverb,3,3.1329099996841183,-0.6950791649409467
spleeter,Secretariat_-_Over_The_Top,reverb_l3,reverb,3,1.9635685264892082,-0.7292231192554364
demucs,Secretariat_-_Over_The_Top,reverb_l4,reverb,4,2.986837281636835,-1.4661460533843005
spleeter,Secretariat_-_Over_The_Top,reverb_l4,reverb,4,1.85307125425842,-1.4626034781584814
demucs,Sambasevam_Shanmugam_-_Kaathaadi,bitcrush_l1,bitcrush,1,13.276656475428691,11.815393585469295
spleeter,Sambasevam_Shanmugam_-_Kaathaadi,bitcrush_l1,bitcrush,1,10.616662622750304,10.184867414350826
demucs,Sambasevam_Shanmugam_-_Kaathaadi,bitcrush_l2,bitcrush,2,13.277375197174848,11.824837068831211
spleeter,Sambasevam_Shanmugam_-_Kaathaadi,bitcrush_l2,bitcrush,2,10.602079709106766,10.172860319512239
demucs,Sambasevam_Shanmugam_-_Kaathaadi,bitcrush_l3,bitcrush,3,13.181351054569886,11.81209916632026
spleeter,Sambasevam_Shanmugam_-_Kaathaadi,bitcrush_l3,bitcrush,3,10.542562497892261,10.130928011213793
demucs,Sambasevam_Shanmugam_-_Kaathaadi,bitcrush_l4,bitcrush,4,12.371794479370408,11.524504280975801
spleeter,Sambasevam_Shanmugam_-_Kaathaadi,bitcrush_l4,bitcrush,4,10.045107806102312,9.876893972131548
demucs,Sambasevam_Shanmugam_-_Kaathaadi,compression_l1,compression,1,13.527242609456316,12.677473158782124
spleeter,Sambasevam_Shanmugam_-_Kaathaadi,compression_l1,compression,1,10.98885676079114,10.607761337627943
demucs,Sambasevam_Shanmugam_-_Kaathaadi,compression_l2,compression,2,12.897629402940222,8.964054856395688
spleeter,Sambasevam_Shanmugam_-_Kaathaadi,compression_l2,compression,2,10.584350242362628,8.224689677136721
demucs,Sambasevam_Shanmugam_-_Kaathaadi,compression_l3,compression,3,12.76444813685652,7.035057989934011
spleeter,Sambasevam_Shanmugam_-_Kaathaadi,compression_l3,compression,3,9.993864040311959,6.742474891129241
demucs,Sambasevam_Shanmugam_-_Kaathaadi,compression_l4,compression,4,12.949766343479247,6.510061791226231
spleeter,Sambasevam_Shanmugam_-_Kaathaadi,compression_l4,compression,4,9.82984151821749,6.243261502627593
demucs,Sambasevam_Shanmugam_-_Kaathaadi,delay_l1,delay,1,13.250998497116413,7.573947956503227
spleeter,Sambasevam_Shanmugam_-_Kaathaadi,delay_l1,delay,1,10.904919990268723,6.7452899069370345
demucs,Sambasevam_Shanmugam_-_Kaathaadi,delay_l2,delay,2,12.269054893333296,5.566982802509135
spleeter,Sambasevam_Shanmugam_-_Kaathaadi,delay_l2,delay,2,10.217087850990403,5.039770873738774
demucs,Sambasevam_Shanmugam_-_Kaathaadi,delay_l3,delay,3,11.207937079548637,4.506448877869805
spleeter,Sambasevam_Shanmugam_-_Kaathaadi,delay_l3,delay,3,8.72173641470956,4.020100083410357
demucs,Sambasevam_Shanmugam_-_Kaathaadi,delay_l4,delay,4,10.357835898586432,3.8067278565176252
spleeter,Sambasevam_Shanmugam_-_Kaathaadi,delay_l4,delay,4,8.46018455202089,3.4532447701003695
demucs,Sambasevam_Shanmugam_-_Kaathaadi,original,original,0,13.810560360739386,13.810560360739386
spleeter,Sambasevam_Shanmugam_-_Kaathaadi,original,original,0,11.110163961024446,11.110163961024446
demucs,Sambasevam_Shanmugam_-_Kaathaadi,reverb_l1,reverb,1,13.42940154500007,9.801014390278661
spleeter,Sambasevam_Shanmugam_-_Kaathaadi,reverb_l1,reverb,1,10.894241929747249,8.481389316809771
demucs,Sambasevam_Shanmugam_-_Kaathaadi,reverb_l2,reverb,2,12.22951831186082,2.175703543616695
spleeter,Sambasevam_Shanmugam_-_Kaathaadi,reverb_l2,reverb,2,9.718962912457117,2.0671867351157416
demucs,Sambasevam_Shanmugam_-_Kaathaadi,reverb_l3,reverb,3,11.666784532437802,-1.1415292860064261
spleeter,Sambasevam_Shanmugam_-_Kaathaadi,reverb_l3,reverb,3,9.670223744546707,-1.0576943386024142
demucs,Sambasevam_Shanmugam_-_Kaathaadi,reverb_l4,reverb,4,11.445344604636178,-2.1159175856235364
spleeter,Sambasevam_Shanmugam_-_Kaathaadi,reverb_l4,reverb,4,9.735084138953026,-2.029756505016923
demucs,Signe_Jakobsen_-_What_Have_You_Done_To_Me,bitcrush_l1,bitcrush,1,10.673614941679547,6.760706288973122
spleeter,Signe_Jakobsen_-_What_Have_You_Done_To_Me,bitcrush_l1,bitcrush,1,8.070542065366197,6.400002692352992
demucs,Signe_Jakobsen_-_What_Have_You_Done_To_Me,bitcrush_l2,bitcrush,2,10.680299664985007,6.756213020538311
spleeter,Signe_Jakobsen_-_What_Have_You_Done_To_Me,bitcrush_l2,bitcrush,2,8.068344954221335,6.399067728836193
demucs,Signe_Jakobsen_-_What_Have_You_Done_To_Me,bitcrush_l3,bitcrush,3,10.6395581934145,6.740541290752193
spleeter,Signe_Jakobsen_-_What_Have_You_Done_To_Me,bitcrush_l3,bitcrush,3,8.052239785353523,6.393673571417111
demucs,Signe_Jakobsen_-_What_Have_You_Done_To_Me,bitcrush_l4,bitcrush,4,10.416108967852091,6.724759283819744
spleeter,Signe_Jakobsen_-_What_Have_You_Done_To_Me,bitcrush_l4,bitcrush,4,7.887845997353748,6.329522823419682
demucs,Signe_Jakobsen_-_What_Have_You_Done_To_Me,compression_l1,compression,1,10.954799673200284,10.481034129993885
spleeter,Signe_Jakobsen_-_What_Have_You_Done_To_Me,compression_l1,compression,1,8.770094535298702,8.75776368568549
demucs,Signe_Jakobsen_-_What_Have_You_Done_To_Me,compression_l2,compression,2,10.788393944823778,7.665487541445128
spleeter,Signe_Jakobsen_-_What_Have_You_Done_To_Me,compression_l2,compression,2,8.318415256549773,6.7884048466702716
demucs,Signe_Jakobsen_-_What_Have_You_Done_To_Me,compression_l3,compression,3,10.791424373318897,5.7550914968057825
spleeter,Signe_Jakobsen_-_What_Have_You_Done_To_Me,compression_l3,compression,3,8.055400761152749,5.262481287091314
demucs,Signe_Jakobsen_-_What_Have_You_Done_To_Me,compression_l4,compression,4,10.559851818634003,5.407415862970111
spleeter,Signe_Jakobsen_-_What_Have_You_Done_To_Me,compression_l4,compression,4,7.901610381587024,4.751872804666959
demucs,Signe_Jakobsen_-_What_Have_You_Done_To_Me,delay_l1,delay,1,10.523772738074994,7.098732443582825
spleeter,Signe_Jakobsen_-_What_Have_You_Done_To_Me,delay_l1,delay,1,8.582527928879866,6.084559326161965
demucs,Signe_Jakobsen_-_What_Have_You_Done_To_Me,delay_l2,delay,2,9.43012280530663,5.378454680912137
spleeter,Signe_Jakobsen_-_What_Have_You_Done_To_Me,delay_l2,delay,2,7.767929139349867,4.696403083087817
demucs,Signe_Jakobsen_-_What_Have_You_Done_To_Me,delay_l3,delay,3,8.737252086440048,4.549765641846829
spleeter,Signe_Jakobsen_-_What_Have_You_Done_To_Me,delay_l3,delay,3,6.726949098350645,4.053696669437187
demucs,Signe_Jakobsen_-_What_Have_You_Done_To_Me,delay_l4,delay,4,8.144484359920373,3.8510856063321497
spleeter,Signe_Jakobsen_-_What_Have_You_Done_To_Me,delay_l4,delay,4,6.163060617391139,3.423446181375585
demucs,Signe_Jakobsen_-_What_Have_You_Done_To_Me,original,original,0,11.162861462469278,11.162824432095878
spleeter,Signe_Jakobsen_-_What_Have_You_Done_To_Me,original,original,0,9.010989425380822,9.0109557942781
demucs,Signe_Jakobsen_-_What_Have_You_Done_To_Me,reverb_l1,reverb,1,10.730433701288417,9.024145102813911
spleeter,Signe_Jakobsen_-_What_Have_You_Done_To_Me,reverb_l1,reverb,1,8.837057496782709,7.429970008121195
demucs,Signe_Jakobsen_-_What_Have_You_Done_To_Me,reverb_l2,reverb,2,9.615537598617344,2.1815782961101124
spleeter,Signe_Jakobsen_-_What_Have_You_Done_To_Me,reverb_l2,reverb,2,8.049899763861095,1.7720624006883634
demucs,Signe_Jakobsen_-_What_Have_You_Done_To_Me,reverb_l3,reverb,3,9.260538995382408,-1.279889900812817
spleeter,Signe_Jakobsen_-_What_Have_You_Done_To_Me,reverb_l3,reverb,3,7.790142579046617,-1.375788758677245
demucs,Signe_Jakobsen_-_What_Have_You_Done_To_Me,reverb_l4,reverb,4,9.222378925179182,-2.226835829114181
spleeter,Signe_Jakobsen_-_What_Have_You_Done_To_Me,reverb_l4,reverb,4,7.826125395605171,-2.2744551345263244
demucs,Side_Effects_Project_-_Sing_With_Me,bitcrush_l1,bitcrush,1,12.337853484432435,7.394965454195627
spleeter,Side_Effects_Project_-_Sing_With_Me,bitcrush_l1,bitcrush,1,8.649221135120946,6.332035238979645
demucs,Side_Effects_Project_-_Sing_With_Me,bitcrush_l2,bitcrush,2,12.329670672309945,7.386817508233031
spleeter,Side_Effects_Project_-_Sing_With_Me,bitcrush_l2,bitcrush,2,8.6499367173432,6.332182384437813
demucs,Side_Effects_Project_-_Sing_With_Me,bitcrush_l3,bitcrush,3,12.257544684492093,7.372125618300305
spleeter,Side_Effects_Project_-_Sing_With_Me,bitcrush_l3,bitcrush,3,8.65215635359273,6.333414593327342
demucs,Side_Effects_Project_-_Sing_With_Me,bitcrush_l4,bitcrush,4,11.800950443050809,7.2602593227353545
spleeter,Side_Effects_Project_-_Sing_With_Me,bitcrush_l4,bitcrush,4,8.491043238196989,6.263750136637867
demucs,Side_Effects_Project_-_Sing_With_Me,compression_l1,compression,1,12.058200404832636,11.66776855486835
spleeter,Side_Effects_Project_-_Sing_With_Me,compression_l1,compression,1,8.606139610476898,8.911631240050834
demucs,Side_Effects_Project_-_Sing_With_Me,compression_l2,compression,2,11.476620765188176,8.302593645115653
spleeter,Side_Effects_Project_-_Sing_With_Me,compression_l2,compression,2,7.932040145706795,7.066248125673297
demucs,Side_Effects_Project_-_Sing_With_Me,compression_l3,compression,3,11.528904851405207,6.832358786004061
spleeter,Side_Effects_Project_-_Sing_With_Me,compression_l3,compression,3,7.81716458126604,5.9779637511509
demucs,Side_Effects_Project_-_Sing_With_Me,compression_l4,compression,4,11.878225479047366,7.047529432735679
spleeter,Side_Effects_Project_-_Sing_With_Me,compression_l4,compression,4,8.034426016810265,6.082609918876298
demucs,Side_Effects_Project_-_Sing_With_Me,delay_l1,delay,1,11.960387691694475,7.181445148682228
spleeter,Side_Effects_Project_-_Sing_With_Me,delay_l1,delay,1,9.052982101464412,6.026239301314579
demucs,Side_Effects_Project_-_Sing_With_Me,delay_l2,delay,2,10.725378486342244,5.243069711533285
spleeter,Side_Effects_Project_-_Sing_With_Me,delay_l2,delay,2,8.257682669628439,4.562290728266037
demucs,Side_Effects_Project_-_Sing_With_Me,delay_l3,delay,3,10.747822206130696,4.109814249996683
spleeter,Side_Effects_Project_-_Sing_With_Me,delay_l3,delay,3,8.326507097067212,3.6089598572373
demucs,Side_Effects_Project_-_Sing_With_Me,delay_l4,delay,4,10.029252452196785,3.349044993547636
spleeter,Side_Effects_Project_-_Sing_With_Me,delay_l4,delay,4,7.941042148720196,2.952250333634001
demucs,Side_Effects_Project_-_Sing_With_Me,original,original,0,12.557561981903982,12.557561981903982
spleeter,Side_Effects_Project_-_Sing_With_Me,original,original,0,9.109797540762957,9.109797540762957
demucs,Side_Effects_Project_-_Sing_With_Me,reverb_l1,reverb,1,11.48090335849506,5.068982428037437
spleeter,Side_Effects_Project_-_Sing_With_Me,reverb_l1,reverb,1,4.688170485190822,6.939974737161175
demucs,Side_Effects_Project_-_Sing_With_Me,reverb_l2,reverb,2,1.5075533676987263,1.8909022276994705
spleeter,Side_Effects_Project_-_Sing_With_Me,reverb_l2,reverb,2,1.057172583620893,1.716987276147088
demucs,Side_Effects_Project_-_Sing_With_Me,reverb_l3,reverb,3,0.7741103884042071,-0.03181973656517982
spleeter,Side_Effects_Project_-_Sing_With_Me,reverb_l3,reverb,3,0.646593074202249,-0.11039953494691954
demucs,Side_Effects_Project_-_Sing_With_Me,reverb_l4,reverb,4,0.7358322993289274,-0.5885466482714629
spleeter,Side_Effects_Project_-_Sing_With_Me,reverb_l4,reverb,4,0.6261123131922341,-0.6218995735367773
demucs,Speak_Softly_-_Broken_Man,bitcrush_l1,bitcrush,1,6.802539958248824,4.4746170039424635
spleeter,Speak_Softly_-_Broken_Man,bitcrush_l1,bitcrush,1,4.211646946592961,3.2043959464264975
demucs,Speak_Softly_-_Broken_Man,bitcrush_l2,bitcrush,2,6.794699993486751,4.469088166764806
spleeter,Speak_Softly_-_Broken_Man,bitcrush_l2,bitcrush,2,4.2110566122525555,3.2043259728817435
demucs,Speak_Softly_-_Broken_Man,bitcrush_l3,bitcrush,3,6.777620457114103,4.479862965137929
spleeter,Speak_Softly_-_Broken_Man,bitcrush_l3,bitcrush,3,4.195080362503096,3.1993767679845457
demucs,Speak_Softly_-_Broken_Man,bitcrush_l4,bitcrush,4,6.532937106195838,4.409031068015478
spleeter,Speak_Softly_-_Broken_Man,bitcrush_l4,bitcrush,4,3.9294201435443816,3.037233930825777
demucs,Speak_Softly_-_Broken_Man,compression_l1,compression,1,6.828039878949717,6.625194270064254
spleeter,Speak_Softly_-_Broken_Man,compression_l1,compression,1,4.605162960325526,4.467539886503874
demucs,Speak_Softly_-_Broken_Man,compression_l2,compression,2,6.954961164562425,5.955244477488763
spleeter,Speak_Softly_-_Broken_Man,compression_l2,compression,2,4.701267113857263,4.027291999219324
demucs,Speak_Softly_-_Broken_Man,compression_l3,compression,3,6.9459448816145075,5.308443219313412
spleeter,Speak_Softly_-_Broken_Man,compression_l3,compression,3,4.695976532414404,3.608193804846554
demucs,Speak_Softly_-_Broken_Man,compression_l4,compression,4,6.90166507838689,4.839973013349036
spleeter,Speak_Softly_-_Broken_Man,compression_l4,compression,4,4.569242598478041,3.3150635193354443
demucs,Speak_Softly_-_Broken_Man,delay_l1,delay,1,6.44800691471961,4.92237434485498
spleeter,Speak_Softly_-_Broken_Man,delay_l1,delay,1,4.4769179419670975,3.4241289900171292
demucs,Speak_Softly_-_Broken_Man,delay_l2,delay,2,5.897282639380283,4.006671973087537
spleeter,Speak_Softly_-_Broken_Man,delay_l2,delay,2,3.99087898778371,2.6839747939353646
demucs,Speak_Softly_-_Broken_Man,delay_l3,delay,3,5.701925696000311,3.3004945033230864
spleeter,Speak_Softly_-_Broken_Man,delay_l3,delay,3,3.5740834209545156,2.118874425626996
demucs,Speak_Softly_-_Broken_Man,delay_l4,delay,4,5.244180135012353,2.7927389789954606
spleeter,Speak_Softly_-_Broken_Man,delay_l4,delay,4,3.2512611486162846,1.8568661299702083
demucs,Speak_Softly_-_Broken_Man,original,original,0,6.756522092407366,6.756522092407366
spleeter,Speak_Softly_-_Broken_Man,original,original,0,4.541068005584056,4.541068005584056
demucs,Speak_Softly_-_Broken_Man,reverb_l1,reverb,1,6.44079903617735,6.0992567224896765
spleeter,Speak_Softly_-_Broken_Man,reverb_l1,reverb,1,4.3626832097459625,4.17586753445373
demucs,Speak_Softly_-_Broken_Man,reverb_l2,reverb,2,4.773547573492581,2.562852379813165
spleeter,Speak_Softly_-_Broken_Man,reverb_l2,reverb,2,3.1188238766687797,1.670006923854843
demucs,Speak_Softly_-_Broken_Man,reverb_l3,reverb,3,3.6741606416175014,-0.4305143480875753
spleeter,Speak_Softly_-_Broken_Man,reverb_l3,reverb,3,2.267355782679777,-0.44156708811048484
demucs,Speak_Softly_-_Broken_Man,reverb_l4,reverb,4,3.2572978579774543,-1.3446038957570332
spleeter,Speak_Softly_-_Broken_Man,reverb_l4,reverb,4,2.2335497901453065,-1.1270470565295332
demucs,Skelpolu_-_Resurrection,bitcrush_l1,bitcrush,1,1.769845535260348,1.662096650351722
spleeter,Skelpolu_-_Resurrection,bitcrush_l1,bitcrush,1,0.21930009389994007,0.1772337865341768
demucs,Skelpolu_-_Resurrection,bitcrush_l2,bitcrush,2,1.769171325981063,1.6604828874235253
spleeter,Skelpolu_-_Resurrection,bitcrush_l2,bitcrush,2,0.21933457139571885,0.17727957583651063
demucs,Skelpolu_-_Resurrection,bitcrush_l3,bitcrush,3,1.8672300951253678,1.7568299601778197
spleeter,Skelpolu_-_Resurrection,bitcrush_l3,bitcrush,3,0.22585014464552566,0.18366657229225747
demucs,Skelpolu_-_Resurrection,bitcrush_l4,bitcrush,4,1.7946532302868232,1.6935884257675897
spleeter,Skelpolu_-_Resurrection,bitcrush_l4,bitcrush,4,0.22180367875087853,0.18040020915809518
demucs,Skelpolu_-_Resurrection,compression_l1,compression,1,1.8947315014343067,1.937197145980479
spleeter,Skelpolu_-_Resurrection,compression_l1,compression,1,0.25999887033338054,0.25426648802624396
demucs,Skelpolu_-_Resurrection,compression_l2,compression,2,1.772022216122024,1.846429742662429
spleeter,Skelpolu_-_Resurrection,compression_l2,compression,2,0.27067858643045817,0.2507741106267607
demucs,Skelpolu_-_Resurrection,compression_l3,compression,3,1.5453672507204006,1.5898513902527562
spleeter,Skelpolu_-_Resurrection,compression_l3,compression,3,0.2932766917297785,0.25241136732045377
demucs,Skelpolu_-_Resurrection,compression_l4,compression,4,1.6332886004733287,1.5903221406261379
spleeter,Skelpolu_-_Resurrection,compression_l4,compression,4,0.1366089876215144,0.1255995509425001
demucs,Skelpolu_-_Resurrection,delay_l1,delay,1,1.9359347958508137,1.594107741895288
spleeter,Skelpolu_-_Resurrection,delay_l1,delay,1,0.2703606474909279,0.22476117455494882
demucs,Skelpolu_-_Resurrection,delay_l2,delay,2,1.4943970384811665,1.150803799530419
spleeter,Skelpolu_-_Resurrection,delay_l2,delay,2,-0.0019049049526427585,-0.012618207833661561
demucs,Skelpolu_-_Resurrection,delay_l3,delay,3,1.6740340153660618,1.11871021040105
spleeter,Skelpolu_-_Resurrection,delay_l3,delay,3,0.062138747172936784,0.013612638760156871
demucs,Skelpolu_-_Resurrection,delay_l4,delay,4,1.3044616010480272,0.7414738529750575
spleeter,Skelpolu_-_Resurrection,delay_l4,delay,4,-0.041435542311531584,-0.07760118143269679
demucs,Skelpolu_-_Resurrection,original,original,0,2.0032660694207087,2.0032660694207087
spleeter,Skelpolu_-_Resurrection,original,original,0,0.25425432160401384,0.25425432160401384
demucs,Skelpolu_-_Resurrection,reverb_l1,reverb,1,1.6738074310189588,0.9812518703283796
spleeter,Skelpolu_-_Resurrection,reverb_l1,reverb,1,0.010427672766207463,0.049927116357353855
demucs,Skelpolu_-_Resurrection,reverb_l2,reverb,2,-0.002108681886624776,-0.10431187232938928
spleeter,Skelpolu_-_Resurrection,reverb_l2,reverb,2,-0.10175920747832734,-0.10154577974859277
demucs,Skelpolu_-_Resurrection,reverb_l3,reverb,3,-0.12144920255680891,-0.16690506959176274
spleeter,Skelpolu_-_Resurrection,reverb_l3,reverb,3,-0.10379264558290323,-0.10386432219918564
demucs,Skelpolu_-_Resurrection,reverb_l4,reverb,4,-0.12141383139705456,-0.19519612240544462
spleeter,Skelpolu_-_Resurrection,reverb_l4,reverb,4,-0.10463782196289075,-0.10493261083453109
demucs,The_Easton_Ellises_(Baumi)_-_SDRNR,bitcrush_l1,bitcrush,1,6.27382065367984,4.231762092513014
spleeter,The_Easton_Ellises_(Baumi)_-_SDRNR,bitcrush_l1,bitcrush,1,5.424649305018711,4.365932127721698
demucs,The_Easton_Ellises_(Baumi)_-_SDRNR,bitcrush_l2,bitcrush,2,6.28549763325815,4.238393552735683
spleeter,The_Easton_Ellises_(Baumi)_-_SDRNR,bitcrush_l2,bitcrush,2,5.4252802975552346,4.366173261512794
demucs,The_Easton_Ellises_(Baumi)_-_SDRNR,bitcrush_l3,bitcrush,3,6.35292568481825,4.288386133203964
spleeter,The_Easton_Ellises_(Baumi)_-_SDRNR,bitcrush_l3,bitcrush,3,5.417630746801486,4.3623003106031435
demucs,The_Easton_Ellises_(Baumi)_-_SDRNR,bitcrush_l4,bitcrush,4,6.643956312157168,4.472151515779566
spleeter,The_Easton_Ellises_(Baumi)_-_SDRNR,bitcrush_l4,bitcrush,4,5.33921958809282,4.350623826832018
demucs,The_Easton_Ellises_(Baumi)_-_SDRNR,compression_l1,compression,1,6.476975574968492,6.504181010943208
spleeter,The_Easton_Ellises_(Baumi)_-_SDRNR,compression_l1,compression,1,5.617571106779165,5.761959910056062
demucs,The_Easton_Ellises_(Baumi)_-_SDRNR,compression_l2,compression,2,6.399169458042433,6.162288829107011
spleeter,The_Easton_Ellises_(Baumi)_-_SDRNR,compression_l2,compression,2,5.325188586610654,5.4973007704397485
demucs,The_Easton_Ellises_(Baumi)_-_SDRNR,compression_l3,compression,3,6.349066210422276,5.804143481435288
spleeter,The_Easton_Ellises_(Baumi)_-_SDRNR,compression_l3,compression,3,5.2486878652810995,5.318963245409558
demucs,The_Easton_Ellises_(Baumi)_-_SDRNR,compression_l4,compression,4,6.270959719432502,5.7579130552762825
spleeter,The_Easton_Ellises_(Baumi)_-_SDRNR,compression_l4,compression,4,5.05777593765521,4.944770396551004
demucs,The_Easton_Ellises_(Baumi)_-_SDRNR,delay_l1,delay,1,6.2314443952321374,4.717660436814645
spleeter,The_Easton_Ellises_(Baumi)_-_SDRNR,delay_l1,delay,1,5.365873981668029,4.079470408014054
demucs,The_Easton_Ellises_(Baumi)_-_SDRNR,delay_l2,delay,2,5.633368606813461,3.7550445235282055
spleeter,The_Easton_Ellises_(Baumi)_-_SDRNR,delay_l2,delay,2,5.044013433998095,3.14888567158075
demucs,The_Easton_Ellises_(Baumi)_-_SDRNR,delay_l3,delay,3,5.605978848646767,3.257104281810217
spleeter,The_Easton_Ellises_(Baumi)_-_SDRNR,delay_l3,delay,3,4.4453171527656075,2.552382257426535
demucs,The_Easton_Ellises_(Baumi)_-_SDRNR,delay_l4,delay,4,5.287101499432705,2.7747502813130867
spleeter,The_Easton_Ellises_(Baumi)_-_SDRNR,delay_l4,delay,4,4.025010172619296,2.276464628230853
demucs,The_Easton_Ellises_(Baumi)_-_SDRNR,original,original,0,6.569423111044992,6.569423111044992
spleeter,The_Easton_Ellises_(Baumi)_-_SDRNR,original,original,0,5.818479226691559,5.818479226691559
demucs,The_Easton_Ellises_(Baumi)_-_SDRNR,reverb_l1,reverb,1,6.276183594575452,5.687368723632841
spleeter,The_Easton_Ellises_(Baumi)_-_SDRNR,reverb_l1,reverb,1,5.613368905435706,4.940639572220076
demucs,The_Easton_Ellises_(Baumi)_-_SDRNR,reverb_l2,reverb,2,4.60097010414357,1.5050518980883707
spleeter,The_Easton_Ellises_(Baumi)_-_SDRNR,reverb_l2,reverb,2,4.496213572072784,0.7688897972868762
demucs,The_Easton_Ellises_(Baumi)_-_SDRNR,reverb_l3,reverb,3,3.9551798867392267,-1.1066728666797985
spleeter,The_Easton_Ellises_(Baumi)_-_SDRNR,reverb_l3,reverb,3,4.256671089916624,-1.7896799365658698
demucs,The_Easton_Ellises_(Baumi)_-_SDRNR,reverb_l4,reverb,4,3.4478458788759845,-1.8478517896400823
spleeter,The_Easton_Ellises_(Baumi)_-_SDRNR,reverb_l4,reverb,4,4.374159244374352,-2.537243858095422
demucs,Speak_Softly_-_Like_Horses,bitcrush_l1,bitcrush,1,8.477827036927767,7.959291440809995
spleeter,Speak_Softly_-_Like_Horses,bitcrush_l1,bitcrush,1,6.700379593410438,6.496721698628103
demucs,Speak_Softly_-_Like_Horses,bitcrush_l2,bitcrush,2,8.40376770844116,7.895496403943675
spleeter,Speak_Softly_-_Like_Horses,bitcrush_l2,bitcrush,2,6.7037430855292275,6.5003931822163254
demucs,Speak_Softly_-_Like_Horses,bitcrush_l3,bitcrush,3,8.373613011861293,7.883105313585369
spleeter,Speak_Softly_-_Like_Horses,bitcrush_l3,bitcrush,3,6.709487726807206,6.512660755453894
demucs,Speak_Softly_-_Like_Horses,bitcrush_l4,bitcrush,4,8.075447672587488,7.757686837275633
spleeter,Speak_Softly_-_Like_Horses,bitcrush_l4,bitcrush,4,6.622931089212781,6.533250918770284
demucs,Speak_Softly_-_Like_Horses,compression_l1,compression,1,8.865233639083721,8.603057613705351
spleeter,Speak_Softly_-_Like_Horses,compression_l1,compression,1,6.758655543287437,6.692807361246297
demucs,Speak_Softly_-_Like_Horses,compression_l2,compression,2,8.905815918335941,7.454502646497212
spleeter,Speak_Softly_-_Like_Horses,compression_l2,compression,2,6.628752513003401,5.821669458898489
demucs,Speak_Softly_-_Like_Horses,compression_l3,compression,3,8.818865850169738,6.530579631325507
spleeter,Speak_Softly_-_Like_Horses,compression_l3,compression,3,6.512620245457201,5.125121990813585
demucs,Speak_Softly_-_Like_Horses,compression_l4,compression,4,8.702757205241756,5.892635336318985
spleeter,Speak_Softly_-_Like_Horses,compression_l4,compression,4,6.38797949611249,4.715644457966812
demucs,Speak_Softly_-_Like_Horses,delay_l1,delay,1,8.453403830952961,6.097101944417172
spleeter,Speak_Softly_-_Like_Horses,delay_l1,delay,1,6.665811533780916,4.744624978801566
demucs,Speak_Softly_-_Like_Horses,delay_l2,delay,2,7.834808115819703,4.738107827046126
spleeter,Speak_Softly_-_Like_Horses,delay_l2,delay,2,6.4313671739096225,3.7143595390295236
demucs,Speak_Softly_-_Like_Horses,delay_l3,delay,3,6.962206600653015,3.7768163690582837
spleeter,Speak_Softly_-_Like_Horses,delay_l3,delay,3,5.927730174102489,2.912866359130132
demucs,Speak_Softly_-_Like_Horses,delay_l4,delay,4,6.09492266258406,3.0751460508680823
spleeter,Speak_Softly_-_Like_Horses,delay_l4,delay,4,5.43863765395948,2.345412950890008
demucs,Speak_Softly_-_Like_Horses,original,original,0,8.840301369829188,8.840301369829188
spleeter,Speak_Softly_-_Like_Horses,original,original,0,6.820167571399265,6.820167571399265
demucs,Speak_Softly_-_Like_Horses,reverb_l1,reverb,1,8.690532186820105,7.68414864262345
spleeter,Speak_Softly_-_Like_Horses,reverb_l1,reverb,1,6.713749221316046,5.928657007480692
demucs,Speak_Softly_-_Like_Horses,reverb_l2,reverb,2,7.62853615315843,2.1370519697433883
spleeter,Speak_Softly_-_Like_Horses,reverb_l2,reverb,2,6.132606163419309,1.4597559001646965
demucs,Speak_Softly_-_Like_Horses,reverb_l3,reverb,3,7.1098343665509365,-1.536402371084977
spleeter,Speak_Softly_-_Like_Horses,reverb_l3,reverb,3,5.897646128745433,-1.8964797452404
demucs,Speak_Softly_-_Like_Horses,reverb_l4,reverb,4,7.108842240921359,-2.5291741480786794
spleeter,Speak_Softly_-_Like_Horses,reverb_l4,reverb,4,5.940632436289106,-2.8956907569177837
demucs,The_Easton_Ellises_-_Falcon_69,bitcrush_l1,bitcrush,1,4.713092502932465,4.080310156243399
spleeter,The_Easton_Ellises_-_Falcon_69,bitcrush_l1,bitcrush,1,4.682679588986728,4.3859266342426375
demucs,The_Easton_Ellises_-_Falcon_69,bitcrush_l2,bitcrush,2,4.640480555481869,4.018434528358707
spleeter,The_Easton_Ellises_-_Falcon_69,bitcrush_l2,bitcrush,2,4.679740276085447,4.383842609252339
demucs,The_Easton_Ellises_-_Falcon_69,bitcrush_l3,bitcrush,3,4.760254981096528,4.122633134269074
spleeter,The_Easton_Ellises_-_Falcon_69,bitcrush_l3,bitcrush,3,4.665881794743948,4.3752914768465185
demucs,The_Easton_Ellises_-_Falcon_69,bitcrush_l4,bitcrush,4,4.682238185063825,4.122926926394335
spleeter,The_Easton_Ellises_-_Falcon_69,bitcrush_l4,bitcrush,4,4.5779094946085355,4.361468407545174
demucs,The_Easton_Ellises_-_Falcon_69,compression_l1,compression,1,4.813912435013727,4.889211031504452
spleeter,The_Easton_Ellises_-_Falcon_69,compression_l1,compression,1,4.747985530396103,4.897261709534584
demucs,The_Easton_Ellises_-_Falcon_69,compression_l2,compression,2,4.282880149812317,4.134995003763425
spleeter,The_Easton_Ellises_-_Falcon_69,compression_l2,compression,2,4.224050582775479,4.295052870038497
demucs,The_Easton_Ellises_-_Falcon_69,compression_l3,compression,3,4.056099961640732,3.568522882086893
spleeter,The_Easton_Ellises_-_Falcon_69,compression_l3,compression,3,3.8857742592810403,3.6078112446791395
demucs,The_Easton_Ellises_-_Falcon_69,compression_l4,compression,4,4.2170029684384795,3.4831931481522247
spleeter,The_Easton_Ellises_-_Falcon_69,compression_l4,compression,4,3.8743352394272597,3.368692347896074
demucs,The_Easton_Ellises_-_Falcon_69,delay_l1,delay,1,4.663624304299122,3.9405357419223574
spleeter,The_Easton_Ellises_-_Falcon_69,delay_l1,delay,1,4.515292929888726,3.6190733069366976
demucs,The_Easton_Ellises_-_Falcon_69,delay_l2,delay,2,3.529717447113421,3.0091538620942693
spleeter,The_Easton_Ellises_-_Falcon_69,delay_l2,delay,2,3.917297248073904,2.756159980619965
demucs,The_Easton_Ellises_-_Falcon_69,delay_l3,delay,3,2.9302500376131837,2.395531947461625
spleeter,The_Easton_Ellises_-_Falcon_69,delay_l3,delay,3,2.9817955790292623,2.1696409265088086
demucs,The_Easton_Ellises_-_Falcon_69,delay_l4,delay,4,2.4355679761067055,1.9489585239973355
spleeter,The_Easton_Ellises_-_Falcon_69,delay_l4,delay,4,2.593878271949687,1.8575758499762292
demucs,The_Easton_Ellises_-_Falcon_69,original,original,0,4.99890164547102,4.99890164547102
spleeter,The_Easton_Ellises_-_Falcon_69,original,original,0,4.967038023934477,4.967038023934477
demucs,The_Easton_Ellises_-_Falcon_69,reverb_l1,reverb,1,4.450269214068584,4.364327142453185
spleeter,The_Easton_Ellises_-_Falcon_69,reverb_l1,reverb,1,4.515351743858898,4.146227658497806
demucs,The_Easton_Ellises_-_Falcon_69,reverb_l2,reverb,2,2.933401010589419,1.303738428689203
spleeter,The_Easton_Ellises_-_Falcon_69,reverb_l2,reverb,2,3.537663112847049,0.9247240514978279
demucs,The_Easton_Ellises_-_Falcon_69,reverb_l3,reverb,3,2.254035481030528,-0.5272711485362623
spleeter,The_Easton_Ellises_-_Falcon_69,reverb_l3,reverb,3,3.751477934646976,-1.2318654005454426
demucs,The_Easton_Ellises_-_Falcon_69,reverb_l4,reverb,4,1.9838192422146643,-0.8861913964496181
spleeter,The_Easton_Ellises_-_Falcon_69,reverb_l4,reverb,4,3.853966672346243,-1.9334108197291975
demucs,The_Doppler_Shift_-_Atrophy,bitcrush_l1,bitcrush,1,8.729925915396404,5.7881631820760004
spleeter,The_Doppler_Shift_-_Atrophy,bitcrush_l1,bitcrush,1,6.700209906359758,5.391878342930959
demucs,The_Doppler_Shift_-_Atrophy,bitcrush_l2,bitcrush,2,8.65830424335526,5.763749860049837
spleeter,The_Doppler_Shift_-_Atrophy,bitcrush_l2,bitcrush,2,6.697954538477041,5.39139259061468
demucs,The_Doppler_Shift_-_Atrophy,bitcrush_l3,bitcrush,3,8.595598587236235,5.731794563280078
spleeter,The_Doppler_Shift_-_Atrophy,bitcrush_l3,bitcrush,3,6.690680141585544,5.395027691967029
demucs,The_Doppler_Shift_-_Atrophy,bitcrush_l4,bitcrush,4,8.393249515391076,5.705624090842939
spleeter,The_Doppler_Shift_-_Atrophy,bitcrush_l4,bitcrush,4,6.5547841363420005,5.372604096672466
demucs,The_Doppler_Shift_-_Atrophy,compression_l1,compression,1,8.795171865590364,8.8344396574523
spleeter,The_Doppler_Shift_-_Atrophy,compression_l1,compression,1,7.140311066738317,7.286639121628648
demucs,The_Doppler_Shift_-_Atrophy,compression_l2,compression,2,8.250466635146212,7.370432564767358
spleeter,The_Doppler_Shift_-_Atrophy,compression_l2,compression,2,6.683377936059082,6.244362476169747
demucs,The_Doppler_Shift_-_Atrophy,compression_l3,compression,3,7.924508128497061,6.352624413352434
spleeter,The_Doppler_Shift_-_Atrophy,compression_l3,compression,3,6.356184148674846,5.359400175099117
demucs,The_Doppler_Shift_-_Atrophy,compression_l4,compression,4,7.585867413265568,5.884593376836702
spleeter,The_Doppler_Shift_-_Atrophy,compression_l4,compression,4,6.192414371464777,4.934704789774072
demucs,The_Doppler_Shift_-_Atrophy,delay_l1,delay,1,8.527905396848547,6.271299704352601
spleeter,The_Doppler_Shift_-_Atrophy,delay_l1,delay,1,6.982297901573112,5.273758377086612
demucs,The_Doppler_Shift_-_Atrophy,delay_l2,delay,2,8.050564446449378,4.852324772227589
spleeter,The_Doppler_Shift_-_Atrophy,delay_l2,delay,2,6.520967781866394,4.124446230207402
demucs,The_Doppler_Shift_-_Atrophy,delay_l3,delay,3,7.392518051931872,3.9210066519040776
spleeter,The_Doppler_Shift_-_Atrophy,delay_l3,delay,3,5.898772451667021,3.465564831041998
demucs,The_Doppler_Shift_-_Atrophy,delay_l4,delay,4,7.0598039209571795,3.289298093002037
spleeter,The_Doppler_Shift_-_Atrophy,delay_l4,delay,4,5.583468661493622,2.9696662146332575
demucs,The_Doppler_Shift_-_Atrophy,original,original,0,9.075129398228917,9.075129398228917
spleeter,The_Doppler_Shift_-_Atrophy,original,original,0,7.451229222890941,7.451229222890941
demucs,The_Doppler_Shift_-_Atrophy,reverb_l1,reverb,1,8.533232111886743,7.840793532589146
spleeter,The_Doppler_Shift_-_Atrophy,reverb_l1,reverb,1,7.043526545151124,6.44896627001565
demucs,The_Doppler_Shift_-_Atrophy,reverb_l2,reverb,2,6.657297318331105,2.4586085428233897
spleeter,The_Doppler_Shift_-_Atrophy,reverb_l2,reverb,2,5.567507090612139,1.9207192662388533
demucs,The_Doppler_Shift_-_Atrophy,reverb_l3,reverb,3,5.878194028846146,-0.9515622679548509
spleeter,The_Doppler_Shift_-_Atrophy,reverb_l3,reverb,3,5.087287551722813,-0.986454013507767
demucs,The_Doppler_Shift_-_Atrophy,reverb_l4,reverb,4,5.813890774037676,-1.9086810966195822
spleeter,The_Doppler_Shift_-_Atrophy,reverb_l4,reverb,4,5.176097868432344,-1.8894997757263243
demucs,Tom_McKenzie_-_Directions,bitcrush_l1,bitcrush,1,10.673391199958257,6.2978748081010725
spleeter,Tom_McKenzie_-_Directions,bitcrush_l1,bitcrush,1,8.019737679295641,5.65591463179869
demucs,Tom_McKenzie_-_Directions,bitcrush_l2,bitcrush,2,10.656223750161244,6.312564318585886
spleeter,Tom_McKenzie_-_Directions,bitcrush_l2,bitcrush,2,8.015512033411191,5.655983005390777
demucs,Tom_McKenzie_-_Directions,bitcrush_l3,bitcrush,3,10.713098629689483,6.270164541405948
spleeter,Tom_McKenzie_-_Directions,bitcrush_l3,bitcrush,3,7.941151615435525,5.628182884315473
demucs,Tom_McKenzie_-_Directions,bitcrush_l4,bitcrush,4,10.24191383959354,6.150281071154556
spleeter,Tom_McKenzie_-_Directions,bitcrush_l4,bitcrush,4,7.501395099574342,5.555706490468299
demucs,Tom_McKenzie_-_Directions,compression_l1,compression,1,10.53422653991717,10.715794441790186
spleeter,Tom_McKenzie_-_Directions,compression_l1,compression,1,8.323642574900772,8.540092459015952
demucs,Tom_McKenzie_-_Directions,compression_l2,compression,2,9.577368258681954,9.165706080610349
spleeter,Tom_McKenzie_-_Directions,compression_l2,compression,2,7.389430454297767,7.462307070771312
demucs,Tom_McKenzie_-_Directions,compression_l3,compression,3,8.635701721249978,7.653528101133564
spleeter,Tom_McKenzie_-_Directions,compression_l3,compression,3,6.626106498534135,6.371235377842586
demucs,Tom_McKenzie_-_Directions,compression_l4,compression,4,8.20310607874861,6.965601871820121
spleeter,Tom_McKenzie_-_Directions,compression_l4,compression,4,6.432432316015081,5.847576327784169
demucs,Tom_McKenzie_-_Directions,delay_l1,delay,1,10.31830107357793,6.789194164631915
spleeter,Tom_McKenzie_-_Directions,delay_l1,delay,1,8.106158632932132,5.629387210179928
demucs,Tom_McKenzie_-_Directions,delay_l2,delay,2,9.864328318940286,5.003545341067125
spleeter,Tom_McKenzie_-_Directions,delay_l2,delay,2,8.006955505220022,4.316032866046268
demucs,Tom_McKenzie_-_Directions,delay_l3,delay,3,9.468670020033999,3.932665717959132
spleeter,Tom_McKenzie_-_Directions,delay_l3,delay,3,7.2844732596442485,3.461817904765789
demucs,Tom_McKenzie_-_Directions,delay_l4,delay,4,9.069920236905181,3.2746152892426954
spleeter,Tom_McKenzie_-_Directions,delay_l4,delay,4,6.9500757619245075,3.093046227600482
demucs,Tom_McKenzie_-_Directions,original,original,0,10.83906303077281,10.83906303077281
spleeter,Tom_McKenzie_-_Directions,original,original,0,8.643509153493639,8.643509153493639
demucs,Tom_McKenzie_-_Directions,reverb_l1,reverb,1,10.041594117140026,8.517966131629265
spleeter,Tom_McKenzie_-_Directions,reverb_l1,reverb,1,7.997033839116481,6.848270058624079
demucs,Tom_McKenzie_-_Directions,reverb_l2,reverb,2,8.320169594919168,1.7723602265153928
spleeter,Tom_McKenzie_-_Directions,reverb_l2,reverb,2,6.5596780393992535,1.3624564615312964
demucs,Tom_McKenzie_-_Directions,reverb_l3,reverb,3,7.880101537751376,-1.4359615494983347
spleeter,Tom_McKenzie_-_Directions,reverb_l3,reverb,3,6.319319526113956,-1.5586841348492009
demucs,Tom_McKenzie_-_Directions,reverb_l4,reverb,4,7.79162826986828,-2.3386369690347077
spleeter,Tom_McKenzie_-_Directions,reverb_l4,reverb,4,6.3653105893856345,-2.4263773105584208
demucs,The_Mountaineering_Club_-_Mallory,bitcrush_l1,bitcrush,1,11.91272693639493,8.811725734490148
spleeter,The_Mountaineering_Club_-_Mallory,bitcrush_l1,bitcrush,1,8.947192492954493,7.574387476589036
demucs,The_Mountaineering_Club_-_Mallory,bitcrush_l2,bitcrush,2,11.895489193066558,8.804829727584842
spleeter,The_Mountaineering_Club_-_Mallory,bitcrush_l2,bitcrush,2,8.940830632929448,7.570268897498707
demucs,The_Mountaineering_Club_-_Mallory,bitcrush_l3,bitcrush,3,11.850436463777596,8.802883963924323
spleeter,The_Mountaineering_Club_-_Mallory,bitcrush_l3,bitcrush,3,8.901858452525545,7.544903946325684
demucs,The_Mountaineering_Club_-_Mallory,bitcrush_l4,bitcrush,4,11.187786674134259,8.687849726264389
spleeter,The_Mountaineering_Club_-_Mallory,bitcrush_l4,bitcrush,4,8.588686455873617,7.406066479321657
demucs,The_Mountaineering_Club_-_Mallory,compression_l1,compression,1,11.97423789985418,11.52119854397511
spleeter,The_Mountaineering_Club_-_Mallory,compression_l1,compression,1,9.199281553193355,9.036363524959603
demucs,The_Mountaineering_Club_-_Mallory,compression_l2,compression,2,11.426931447482858,8.514232969869376
spleeter,The_Mountaineering_Club_-_Mallory,compression_l2,compression,2,8.721683339356117,7.021692575260177
demucs,The_Mountaineering_Club_-_Mallory,compression_l3,compression,3,11.005222056533823,6.184723700577077
spleeter,The_Mountaineering_Club_-_Mallory,compression_l3,compression,3,8.328679265132417,5.22846910721014
demucs,The_Mountaineering_Club_-_Mallory,compression_l4,compression,4,11.359205364297688,5.193019146262273
spleeter,The_Mountaineering_Club_-_Mallory,compression_l4,compression,4,8.50646182634764,4.568200759678155
demucs,The_Mountaineering_Club_-_Mallory,delay_l1,delay,1,11.304012797044676,7.34530143459552
spleeter,The_Mountaineering_Club_-_Mallory,delay_l1,delay,1,9.077634184479361,6.204551384912065
demucs,The_Mountaineering_Club_-_Mallory,delay_l2,delay,2,10.431505460248898,5.386958390253613
spleeter,The_Mountaineering_Club_-_Mallory,delay_l2,delay,2,8.210855602983338,4.679607691000736
demucs,The_Mountaineering_Club_-_Mallory,delay_l3,delay,3,9.876351278226377,4.1936640226359145
spleeter,The_Mountaineering_Club_-_Mallory,delay_l3,delay,3,7.564865947984836,3.6614077496313606
demucs,The_Mountaineering_Club_-_Mallory,delay_l4,delay,4,9.390739453802277,3.601654422118901
spleeter,The_Mountaineering_Club_-_Mallory,delay_l4,delay,4,7.183283675858539,3.1739306606457474
demucs,The_Mountaineering_Club_-_Mallory,original,original,0,12.089407315584502,12.089407315584502
spleeter,The_Mountaineering_Club_-_Mallory,original,original,0,9.376219313734074,9.376219313734074
demucs,The_Mountaineering_Club_-_Mallory,reverb_l1,reverb,1,11.292664846638571,9.404339071649337
spleeter,The_Mountaineering_Club_-_Mallory,reverb_l1,reverb,1,9.030886673200733,7.570736307141001
demucs,The_Mountaineering_Club_-_Mallory,reverb_l2,reverb,2,9.286930548439669,1.9365396167972906
spleeter,The_Mountaineering_Club_-_Mallory,reverb_l2,reverb,2,7.477627455812081,1.5450106801052035
demucs,The_Mountaineering_Club_-_Mallory,reverb_l3,reverb,3,8.103291790266363,-1.4207340093821101
spleeter,The_Mountaineering_Club_-_Mallory,reverb_l3,reverb,3,6.7985111382076635,-1.5393021673788987
demucs,The_Mountaineering_Club_-_Mallory,reverb_l4,reverb,4,7.9152805993816,-2.3251466733286175
spleeter,The_Mountaineering_Club_-_Mallory,reverb_l4,reverb,4,6.708260196128318,-2.41711215148458
demucs,The_Long_Wait_-_Dark_Horses,bitcrush_l1,bitcrush,1,9.179589831643343,6.437621935589189
spleeter,The_Long_Wait_-_Dark_Horses,bitcrush_l1,bitcrush,1,7.20763163938938,5.777693119990776
demucs,The_Long_Wait_-_Dark_Horses,bitcrush_l2,bitcrush,2,9.161607197370484,6.429867903553416
spleeter,The_Long_Wait_-_Dark_Horses,bitcrush_l2,bitcrush,2,7.20729793045029,5.7795236301993835
demucs,The_Long_Wait_-_Dark_Horses,bitcrush_l3,bitcrush,3,9.136348871346994,6.430575562030776
spleeter,The_Long_Wait_-_Dark_Horses,bitcrush_l3,bitcrush,3,7.2226706486571,5.81011570432409
demucs,The_Long_Wait_-_Dark_Horses,bitcrush_l4,bitcrush,4,8.659972058953805,6.279820305861875
spleeter,The_Long_Wait_-_Dark_Horses,bitcrush_l4,bitcrush,4,6.854347254507477,5.717681553454589
demucs,The_Long_Wait_-_Dark_Horses,compression_l1,compression,1,9.612764198634745,9.58452896780487
spleeter,The_Long_Wait_-_Dark_Horses,compression_l1,compression,1,7.585399124572457,7.687967866003386
demucs,The_Long_Wait_-_Dark_Horses,compression_l2,compression,2,9.33018161809976,8.430134965217942
spleeter,The_Long_Wait_-_Dark_Horses,compression_l2,compression,2,7.300840539661122,6.986606819943307
demucs,The_Long_Wait_-_Dark_Horses,compression_l3,compression,3,8.972922867723353,7.28316241099633
spleeter,The_Long_Wait_-_Dark_Horses,compression_l3,compression,3,7.043213037491494,6.175591037402446
demucs,The_Long_Wait_-_Dark_Horses,compression_l4,compression,4,8.845195318117048,6.466886008271607
spleeter,The_Long_Wait_-_Dark_Horses,compression_l4,compression,4,6.94496905687863,5.4592982584210485
demucs,The_Long_Wait_-_Dark_Horses,delay_l1,delay,1,9.00614887245335,6.590718125001107
spleeter,The_Long_Wait_-_Dark_Horses,delay_l1,delay,1,7.2109415412292845,5.399659255223704
demucs,The_Long_Wait_-_Dark_Horses,delay_l2,delay,2,8.202561368168217,5.030341795007906
spleeter,The_Long_Wait_-_Dark_Horses,delay_l2,delay,2,6.708811745079685,4.288964784137948
demucs,The_Long_Wait_-_Dark_Horses,delay_l3,delay,3,7.585755239639118,3.9562791081437307
spleeter,The_Long_Wait_-_Dark_Horses,delay_l3,delay,3,6.0524397724368075,3.6190585728997924
demucs,The_Long_Wait_-_Dark_Horses,delay_l4,delay,4,7.075728691442023,3.309518249179124
spleeter,The_Long_Wait_-_Dark_Horses,delay_l4,delay,4,5.380659518387072,3.198474414211545
demucs,The_Long_Wait_-_Dark_Horses,original,original,0,9.70725812416719,9.70725812416719
spleeter,The_Long_Wait_-_Dark_Horses,original,original,0,7.7131575157314245,7.7131575157314245
demucs,The_Long_Wait_-_Dark_Horses,reverb_l1,reverb,1,9.320579738882214,8.329008098024598
spleeter,The_Long_Wait_-_Dark_Horses,reverb_l1,reverb,1,7.451070952621278,6.661467367243677
demucs,The_Long_Wait_-_Dark_Horses,reverb_l2,reverb,2,7.882996670241191,2.4282213060116997
spleeter,The_Long_Wait_-_Dark_Horses,reverb_l2,reverb,2,6.471917299946713,1.8897813728746482
demucs,The_Long_Wait_-_Dark_Horses,reverb_l3,reverb,3,7.481636607502073,-1.2890729187069958
spleeter,The_Long_Wait_-_Dark_Horses,reverb_l3,reverb,3,6.187644418850786,-1.2998449357389343
demucs,The_Long_Wait_-_Dark_Horses,reverb_l4,reverb,4,7.412354023169137,-2.2931680599486906
spleeter,The_Long_Wait_-_Dark_Horses,reverb_l4,reverb,4,6.246579355068873,-2.2489340926542183
demucs,Timboz_-_Pony,bitcrush_l1,bitcrush,1,5.459704843734637,4.1629623105646045
spleeter,Timboz_-_Pony,bitcrush_l1,bitcrush,1,3.7545829742736974,3.1212424839943207
demucs,Timboz_-_Pony,bitcrush_l2,bitcrush,2,5.448769124679053,4.159491391852675
spleeter,Timboz_-_Pony,bitcrush_l2,bitcrush,2,3.7514178869294694,3.119027631812989
demucs,Timboz_-_Pony,bitcrush_l3,bitcrush,3,5.431514040054574,4.154782316631192
spleeter,Timboz_-_Pony,bitcrush_l3,bitcrush,3,3.7505004950346694,3.1241285526136124
demucs,Timboz_-_Pony,bitcrush_l4,bitcrush,4,5.20612435465249,4.0888822427001035
spleeter,Timboz_-_Pony,bitcrush_l4,bitcrush,4,3.560011472985529,3.0202012208507605
demucs,Timboz_-_Pony,compression_l1,compression,1,5.391163626425631,5.489068020427616
spleeter,Timboz_-_Pony,compression_l1,compression,1,3.898247801428309,4.052096379894182
demucs,Timboz_-_Pony,compression_l2,compression,2,5.00995759077666,5.2547158964184675
spleeter,Timboz_-_Pony,compression_l2,compression,2,3.510079855156336,3.890897450417165
demucs,Timboz_-_Pony,compression_l3,compression,3,4.620797177548998,4.765125005809003
spleeter,Timboz_-_Pony,compression_l3,compression,3,3.1379078054607605,3.542501718730616
demucs,Timboz_-_Pony,compression_l4,compression,4,4.553955686983187,4.123757708200902
spleeter,Timboz_-_Pony,compression_l4,compression,4,2.8249478087087194,2.949154576655272
demucs,Timboz_-_Pony,delay_l1,delay,1,5.201627123224942,4.295620848427751
spleeter,Timboz_-_Pony,delay_l1,delay,1,3.511231905030513,2.941933009850382
demucs,Timboz_-_Pony,delay_l2,delay,2,4.702750992191272,3.5811001015060246
spleeter,Timboz_-_Pony,delay_l2,delay,2,2.8554323530252477,2.2188056687464925
demucs,Timboz_-_Pony,delay_l3,delay,3,4.152541959134864,3.0754857413297816
spleeter,Timboz_-_Pony,delay_l3,delay,3,1.8060947875346107,1.4650829970216743
demucs,Timboz_-_Pony,delay_l4,delay,4,3.686870829684692,2.724293169762488
spleeter,Timboz_-_Pony,delay_l4,delay,4,1.0630544793380472,1.042399814148241
demucs,Timboz_-_Pony,original,original,0,5.517602538523062,5.517602538523062
spleeter,Timboz_-_Pony,original,original,0,4.019837059991048,4.019837059991048
demucs,Timboz_-_Pony,reverb_l1,reverb,1,4.918767759050874,4.883613591819456
spleeter,Timboz_-_Pony,reverb_l1,reverb,1,3.4444744989447735,3.478864491620878
demucs,Timboz_-_Pony,reverb_l2,reverb,2,2.6265735992356993,1.6914626018915089
spleeter,Timboz_-_Pony,reverb_l2,reverb,2,0.9370684602779853,0.751435051346882
demucs,Timboz_-_Pony,reverb_l3,reverb,3,1.7984399881523734,-0.281817185670543
spleeter,Timboz_-_Pony,reverb_l3,reverb,3,0.3576200583195461,-0.045611379370227266
demucs,Timboz_-_Pony,reverb_l4,reverb,4,1.7153491592902756,-0.8312678090281553
spleeter,Timboz_-_Pony,reverb_l4,reverb,4,0.3475339395927226,-0.20967368882693657
demucs,Triviul_feat._The_Fiend_-_Widow,bitcrush_l1,bitcrush,1,9.779391911610409,5.875763459488981
spleeter,Triviul_feat._The_Fiend_-_Widow,bitcrush_l1,bitcrush,1,7.7493162348867095,5.690942617981713
demucs,Triviul_feat._The_Fiend_-_Widow,bitcrush_l2,bitcrush,2,9.792804494561086,5.875444734180807
spleeter,Triviul_feat._The_Fiend_-_Widow,bitcrush_l2,bitcrush,2,7.752505290404743,5.693159967262274
demucs,Triviul_feat._The_Fiend_-_Widow,bitcrush_l3,bitcrush,3,9.780293981035822,5.885428680779058
spleeter,Triviul_feat._The_Fiend_-_Widow,bitcrush_l3,bitcrush,3,7.755017930804958,5.6974147364863414
demucs,Triviul_feat._The_Fiend_-_Widow,bitcrush_l4,bitcrush,4,9.509479254197373,5.867931807028671
spleeter,Triviul_feat._The_Fiend_-_Widow,bitcrush_l4,bitcrush,4,7.613797179597292,5.648857911848724
demucs,Triviul_feat._The_Fiend_-_Widow,compression_l1,compression,1,9.8047905217903,9.64406273128168
spleeter,Triviul_feat._The_Fiend_-_Widow,compression_l1,compression,1,8.402102257200829,8.395579879543876
demucs,Triviul_feat._The_Fiend_-_Widow,compression_l2,compression,2,9.579560136877156,8.22831638635622
spleeter,Triviul_feat._The_Fiend_-_Widow,compression_l2,compression,2,8.097885494791761,7.3518537031729245
demucs,Triviul_feat._The_Fiend_-_Widow,compression_l3,compression,3,9.52420467514455,7.037685409157794
spleeter,Triviul_feat._The_Fiend_-_Widow,compression_l3,compression,3,7.936737774321338,6.416173846863965
demucs,Triviul_feat._The_Fiend_-_Widow,compression_l4,compression,4,9.666129735333419,6.657793977810236
spleeter,Triviul_feat._The_Fiend_-_Widow,compression_l4,compression,4,7.728456059192359,5.916334830157832
demucs,Triviul_feat._The_Fiend_-_Widow,delay_l1,delay,1,9.572422341157102,6.473936686394959
spleeter,Triviul_feat._The_Fiend_-_Widow,delay_l1,delay,1,8.247425398323383,5.696236025260784
demucs,Triviul_feat._The_Fiend_-_Widow,delay_l2,delay,2,8.89373361221195,4.890942356676461
spleeter,Triviul_feat._The_Fiend_-_Widow,delay_l2,delay,2,7.4671082861461215,4.1414384761559555
demucs,Triviul_feat._The_Fiend_-_Widow,delay_l3,delay,3,8.205783637480234,3.996377171340917
spleeter,Triviul_feat._The_Fiend_-_Widow,delay_l3,delay,3,6.8694878152845975,3.401402817697492
demucs,Triviul_feat._The_Fiend_-_Widow,delay_l4,delay,4,7.5940813678421435,3.27218483927234
spleeter,Triviul_feat._The_Fiend_-_Widow,delay_l4,delay,4,6.412591853284551,2.966044681765909
demucs,Triviul_feat._The_Fiend_-_Widow,original,original,0,9.952445587138712,9.952218729649744
spleeter,Triviul_feat._The_Fiend_-_Widow,original,original,0,8.537866582097806,8.538020497653703
demucs,Triviul_feat._The_Fiend_-_Widow,reverb_l1,reverb,1,9.76100983870224,8.231376034508596
spleeter,Triviul_feat._The_Fiend_-_Widow,reverb_l1,reverb,1,8.31322221883074,7.10305755075742
demucs,Triviul_feat._The_Fiend_-_Widow,reverb_l2,reverb,2,8.864257894868002,2.092543610034517
spleeter,Triviul_feat._The_Fiend_-_Widow,reverb_l2,reverb,2,7.310101066279393,1.752357703574473
demucs,Triviul_feat._The_Fiend_-_Widow,reverb_l3,reverb,3,8.037594632779724,-1.333712082305143
spleeter,Triviul_feat._The_Fiend_-_Widow,reverb_l3,reverb,3,7.036994072528473,-1.4588243323852634
demucs,Triviul_feat._The_Fiend_-_Widow,reverb_l4,reverb,4,7.802033875416756,-2.264582346669179
spleeter,Triviul_feat._The_Fiend_-_Widow,reverb_l4,reverb,4,7.071505646085264,-2.371163526425052
demucs,The_Sunshine_Garcia_Band_-_For_I_Am_The_Moon,bitcrush_l1,bitcrush,1,10.048946613272618,6.382631430663984
spleeter,The_Sunshine_Garcia_Band_-_For_I_Am_The_Moon,bitcrush_l1,bitcrush,1,9.03237232686156,6.563268181092653
demucs,The_Sunshine_Garcia_Band_-_For_I_Am_The_Moon,bitcrush_l2,bitcrush,2,10.029339482875743,6.363381639958952
spleeter,The_Sunshine_Garcia_Band_-_For_I_Am_The_Moon,bitcrush_l2,bitcrush,2,9.030290648969068,6.563018496783287
demucs,The_Sunshine_Garcia_Band_-_For_I_Am_The_Moon,bitcrush_l3,bitcrush,3,9.964662270320051,6.351715254188248
spleeter,The_Sunshine_Garcia_Band_-_For_I_Am_The_Moon,bitcrush_l3,bitcrush,3,9.045752498771654,6.579486268850251
demucs,The_Sunshine_Garcia_Band_-_For_I_Am_The_Moon,bitcrush_l4,bitcrush,4,9.493410814742079,6.265063821831413
spleeter,The_Sunshine_Garcia_Band_-_For_I_Am_The_Moon,bitcrush_l4,bitcrush,4,8.716904215602177,6.481908584320134
demucs,The_Sunshine_Garcia_Band_-_For_I_Am_The_Moon,compression_l1,compression,1,10.670369353709164,10.419488330038835
spleeter,The_Sunshine_Garcia_Band_-_For_I_Am_The_Moon,compression_l1,compression,1,9.85231608376776,9.781432739976
demucs,The_Sunshine_Garcia_Band_-_For_I_Am_The_Moon,compression_l2,compression,2,10.940086121738585,9.45543798062179
spleeter,The_Sunshine_Garcia_Band_-_For_I_Am_The_Moon,compression_l2,compression,2,9.677861399808737,8.762097768103118
demucs,The_Sunshine_Garcia_Band_-_For_I_Am_The_Moon,compression_l3,compression,3,10.72593560673691,8.167672425839708
spleeter,The_Sunshine_Garcia_Band_-_For_I_Am_The_Moon,compression_l3,compression,3,9.499985060705566,7.72087895994149
demucs,The_Sunshine_Garcia_Band_-_For_I_Am_The_Moon,compression_l4,compression,4,10.785236225404756,7.804804027490485
spleeter,The_Sunshine_Garcia_Band_-_For_I_Am_The_Moon,compression_l4,compression,4,9.273866488720952,7.268956608681167
demucs,The_Sunshine_Garcia_Band_-_For_I_Am_The_Moon,delay_l1,delay,1,10.411558401046506,6.871290769330333
spleeter,The_Sunshine_Garcia_Band_-_For_I_Am_The_Moon,delay_l1,delay,1,9.601997222009416,6.271206406445722
demucs,The_Sunshine_Garcia_Band_-_For_I_Am_The_Moon,delay_l2,delay,2,10.210817058615365,5.2242937416026125
spleeter,The_Sunshine_Garcia_Band_-_For_I_Am_The_Moon,delay_l2,delay,2,9.171367735712519,4.637813068082684
demucs,The_Sunshine_Garcia_Band_-_For_I_Am_The_Moon,delay_l3,delay,3,9.910561900224545,4.168263310128575
spleeter,The_Sunshine_Garcia_Band_-_For_I_Am_The_Moon,delay_l3,delay,3,8.752188263558837,3.659222202325556
demucs,The_Sunshine_Garcia_Band_-_For_I_Am_The_Moon,delay_l4,delay,4,9.28063493287361,3.447003543991446
spleeter,The_Sunshine_Garcia_Band_-_For_I_Am_The_Moon,delay_l4,delay,4,7.9712800476867205,3.062976500613618
demucs,The_Sunshine_Garcia_Band_-_For_I_Am_The_Moon,original,original,0,10.534034680477134,10.534034680477134
spleeter,The_Sunshine_Garcia_Band_-_For_I_Am_The_Moon,original,original,0,9.881457730772915,9.881457730772915
demucs,The_Sunshine_Garcia_Band_-_For_I_Am_The_Moon,reverb_l1,reverb,1,10.104739044755837,8.594775747882814
spleeter,The_Sunshine_Garcia_Band_-_For_I_Am_The_Moon,reverb_l1,reverb,1,9.507519827533322,7.926832982096503
demucs,The_Sunshine_Garcia_Band_-_For_I_Am_The_Moon,reverb_l2,reverb,2,8.000698258883459,2.389855890503492
spleeter,The_Sunshine_Garcia_Band_-_For_I_Am_The_Moon,reverb_l2,reverb,2,7.900621236388844,1.9195875814829404
demucs,The_Sunshine_Garcia_Band_-_For_I_Am_The_Moon,reverb_l3,reverb,3,7.399687571670985,-1.106929057872383
spleeter,The_Sunshine_Garcia_Band_-_For_I_Am_The_Moon,reverb_l3,reverb,3,7.113591979587537,-1.3376374482478373
demucs,The_Sunshine_Garcia_Band_-_For_I_Am_The_Moon,reverb_l4,reverb,4,7.419808326413917,-2.1125815065928557
spleeter,The_Sunshine_Garcia_Band_-_For_I_Am_The_Moon,reverb_l4,reverb,4,7.097457725440739,-2.309398765755359
demucs,We_Fell_From_The_Sky_-_Not_You,bitcrush_l1,bitcrush,1,6.636270927646278,3.657111050370903
spleeter,We_Fell_From_The_Sky_-_Not_You,bitcrush_l1,bitcrush,1,4.457855652683663,3.083781245862693
demucs,We_Fell_From_The_Sky_-_Not_You,bitcrush_l2,bitcrush,2,6.637883570099249,3.659145977356015
spleeter,We_Fell_From_The_Sky_-_Not_You,bitcrush_l2,bitcrush,2,4.458183879598378,3.0852754589632414
demucs,We_Fell_From_The_Sky_-_Not_You,bitcrush_l3,bitcrush,3,6.615451903988694,3.662394083370124
spleeter,We_Fell_From_The_Sky_-_Not_You,bitcrush_l3,bitcrush,3,4.458900656856253,3.09960404894805
demucs,We_Fell_From_The_Sky_-_Not_You,bitcrush_l4,bitcrush,4,6.277380612951303,3.6524548116964444
spleeter,We_Fell_From_The_Sky_-_Not_You,bitcrush_l4,bitcrush,4,4.290152793423156,3.1076118536956034
demucs,We_Fell_From_The_Sky_-_Not_You,compression_l1,compression,1,6.615444410252921,6.751156202939414
spleeter,We_Fell_From_The_Sky_-_Not_You,compression_l1,compression,1,4.784356911014779,5.00844230070606
demucs,We_Fell_From_The_Sky_-_Not_You,compression_l2,compression,2,6.09721908954551,5.6603112653205585
spleeter,We_Fell_From_The_Sky_-_Not_You,compression_l2,compression,2,4.242190216802885,4.165883053828774
demucs,We_Fell_From_The_Sky_-_Not_You,compression_l3,compression,3,5.832976720975146,4.663990293559105
spleeter,We_Fell_From_The_Sky_-_Not_You,compression_l3,compression,3,3.9982178786428375,3.3810014931131995
demucs,We_Fell_From_The_Sky_-_Not_You,compression_l4,compression,4,6.0523987729733975,4.316096164189793
spleeter,We_Fell_From_The_Sky_-_Not_You,compression_l4,compression,4,4.132003587331177,3.1251510716359707
demucs,We_Fell_From_The_Sky_-_Not_You,delay_l1,delay,1,6.274697553388574,5.17769855566955
spleeter,We_Fell_From_The_Sky_-_Not_You,delay_l1,delay,1,4.492331987657707,3.766100449103689
demucs,We_Fell_From_The_Sky_-_Not_You,delay_l2,delay,2,5.633824789440789,4.274692944985194
spleeter,We_Fell_From_The_Sky_-_Not_You,delay_l2,delay,2,3.685223892709961,2.9171592237738797
demucs,We_Fell_From_The_Sky_-_Not_You,delay_l3,delay,3,5.120715752766664,3.67890754698162
spleeter,We_Fell_From_The_Sky_-_Not_You,delay_l3,delay,3,3.183754745665963,2.5990088198765475
demucs,We_Fell_From_The_Sky_-_Not_You,delay_l4,delay,4,4.710005464592728,3.2968549743529136
spleeter,We_Fell_From_The_Sky_-_Not_You,delay_l4,delay,4,2.680934515728115,2.3476427760250558
demucs,We_Fell_From_The_Sky_-_Not_You,original,original,0,6.856673520748525,6.856673520748525
spleeter,We_Fell_From_The_Sky_-_Not_You,original,original,0,5.013063265476669,5.013063265476669
demucs,We_Fell_From_The_Sky_-_Not_You,reverb_l1,reverb,1,6.381611196234555,6.246443582977718
spleeter,We_Fell_From_The_Sky_-_Not_You,reverb_l1,reverb,1,4.551713896638155,4.432781520575785
demucs,We_Fell_From_The_Sky_-_Not_You,reverb_l2,reverb,2,4.667424830058645,2.294307304692384
spleeter,We_Fell_From_The_Sky_-_Not_You,reverb_l2,reverb,2,2.9251931566913236,1.4577272032357311
demucs,We_Fell_From_The_Sky_-_Not_You,reverb_l3,reverb,3,3.803047037149124,-0.6898947191940036
spleeter,We_Fell_From_The_Sky_-_Not_You,reverb_l3,reverb,3,2.420592178301951,-0.8279894469108091
demucs,We_Fell_From_The_Sky_-_Not_You,reverb_l4,reverb,4,3.68927327543666,-1.5143830012961468
spleeter,We_Fell_From_The_Sky_-_Not_You,reverb_l4,reverb,4,2.429366972929568,-1.490062382715195
demucs,Zeno_-_Signs,bitcrush_l1,bitcrush,1,8.411537459783037,5.943712106900247
spleeter,Zeno_-_Signs,bitcrush_l1,bitcrush,1,6.210159323708706,4.968204099934161
demucs,Zeno_-_Signs,bitcrush_l2,bitcrush,2,8.431002083560339,5.985690268060088
spleeter,Zeno_-_Signs,bitcrush_l2,bitcrush,2,6.210473384396696,4.969292094647206
demucs,Zeno_-_Signs,bitcrush_l3,bitcrush,3,8.411325774786638,5.977314380679233
spleeter,Zeno_-_Signs,bitcrush_l3,bitcrush,3,6.196184369755238,4.962692652271899
demucs,Zeno_-_Signs,bitcrush_l4,bitcrush,4,8.221859734057796,5.961587440109735
spleeter,Zeno_-_Signs,bitcrush_l4,bitcrush,4,6.083995615719656,4.9356111086662064
demucs,Zeno_-_Signs,compression_l1,compression,1,8.706746747818412,8.643100436996502
spleeter,Zeno_-_Signs,compression_l1,compression,1,6.7529561673544585,6.728169202765738
demucs,Zeno_-_Signs,compression_l2,compression,2,8.405472396827138,7.525345019676304
spleeter,Zeno_-_Signs,compression_l2,compression,2,6.419694236047585,5.98061997712062
demucs,Zeno_-_Signs,compression_l3,compression,3,7.885763373638744,6.241652750601981
spleeter,Zeno_-_Signs,compression_l3,compression,3,5.781581378338805,4.982595749038937
demucs,Zeno_-_Signs,compression_l4,compression,4,7.211526375173621,5.27378022594969
spleeter,Zeno_-_Signs,compression_l4,compression,4,5.199289909102136,4.113937613955096
demucs,Zeno_-_Signs,delay_l1,delay,1,8.228263219688564,6.220694814103053
spleeter,Zeno_-_Signs,delay_l1,delay,1,6.365641229024742,4.8368262514206855
demucs,Zeno_-_Signs,delay_l2,delay,2,7.19849125014293,5.056015454010855
spleeter,Zeno_-_Signs,delay_l2,delay,2,5.6791657226745205,3.9074411734887877
demucs,Zeno_-_Signs,delay_l3,delay,3,6.45224281522156,4.148637810446418
spleeter,Zeno_-_Signs,delay_l3,delay,3,5.073254190537283,3.280663127686472
demucs,Zeno_-_Signs,delay_l4,delay,4,5.785526954058583,3.6604444767949174
spleeter,Zeno_-_Signs,delay_l4,delay,4,4.140420531856142,2.6840819290004516
demucs,Zeno_-_Signs,original,original,0,8.796412330600393,8.796412330600393
spleeter,Zeno_-_Signs,original,original,0,6.7409170400884495,6.7409170400884495
demucs,Zeno_-_Signs,reverb_l1,reverb,1,8.342300577240414,7.627809934383678
spleeter,Zeno_-_Signs,reverb_l1,reverb,1,6.3935262850456205,5.823413966359684
demucs,Zeno_-_Signs,reverb_l2,reverb,2,6.991560241216614,2.0828876359134445
spleeter,Zeno_-_Signs,reverb_l2,reverb,2,5.537306073433874,1.5369190331292195
demucs,Zeno_-_Signs,reverb_l3,reverb,3,6.716691557152174,-1.3552138580909032
spleeter,Zeno_-_Signs,reverb_l3,reverb,3,5.370818499530419,-1.4714387924629593
demucs,Zeno_-_Signs,reverb_l4,reverb,4,6.589000610976331,-2.2118530697527565
spleeter,Zeno_-_Signs,reverb_l4,reverb,4,5.523979372004648,-2.354701346324167
