model,song,condition,effect,level,stem,sdr,si_sdr,delta_sdr,delta_si_sdr
spleeter,AM_Contra_-_Heart_Peripheral,bitcrush_l1,bitcrush,1,vocals,9.041145827736315,8.497895529892435,-0.746328665949342,-0.8592106011546008
spleeter,AM_Contra_-_Heart_Peripheral,bitcrush_l1,bitcrush,1,drums,5.111689238769092,3.6634419429507235,-0.05509523720064635,-0.05485300586052988
spleeter,AM_Contra_-_Heart_Peripheral,bitcrush_l1,bitcrush,1,bass,-1.0563099351005902,-5.436460526004448,-0.008233729055138417,-0.08955733024999102
spleeter,AM_Contra_-_Heart_Peripheral,bitcrush_l1,bitcrush,1,other,0.6993620868699397,-7.503567725108052,-0.03231138853129889,-0.18086514395814834
spleeter,AM_Contra_-_Heart_Peripheral,bitcrush_l2,bitcrush,2,vocals,9.039640407299634,8.49596068362261,-0.7478340863860229,-0.8611454474244269
spleeter,AM_Contra_-_Heart_Peripheral,bitcrush_l2,bitcrush,2,drums,5.109729172922038,3.661559375097394,-0.0570553030476999,-0.05673557371385929
spleeter,AM_Contra_-_Heart_Peripheral,bitcrush_l2,bitcrush,2,bass,-1.0562038470049286,-5.441060733237678,-0.008127640959476823,-0.09415753748322064
spleeter,AM_Contra_-_Heart_Peripheral,bitcrush_l2,bitcrush,2,other,0.6999218943338341,-7.499742046872907,-0.0317515810674045,-0.177039465723003
spleeter,AM_Contra_-_Heart_Peripheral,bitcrush_l3,bitcrush,3,vocals,9.017118343104723,8.469774557941651,-0.770356150580934,-0.887331573105385
spleeter,AM_Contra_-_Heart_Peripheral,bitcrush_l3,bitcrush,3,drums,5.104665205861842,3.6542373919564186,-0.062119270107896085,-0.06405755685483472
spleeter,AM_Contra_-_Heart_Peripheral,bitcrush_l3,bitcrush,3,bass,-1.0589970586824067,-5.441570077066426,-0.010920852636954859,-0.09466688131196843
spleeter,AM_Contra_-_Heart_Peripheral,bitcrush_l3,bitcrush,3,other,0.6987288622177468,-7.504181799914682,-0.032944613183491844,-0.18147921876477824
spleeter,AM_Contra_-_Heart_Peripheral,bitcrush_l4,bitcrush,4,vocals,8.721846623096356,8.122583293640982,-1.0656278705893012,-1.234522837406054
spleeter,AM_Contra_-_Heart_Peripheral,bitcrush_l4,bitcrush,4,drums,5.096161903765802,3.6249176820940328,-0.07062257220393597,-0.09337726671722058
spleeter,AM_Contra_-_Heart_Peripheral,bitcrush_l4,bitcrush,4,bass,-1.0232421461100285,-5.327750784529421,0.024834059935423314,0.019152411225036303
spleeter,AM_Contra_-_Heart_Peripheral,bitcrush_l4,bitcrush,4,other,0.6976060565805218,-7.456089542413488,-0.034067418820716844,-0.13338696126358407
spleeter,AM_Contra_-_Heart_Peripheral,compression_l1,compression,1,vocals,9.596181616068622,9.145760856411174,-0.19129287761703573,-0.21134527463586217
spleeter,AM_Contra_-_Heart_Peripheral,compression_l1,compression,1,drums,5.157932647826371,3.703308684104716,-0.008851828143367158,-0.014986264706537522
spleeter,AM_Contra_-_Heart_Peripheral,compression_l1,compression,1,bass,-1.0449954842759037,-5.309005781570894,0.0030807217695481004,0.03789741418356307
spleeter,AM_Contra_-_Heart_Peripheral,compression_l1,compression,1,other,0.7339295084330746,-7.312693100040004,0.002256033031835969,0.010009481109899632
spleeter,AM_Contra_-_Heart_Peripheral,compression_l2,compression,2,vocals,9.147164017366517,8.64271765076593,-0.6403104763191401,-0.7143884802811069
spleeter,AM_Contra_-_Heart_Peripheral,compression_l2,compression,2,drums,5.147876770525852,3.676484493828605,-0.01890770544388598,-0.04181045498264835
spleeter,AM_Contra_-_Heart_Peripheral,compression_l2,compression,2,bass,-1.0507672691707794,-5.24646913938711,-0.0026910631253276307,0.10043405636734715
spleeter,AM_Contra_-_Heart_Peripheral,compression_l2,compression,2,other,0.7276229379042775,-7.349967905086729,-0.00405053749696116,-0.027265323936824792
spleeter,AM_Contra_-_Heart_Peripheral,compression_l3,compression,3,vocals,9.011436858998106,8.492793762662695,-0.776037634687551,-0.8643123683843417
spleeter,AM_Contra_-_Heart_Peripheral,compression_l3,compression,3,drums,5.163187884851794,3.6876326041936998,-0.0035965911179438592,-0.030662344617553572
spleeter,AM_Contra_-_Heart_Peripheral,compression_l3,compression,3,bass,-1.0522901616703653,-5.216691491181768,-0.004213955624913446,0.13021170457268916
spleeter,AM_Contra_-_Heart_Peripheral,compression_l3,compression,3,other,0.7368921651906163,-7.297174598524018,0.005218689789377673,0.025527982625885848
spleeter,AM_Contra_-_Heart_Peripheral,compression_l4,compression,4,vocals,9.229521380980925,8.739424428143291,-0.5579531127047321,-0.6176817029037451
spleeter,AM_Contra_-_Heart_Peripheral,compression_l4,compression,4,drums,5.194446218478691,3.7290721416112484,0.027661742508953147,0.010777192799995117
spleeter,AM_Contra_-_Heart_Peripheral,compression_l4,compression,4,bass,-1.0613229578710073,-5.1987049673015875,-0.013246751825555458,0.14819822845286978
spleeter,AM_Contra_-_Heart_Peripheral,compression_l4,compression,4,other,0.7321150205031334,-7.32712569897915,0.00044154510189475804,-0.004423117829245982
spleeter,AM_Contra_-_Heart_Peripheral,delay_l1,delay,1,vocals,9.199753194078347,8.663846058736134,-0.5877212996073098,-0.6932600723109026
spleeter,AM_Contra_-_Heart_Peripheral,delay_l1,delay,1,drums,5.1898862760463,3.718143440710015,0.02310180007656193,-0.0001515081012382069
spleeter,AM_Contra_-_Heart_Peripheral,delay_l1,delay,1,bass,-1.0965085179679903,-4.9590626829372155,-0.048432311922538496,0.38784051281724174
spleeter,AM_Contra_-_Heart_Peripheral,delay_l1,delay,1,other,0.6361061487488585,-7.886051512762668,-0.0955673266523801,-0.5633489316127642
spleeter,AM_Contra_-_Heart_Peripheral,delay_l2,delay,2,vocals,8.35753348271337,7.680547043943924,-1.4299410109722874,-1.6765590871031124
spleeter,AM_Contra_-_Heart_Peripheral,delay_l2,delay,2,drums,5.266897296323636,3.794731352077534,0.1001128203538979,0.07643640326628054
spleeter,AM_Contra_-_Heart_Peripheral,delay_l2,delay,2,bass,-1.0697596919689103,-4.763535307878803,-0.02168348592345848,0.5833678878756539
spleeter,AM_Contra_-_Heart_Peripheral,delay_l2,delay,2,other,0.5402835811521496,-8.426238966092306,-0.19138989424908903,-1.1035363849424025
spleeter,AM_Contra_-_Heart_Peripheral,delay_l3,delay,3,vocals,7.527219067167845,6.68490378379296,-2.260255426517812,-2.6722023472540766
spleeter,AM_Contra_-_Heart_Peripheral,delay_l3,delay,3,drums,5.1670714970626985,3.6736435896999353,0.00028702109296041556,-0.04465135911131801
spleeter,AM_Contra_-_Heart_Peripheral,delay_l3,delay,3,bass,-1.057173503469113,-4.9134184868274735,-0.009097297423661166,0.43348470892698376
spleeter,AM_Contra_-_Heart_Peripheral,delay_l3,delay,3,other,0.38737954952861187,-9.0992412228788,-0.34429392587262675,-1.776538641728897
spleeter,AM_Contra_-_Heart_Peripheral,delay_l4,delay,4,vocals,6.691260328211021,5.654921358850996,-3.0962141654746365,-3.7021847721960404
spleeter,AM_Contra_-_Heart_Peripheral,delay_l4,delay,4,drums,5.106523440559187,3.6008643898124664,-0.0602610354105515,-0.11743055899878696
spleeter,AM_Contra_-_Heart_Peripheral,delay_l4,delay,4,bass,-0.9518904784813189,-4.9319244916281715,0.0961857275641329,0.4149787041262858
spleeter,AM_Contra_-_Heart_Peripheral,delay_l4,delay,4,other,0.3202040578502649,-9.086700718287059,-0.4114694175509737,-1.763998137137155
spleeter,AM_Contra_-_Heart_Peripheral,original,original,0,vocals,9.787474493685657,9.357106131047036,0.0,0.0
spleeter,AM_Contra_-_Heart_Peripheral,original,original,0,drums,5.166784475969738,3.7182949488112533,0.0,0.0
spleeter,AM_Contra_-_Heart_Peripheral,original,original,0,bass,-1.0480762060454518,-5.346903195754457,0.0,0.0
spleeter,AM_Contra_-_Heart_Peripheral,original,original,0,other,0.7316734754012386,-7.322702581149904,0.0,0.0
spleeter,AM_Contra_-_Heart_Peripheral,reverb_l1,reverb,1,vocals,9.491155082618024,9.008877333852402,-0.2963194110676337,-0.3482287971946345
spleeter,AM_Contra_-_Heart_Peripheral,reverb_l1,reverb,1,drums,5.221319828255404,3.764959318334421,0.05453535228566597,0.04666436952316788
spleeter,AM_Contra_-_Heart_Peripheral,reverb_l1,reverb,1,bass,-1.0812961295591321,-5.051787389306217,-0.033219923513680305,0.29511580644824065
spleeter,AM_Contra_-_Heart_Peripheral,reverb_l1,reverb,1,other,0.6710344705043175,-7.700101619483264,-0.06063900489692109,-0.3773990383333601
spleeter,AM_Contra_-_Heart_Peripheral,reverb_l2,reverb,2,vocals,8.32516358733826,7.637704029134671,-1.4623109063473976,-1.7194021019123653
spleeter,AM_Contra_-_Heart_Peripheral,reverb_l2,reverb,2,drums,5.201753917092155,3.7196335938341694,0.034969441122417066,0.0013386450229160296
spleeter,AM_Contra_-_Heart_Peripheral,reverb_l2,reverb,2,bass,-1.1436979045893558,-4.939288176283558,-0.09562169854390401,0.4076150194708994
spleeter,AM_Contra_-_Heart_Peripheral,reverb_l2,reverb,2,other,0.5060130491655157,-8.562022167911792,-0.2256604262357229,-1.239319586761888
spleeter,AM_Contra_-_Heart_Peripheral,reverb_l3,reverb,3,vocals,8.241042087364713,7.537496724425457,-1.5464324063209443,-1.8196094066215789
spleeter,AM_Contra_-_Heart_Peripheral,reverb_l3,reverb,3,drums,5.362484644155635,3.930560022965905,0.19570016818589675,0.21226507415465168
spleeter,AM_Contra_-_Heart_Peripheral,reverb_l3,reverb,3,bass,-1.0224224353327052,-4.68878483609975,0.02565377071274666,0.6581183596547069
spleeter,AM_Contra_-_Heart_Peripheral,reverb_l3,reverb,3,other,0.5343161469486617,-8.304605916703409,-0.19735732845257692,-0.981903335553505
spleeter,AM_Contra_-_Heart_Peripheral,reverb_l4,reverb,4,vocals,8.43205021108006,7.761679789816868,-1.3554242826055969,-1.5954263412301684
spleeter,AM_Contra_-_Heart_Peripheral,reverb_l4,reverb,4,drums,5.386014104514044,3.963718436309695,0.21922962854430583,0.24542348749844178
spleeter,AM_Contra_-_Heart_Peripheral,reverb_l4,reverb,4,bass,-1.01281094242318,-4.69102252586237,0.03526526362227189,0.6558806698920874
spleeter,AM_Contra_-_Heart_Peripheral,reverb_l4,reverb,4,other,0.560068158372271,-8.184193318803839,-0.17160531702896764,-0.8614907376539351
demucs,AM_Contra_-_Heart_Peripheral,bitcrush_l1,bitcrush,1,vocals,10.496435388140794,10.091282155757021,-0.9380902870038117,-1.0212607945274783
demucs,AM_Contra_-_Heart_Peripheral,bitcrush_l1,bitcrush,1,drums,8.230909995902087,7.530877776001547,-0.10084323755682867,-0.11741851537230996
demucs,AM_Contra_-_Heart_Peripheral,bitcrush_l1,bitcrush,1,bass,-1.2779339523926327,-3.0370721534385408,0.000187028630126429,-0.010580586790738256
demucs,AM_Contra_-_Heart_Peripheral,bitcrush_l1,bitcrush,1,other,0.4459306007278377,-9.578011265113819,-0.037028328450698755,-0.3003929735228752
demucs,AM_Contra_-_Heart_Peripheral,bitcrush_l2,bitcrush,2,vocals,10.50721646403183,10.102902121998039,-0.9273092111127763,-1.0096408282864608
demucs,AM_Contra_-_Heart_Peripheral,bitcrush_l2,bitcrush,2,drums,8.188559438434805,7.4806684198034725,-0.14319379502411067,-0.16762787157038428
demucs,AM_Contra_-_Heart_Peripheral,bitcrush_l2,bitcrush,2,bass,-1.2975910575175884,-3.0361321707783615,-0.019470076494829236,-0.009640604130559005
demucs,AM_Contra_-_Heart_Peripheral,bitcrush_l2,bitcrush,2,other,0.4496532850036251,-9.54371220798256,-0.03330564417491133,-0.2660939163916165
demucs,AM_Contra_-_Heart_Peripheral,bitcrush_l3,bitcrush,3,vocals,10.472883602390997,10.065493360480449,-0.9616420727536088,-1.0470495898040504
demucs,AM_Contra_-_Heart_Peripheral,bitcrush_l3,bitcrush,3,drums,8.170898017528952,7.45743263311259,-0.16085521592996344,-0.19086365826126706
demucs,AM_Contra_-_Heart_Peripheral,bitcrush_l3,bitcrush,3,bass,-1.277233594135552,-2.984744020246805,0.0008873868872072421,0.041747546400997315
demucs,AM_Contra_-_Heart_Peripheral,bitcrush_l3,bitcrush,3,other,0.42325140493443436,-9.72874911309746,-0.059707524244102084,-0.45113082150651707
demucs,AM_Contra_-_Heart_Peripheral,bitcrush_l4,bitcrush,4,vocals,10.040785038085499,9.589104702533279,-1.393740637059107,-1.523438247751221
demucs,AM_Contra_-_Heart_Peripheral,bitcrush_l4,bitcrush,4,drums,8.112613901650146,7.3926088094302544,-0.2191393318087691,-0.25568748194360236
demucs,AM_Contra_-_Heart_Peripheral,bitcrush_l4,bitcrush,4,bass,-1.2768114496794376,-3.049831153852893,0.0013095313433215683,-0.02333958720509033
demucs,AM_Contra_-_Heart_Peripheral,bitcrush_l4,bitcrush,4,other,0.4212721468127172,-9.751973341751015,-0.06168678236581926,-0.47435505016007085
demucs,AM_Contra_-_Heart_Peripheral,compression_l1,compression,1,vocals,11.301610116094675,10.97287220179291,-0.13291555904993047,-0.13967074849158934
demucs,AM_Contra_-_Heart_Peripheral,compression_l1,compression,1,drums,8.358885182510807,7.680897083994076,0.02713194905189198,0.032600792620218755
demucs,AM_Contra_-_Heart_Peripheral,compression_l1,compression,1,bass,-1.2726101634173221,-3.0024188642448886,0.005510817605437035,0.024072702402913926
demucs,AM_Contra_-_Heart_Peripheral,compression_l1,compression,1,other,0.47803370651828914,-9.334401581013458,-0.004925222660247308,-0.05678328942251376
demucs,AM_Contra_-_Heart_Peripheral,compression_l2,compression,2,vocals,11.026573678939132,10.67576128878889,-0.4079519962054743,-0.43678166149561015
demucs,AM_Contra_-_Heart_Peripheral,compression_l2,compression,2,drums,8.25173440459966,7.554340742726449,-0.08001882885925582,-0.09395554864740774
demucs,AM_Contra_-_Heart_Peripheral,compression_l2,compression,2,bass,-1.2619248282383213,-2.965054351272363,0.016196152784437867,0.06143721537543945
demucs,AM_Contra_-_Heart_Peripheral,compression_l2,compression,2,other,0.4699981450332864,-9.397399707504324,-0.012960784145250037,-0.11978141591337987
demucs,AM_Contra_-_Heart_Peripheral,compression_l3,compression,3,vocals,10.960978421186109,10.606773097528572,-0.47354725395849684,-0.5057698527559271
demucs,AM_Contra_-_Heart_Peripheral,compression_l3,compression,3,drums,8.216474253623423,7.512135085712695,-0.11527897983549273,-0.1361612056611614
demucs,AM_Contra_-_Heart_Peripheral,compression_l3,compression,3,bass,-1.2767423777788476,-3.0127251431787343,0.0013786032439115914,0.0137664234690682
demucs,AM_Contra_-_Heart_Peripheral,compression_l3,compression,3,other,0.46250004197339956,-9.473748216835894,-0.02045888720513689,-0.19612992524495
demucs,AM_Contra_-_Heart_Peripheral,compression_l4,compression,4,vocals,11.222800301974214,10.890008247586616,-0.21172537317039186,-0.22253470269788345
demucs,AM_Contra_-_Heart_Peripheral,compression_l4,compression,4,drums,8.277909049004391,7.586568860424863,-0.053844184454524324,-0.06172743094899413
demucs,AM_Contra_-_Heart_Peripheral,compression_l4,compression,4,bass,-1.312070228163492,-3.023006218472937,-0.033949247140732774,0.0034853481748653437
demucs,AM_Contra_-_Heart_Peripheral,compression_l4,compression,4,other,0.4593817931955166,-9.51579009828521,-0.02357713598301986,-0.2381718066942664
demucs,AM_Contra_-_Heart_Peripheral,delay_l1,delay,1,vocals,10.799935452652903,10.422973864485174,-0.6345902224917026,-0.6895690857993255
demucs,AM_Contra_-_Heart_Peripheral,delay_l1,delay,1,drums,8.336057823270584,7.654998663670285,0.004304589811669146,0.006702372296428116
demucs,AM_Contra_-_Heart_Peripheral,delay_l1,delay,1,bass,-1.2814938925415782,-3.048250415811336,-0.0033729115188190217,-0.021758849163533434
demucs,AM_Contra_-_Heart_Peripheral,delay_l1,delay,1,other,0.4867183583785461,-9.251618650636033,0.0037594292000096563,0.02599964095491103
demucs,AM_Contra_-_Heart_Peripheral,delay_l2,delay,2,vocals,9.580021510990239,9.11022487670561,-1.854504164154367,-2.0023180735788895
demucs,AM_Contra_-_Heart_Peripheral,delay_l2,delay,2,drums,8.325128575123276,7.64070226890497,-0.0066246583356388555,-0.007594022468886408
demucs,AM_Contra_-_Heart_Peripheral,delay_l2,delay,2,bass,-1.2144574774475294,-2.883842558255603,0.06366350357522976,0.1426490083921994
demucs,AM_Contra_-_Heart_Peripheral,delay_l2,delay,2,other,0.4133328682964605,-9.762300757814959,-0.06962606088207596,-0.48468246622401523
demucs,AM_Contra_-_Heart_Peripheral,delay_l3,delay,3,vocals,8.10180668139989,7.489339691283138,-3.3327189937447166,-3.623203259001362
demucs,AM_Contra_-_Heart_Peripheral,delay_l3,delay,3,drums,8.18764867219736,7.478119659243351,-0.14410456126155502,-0.17017663213050582
demucs,AM_Contra_-_Heart_Peripheral,delay_l3,delay,3,bass,-1.2313892299172948,-2.9201183440669247,0.04673175110546435,0.10637322258087778
demucs,AM_Contra_-_Heart_Peripheral,delay_l3,delay,3,other,0.2588155585706153,-10.677022832208179,-0.22414337060792117,-1.399404540617235
demucs,AM_Contra_-_Heart_Peripheral,delay_l4,delay,4,vocals,7.302665324358574,6.524215729377863,-4.131860350786032,-4.588327220906637
demucs,AM_Contra_-_Heart_Peripheral,delay_l4,delay,4,drums,8.089174570881998,7.362657198694799,-0.24257866257691774,-0.28563909267905796
demucs,AM_Contra_-_Heart_Peripheral,delay_l4,delay,4,bass,-1.2296279956697878,-2.895217571690847,0.04849298535297142,0.1312739949569557
demucs,AM_Contra_-_Heart_Peripheral,delay_l4,delay,4,other,0.15018707252926913,-11.365225475100392,-0.33277185664926734,-2.087607183509448
demucs,AM_Contra_-_Heart_Peripheral,original,original,0,vocals,11.434525675144606,11.1125429502845,0.0,0.0
demucs,AM_Contra_-_Heart_Peripheral,original,original,0,drums,8.331753233458915,7.648296291373857,0.0,0.0
demucs,AM_Contra_-_Heart_Peripheral,original,original,0,bass,-1.2781209810227592,-3.0264915666478025,0.0,0.0
demucs,AM_Contra_-_Heart_Peripheral,original,original,0,other,0.48295892917853644,-9.277618291590944,0.0,0.0
demucs,AM_Contra_-_Heart_Peripheral,reverb_l1,reverb,1,vocals,11.09211695012932,10.740561630491285,-0.34240872501528585,-0.371981319793214
demucs,AM_Contra_-_Heart_Peripheral,reverb_l1,reverb,1,drums,8.394359390043638,7.722063987281461,0.06260615658472268,0.07376769590760457
demucs,AM_Contra_-_Heart_Peripheral,reverb_l1,reverb,1,bass,-1.2656186204139275,-2.987196455199565,0.012502360608831697,0.039295111448237385
demucs,AM_Contra_-_Heart_Peripheral,reverb_l1,reverb,1,other,0.4846125992872915,-9.260877097660856,0.0016536701087550565,0.01674119393008766
demucs,AM_Contra_-_Heart_Peripheral,reverb_l2,reverb,2,vocals,9.431312168336547,8.966381004088968,-2.003213506808059,-2.146161946195532
demucs,AM_Contra_-_Heart_Peripheral,reverb_l2,reverb,2,drums,8.269185628965435,7.577988650496219,-0.06256760449348064,-0.07030764087763774
demucs,AM_Contra_-_Heart_Peripheral,reverb_l2,reverb,2,bass,-1.2383732932174114,-3.059918096020172,0.039747687805347764,-0.03342652937236945
demucs,AM_Contra_-_Heart_Peripheral,reverb_l2,reverb,2,other,0.42314629184724845,-9.617084820485095,-0.059812637331288,-0.3394665288941514
demucs,AM_Contra_-_Heart_Peripheral,reverb_l3,reverb,3,vocals,8.751743337122821,8.20307721217409,-2.6827823380217843,-2.909465738110409
demucs,AM_Contra_-_Heart_Peripheral,reverb_l3,reverb,3,drums,8.303575452893503,7.618246280212167,-0.028177780565412647,-0.030050011161689483
demucs,AM_Contra_-_Heart_Peripheral,reverb_l3,reverb,3,bass,-1.2104633359536698,-3.02194669337968,0.06765764506908933,0.0045448732681223625
demucs,AM_Contra_-_Heart_Peripheral,reverb_l3,reverb,3,other,0.34277559349419096,-10.112579989923711,-0.1401833356843455,-0.8349616983327675
demucs,AM_Contra_-_Heart_Peripheral,reverb_l4,reverb,4,vocals,8.590266609985305,8.014347682299878,-2.844259065159301,-3.0981952679846216
demucs,AM_Contra_-_Heart_Peripheral,reverb_l4,reverb,4,drums,8.419506588857118,7.753943312546489,0.08775335539820261,0.10564702117263192
demucs,AM_Contra_-_Heart_Peripheral,reverb_l4,reverb,4,bass,-1.219318078820704,-2.949498575195484,0.058802902202055085,0.07699299145231864
demucs,AM_Contra_-_Heart_Peripheral,reverb_l4,reverb,4,other,0.3294764956235132,-10.287260828715139,-0.15348243355502322,-1.0096425371241953
spleeter,Al_James_-_Schoolboy_Facination,bitcrush_l1,bitcrush,1,vocals,5.870152908091164,4.570292030814113,-0.5677099423178413,-0.7528773562952784
spleeter,Al_James_-_Schoolboy_Facination,bitcrush_l1,bitcrush,1,drums,4.091689741934338,2.002482097955961,-0.1468241655296474,-0.21467236437729564
spleeter,Al_James_-_Schoolboy_Facination,bitcrush_l1,bitcrush,1,bass,5.382636367044219,3.9129264943953617,-0.011339047065309416,-0.016510194834697955
spleeter,Al_James_-_Schoolboy_Facination,bitcrush_l1,bitcrush,1,other,2.1016347969217115,-0.6065619840778883,-0.06693460367910742,-0.08119941370216666
spleeter,Al_James_-_Schoolboy_Facination,bitcrush_l2,bitcrush,2,vocals,5.86890484392859,4.568600635881842,-0.5689580064804156,-0.7545687512275494
spleeter,Al_James_-_Schoolboy_Facination,bitcrush_l2,bitcrush,2,drums,4.091132690909992,2.001438623395729,-0.14738121655399272,-0.21571583893752777
spleeter,Al_James_-_Schoolboy_Facination,bitcrush_l2,bitcrush,2,bass,5.381788208943465,3.9116645650997435,-0.012187205166062753,-0.017772124130316147
spleeter,Al_James_-_Schoolboy_Facination,bitcrush_l2,bitcrush,2,other,2.100374897259523,-0.6073596161144553,-0.06819450334129584,-0.08199704573873368
spleeter,Al_James_-_Schoolboy_Facination,bitcrush_l3,bitcrush,3,vocals,5.865655594838356,4.564104175270067,-0.5722072555706497,-0.7590652118393244
spleeter,Al_James_-_Schoolboy_Facination,bitcrush_l3,bitcrush,3,drums,4.0884455535605,1.9977081586879137,-0.15006835390348527,-0.21944630364534312
spleeter,Al_James_-_Schoolboy_Facination,bitcrush_l3,bitcrush,3,bass,5.382867130912538,3.913421401278222,-0.01110828319699042,-0.01601528795183782
spleeter,Al_James_-_Schoolboy_Facination,bitcrush_l3,bitcrush,3,other,2.1011119533627745,-0.6041339037818915,-0.06745744723804448,-0.07877133340616982
spleeter,Al_James_-_Schoolboy_Facination,bitcrush_l4,bitcrush,4,vocals,5.776228965877421,4.442408703157355,-0.6616338845315841,-0.8807606839520368
spleeter,Al_James_-_Schoolboy_Facination,bitcrush_l4,bitcrush,4,drums,4.039444681869952,1.9235264977613042,-0.19906922559403295,-0.2936279645719526
spleeter,Al_James_-_Schoolboy_Facination,bitcrush_l4,bitcrush,4,bass,5.374238258210697,3.899947556910877,-0.01973715589883085,-0.029489132319182598
spleeter,Al_James_-_Schoolboy_Facination,bitcrush_l4,bitcrush,4,other,2.070881847325147,-0.6327474216307188,-0.09768755327567202,-0.1073848512549972
spleeter,Al_James_-_Schoolboy_Facination,compression_l1,compression,1,vocals,6.397661173949066,5.271474257761787,-0.04020167645993933,-0.05169512934760512
spleeter,Al_James_-_Schoolboy_Facination,compression_l1,compression,1,drums,4.171882542275805,2.113637880965799,-0.06663136518818025,-0.10351658136745767
spleeter,Al_James_-_Schoolboy_Facination,compression_l1,compression,1,bass,5.366992661862707,3.892081116429601,-0.026982752246821562,-0.037355572800458425
spleeter,Al_James_-_Schoolboy_Facination,compression_l1,compression,1,other,2.2110987693611777,-0.5047370433472641,0.04252936876035873,0.020625527028457546
spleeter,Al_James_-_Schoolboy_Facination,compression_l2,compression,2,vocals,6.371027761450788,5.236515601797448,-0.06683508895821699,-0.08665378531194357
spleeter,Al_James_-_Schoolboy_Facination,compression_l2,compression,2,drums,4.044091982876477,1.9177699763829348,-0.19442192458750807,-0.2993844859503221
spleeter,Al_James_-_Schoolboy_Facination,compression_l2,compression,2,bass,5.307304421183937,3.80854686155869,-0.08667099292559133,-0.12088982767136969
spleeter,Al_James_-_Schoolboy_Facination,compression_l2,compression,2,other,2.3111540154292056,-0.4066549341186249,0.1425846148283867,0.11870763625709674
spleeter,Al_James_-_Schoolboy_Facination,compression_l3,compression,3,vocals,6.325265319551891,5.175619972110513,-0.11259753085711477,-0.14754941499887853
spleeter,Al_James_-_Schoolboy_Facination,compression_l3,compression,3,drums,3.910258551773648,1.7024913092970315,-0.32825535569033715,-0.5146631530362253
spleeter,Al_James_-_Schoolboy_Facination,compression_l3,compression,3,bass,5.291039538288964,3.7770165528393345,-0.10293587582056407,-0.15242013639072516
spleeter,Al_James_-_Schoolboy_Facination,compression_l3,compression,3,other,2.3798991934588214,-0.34933484500362605,0.21132979285800246,0.1760277253720956
spleeter,Al_James_-_Schoolboy_Facination,compression_l4,compression,4,vocals,6.0911518625486485,4.867085821532127,-0.3467109878603569,-0.4560835655772646
spleeter,Al_James_-_Schoolboy_Facination,compression_l4,compression,4,drums,3.6732015301232845,1.3122512809119593,-0.5653123773407005,-0.9049031814212976
spleeter,Al_James_-_Schoolboy_Facination,compression_l4,compression,4,bass,5.165222839825178,3.589242698384056,-0.22875257428434992,-0.34019399084600366
spleeter,Al_James_-_Schoolboy_Facination,compression_l4,compression,4,other,2.1951370379089132,-0.5468409969455795,0.026567637308094305,-0.021478426569857878
spleeter,Al_James_-_Schoolboy_Facination,delay_l1,delay,1,vocals,6.191601671522752,4.999479858843348,-0.24626117888625298,-0.32368952826604414
spleeter,Al_James_-_Schoolboy_Facination,delay_l1,delay,1,drums,4.144650060807841,2.079773390255148,-0.09386384665614411,-0.1373810720781088
spleeter,Al_James_-_Schoolboy_Facination,delay_l1,delay,1,bass,5.392931683055615,3.924983648350511,-0.0010437310539135325,-0.004453040879548453
spleeter,Al_James_-_Schoolboy_Facination,delay_l1,delay,1,other,2.047129332859706,-0.7416244817387854,-0.12144006774111293,-0.21626191136306372
spleeter,Al_James_-_Schoolboy_Facination,delay_l2,delay,2,vocals,5.8589763971684015,4.555477264549406,-0.578886453240604,-0.7676921225599855
spleeter,Al_James_-_Schoolboy_Facination,delay_l2,delay,2,drums,4.0593033799047795,1.940430429961246,-0.17921052755920552,-0.2767240323720108
spleeter,Al_James_-_Schoolboy_Facination,delay_l2,delay,2,bass,5.363597925692681,3.8842032245152893,-0.030377488416847065,-0.0452334647147703
spleeter,Al_James_-_Schoolboy_Facination,delay_l2,delay,2,other,1.8965243693328468,-0.9336143299968966,-0.2720450312679721,-0.408251759621175
spleeter,Al_James_-_Schoolboy_Facination,delay_l3,delay,3,vocals,5.275028791575393,3.7676886885096463,-1.1628340588336128,-1.5554806985997454
spleeter,Al_James_-_Schoolboy_Facination,delay_l3,delay,3,drums,3.9616766948552735,1.7751148944248443,-0.2768372126087115,-0.4420395679084126
spleeter,Al_James_-_Schoolboy_Facination,delay_l3,delay,3,bass,5.342893057687812,3.8573362172607544,-0.05108235642171621,-0.07210047196930525
spleeter,Al_James_-_Schoolboy_Facination,delay_l3,delay,3,other,1.3570368410016367,-1.4302791500224212,-0.8115325595991822,-0.9049165796466996
spleeter,Al_James_-_Schoolboy_Facination,delay_l4,delay,4,vocals,4.60668704214531,2.8211509243299053,-1.831175808263695,-2.5020184627794864
spleeter,Al_James_-_Schoolboy_Facination,delay_l4,delay,4,drums,3.8366508397851495,1.5886846897432507,-0.4018630676788355,-0.6284697725900061
spleeter,Al_James_-_Schoolboy_Facination,delay_l4,delay,4,bass,5.225337119573038,3.688484699452408,-0.16863829453648993,-0.24095198977765175
spleeter,Al_James_-_Schoolboy_Facination,delay_l4,delay,4,other,0.7711484658955365,-1.9766723787946083,-1.3974209347052824,-1.4513098084188867
spleeter,Al_James_-_Schoolboy_Facination,original,original,0,vocals,6.437862850409005,5.323169387109392,0.0,0.0
spleeter,Al_James_-_Schoolboy_Facination,original,original,0,drums,4.238513907463985,2.217154462333257,0.0,0.0
spleeter,Al_James_-_Schoolboy_Facination,original,original,0,bass,5.393975414109528,3.9294366892300596,0.0,0.0
spleeter,Al_James_-_Schoolboy_Facination,original,original,0,other,2.168569400600819,-0.5253625703757216,0.0,0.0
spleeter,Al_James_-_Schoolboy_Facination,reverb_l1,reverb,1,vocals,5.830670120392939,4.518668151830202,-0.6071927300160667,-0.80450123527919
spleeter,Al_James_-_Schoolboy_Facination,reverb_l1,reverb,1,drums,4.09047575707976,2.000954113915819,-0.14803815038422474,-0.21620034841743774
spleeter,Al_James_-_Schoolboy_Facination,reverb_l1,reverb,1,bass,5.2989959181291635,3.7904008568494243,-0.0949794959803647,-0.13903583238063533
spleeter,Al_James_-_Schoolboy_Facination,reverb_l1,reverb,1,other,1.8855802172201104,-0.90304457546401,-0.28298918338070855,-0.3776820050882883
spleeter,Al_James_-_Schoolboy_Facination,reverb_l2,reverb,2,vocals,3.6050905115081866,1.11915461427171,-2.832772338900819,-4.204014772837682
spleeter,Al_James_-_Schoolboy_Facination,reverb_l2,reverb,2,drums,3.3252195137793272,0.9756031289049008,-0.9132943936846578,-1.241551333428356
spleeter,Al_James_-_Schoolboy_Facination,reverb_l2,reverb,2,bass,4.945654333209854,3.269597948196518,-0.4483210808996745,-0.6598387410335418
spleeter,Al_James_-_Schoolboy_Facination,reverb_l2,reverb,2,other,0.44365250532634315,-2.536101063425449,-1.7249168952744758,-2.010738493049727
spleeter,Al_James_-_Schoolboy_Facination,reverb_l3,reverb,3,vocals,2.692831825718256,-0.6465187281258865,-3.7450310246907494,-5.969688115235278
spleeter,Al_James_-_Schoolboy_Facination,reverb_l3,reverb,3,drums,2.9927776853909904,0.5852172089334113,-1.2457362220729946,-1.6319372533998455
spleeter,Al_James_-_Schoolboy_Facination,reverb_l3,reverb,3,bass,4.282917872189146,2.334890220760847,-1.111057541920382,-1.5945464684692126
spleeter,Al_James_-_Schoolboy_Facination,reverb_l3,reverb,3,other,0.2081079789896787,-2.559399726206375,-1.9604614216111402,-2.0340371558306534
spleeter,Al_James_-_Schoolboy_Facination,reverb_l4,reverb,4,vocals,2.6164418241212797,-0.8089077803677146,-3.8214210262877257,-6.132077167477107
spleeter,Al_James_-_Schoolboy_Facination,reverb_l4,reverb,4,drums,3.0023177970760235,0.6076495251424647,-1.2361961103879615,-1.6095049371907921
spleeter,Al_James_-_Schoolboy_Facination,reverb_l4,reverb,4,bass,4.0986514532578076,2.083674555621149,-1.2953239608517206,-1.8457621336089107
spleeter,Al_James_-_Schoolboy_Facination,reverb_l4,reverb,4,other,0.3141985589744458,-2.374928362113514,-1.8543708416263731,-1.8495657917377923
demucs,Al_James_-_Schoolboy_Facination,bitcrush_l1,bitcrush,1,vocals,7.570086555047514,6.744520234696432,0.028378143220310292,0.04065468623916946
demucs,Al_James_-_Schoolboy_Facination,bitcrush_l1,bitcrush,1,drums,6.53214687542083,5.476790286869838,-0.288604410406923,-0.35728905563711333
demucs,Al_James_-_Schoolboy_Facination,bitcrush_l1,bitcrush,1,bass,10.172419876615335,9.733718424740209,-0.019621318473230787,-0.02163177962517615
demucs,Al_James_-_Schoolboy_Facination,bitcrush_l1,bitcrush,1,other,3.6830477830207897,1.6136839559209757,0.23502176322005486,0.29353716092469284
demucs,Al_James_-_Schoolboy_Facination,bitcrush_l2,bitcrush,2,vocals,7.438858910624435,6.587693959707409,-0.10284950120276815,-0.1161715887498529
demucs,Al_James_-_Schoolboy_Facination,bitcrush_l2,bitcrush,2,drums,6.530150115938166,5.4726188667874265,-0.2906011698895874,-0.3614604757195252
demucs,Al_James_-_Schoolboy_Facination,bitcrush_l2,bitcrush,2,bass,10.171265077855576,9.732400186190592,-0.020776117232989222,-0.02295001817479303
demucs,Al_James_-_Schoolboy_Facination,bitcrush_l2,bitcrush,2,other,3.5780203433262256,1.4986675106191447,0.12999432352549078,0.17852071562286187
demucs,Al_James_-_Schoolboy_Facination,bitcrush_l3,bitcrush,3,vocals,7.423535619222679,6.568852791532484,-0.11817279260452462,-0.13501275692477854
demucs,Al_James_-_Schoolboy_Facination,bitcrush_l3,bitcrush,3,drums,6.534039230475352,5.481219878633555,-0.2867120553524014,-0.35285946387339706
demucs,Al_James_-_Schoolboy_Facination,bitcrush_l3,bitcrush,3,bass,10.181921771454984,9.74410240606139,-0.010119423633581093,-0.011247798303994472
demucs,Al_James_-_Schoolboy_Facination,bitcrush_l3,bitcrush,3,other,3.5553261694942795,1.4715233010904236,0.10730014969354462,0.15137650609414077
demucs,Al_James_-_Schoolboy_Facination,bitcrush_l4,bitcrush,4,vocals,7.326802340885806,6.453672089775447,-0.2149060709413977,-0.25019345868181553
demucs,Al_James_-_Schoolboy_Facination,bitcrush_l4,bitcrush,4,drums,6.4581184623068575,5.3845400733657325,-0.36263282352089554,-0.4495392691412192
demucs,Al_James_-_Schoolboy_Facination,bitcrush_l4,bitcrush,4,bass,10.183307989226956,9.745640161707268,-0.00873320586160986,-0.009710042658117146
demucs,Al_James_-_Schoolboy_Facination,bitcrush_l4,bitcrush,4,other,3.5511765297980746,1.4610855012935164,0.10315050999733977,0.1409387062972336
demucs,Al_James_-_Schoolboy_Facination,compression_l1,compression,1,vocals,7.708605469056144,6.903776626726918,0.16689705722894033,0.19991107826965582
demucs,Al_James_-_Schoolboy_Facination,compression_l1,compression,1,drums,6.713535389370139,5.69794938819025,-0.10721589645761398,-0.1361299543167016
demucs,Al_James_-_Schoolboy_Facination,compression_l1,compression,1,bass,10.192742399307688,9.756081794724956,0.0007012042191227863,0.0007315903595710438
demucs,Al_James_-_Schoolboy_Facination,compression_l1,compression,1,other,3.645738843112417,1.5257779351330516,0.19771282331168205,0.20563114013676875
demucs,Al_James_-_Schoolboy_Facination,compression_l2,compression,2,vocals,7.816109554579582,7.031575025026896,0.2744011427523789,0.327709476569634
demucs,Al_James_-_Schoolboy_Facination,compression_l2,compression,2,drums,6.537488174935483,5.474489998661785,-0.2832631108922703,-0.3595893438451663
demucs,Al_James_-_Schoolboy_Facination,compression_l2,compression,2,bass,10.18010584985236,9.742114413482092,-0.011935345236205208,-0.013235790883292964
demucs,Al_James_-_Schoolboy_Facination,compression_l2,compression,2,other,3.823603858432883,1.7412590904296665,0.375577838632148,0.4211122954333837
demucs,Al_James_-_Schoolboy_Facination,compression_l3,compression,3,vocals,7.940512472177513,7.179818107848299,0.3988040603503098,0.475952559391037
demucs,Al_James_-_Schoolboy_Facination,compression_l3,compression,3,drums,6.428086848613997,5.3374160581617875,-0.39266443721375577,-0.49666328434516416
demucs,Al_James_-_Schoolboy_Facination,compression_l3,compression,3,bass,10.132590497212766,9.689674141012057,-0.05945069787579982,-0.06567606335332776
demucs,Al_James_-_Schoolboy_Facination,compression_l3,compression,3,other,4.00346818025987,1.9741805700973525,0.5554421604591351,0.6540337751010696
demucs,Al_James_-_Schoolboy_Facination,compression_l4,compression,4,vocals,8.021664439451579,7.276673001266757,0.4799560276243753,0.5728074528094949
demucs,Al_James_-_Schoolboy_Facination,compression_l4,compression,4,drums,6.3008913237919195,5.190775930785046,-0.5198599620358335,-0.6433034117219059
demucs,Al_James_-_Schoolboy_Facination,compression_l4,compression,4,bass,10.150155291609241,9.70896083607678,-0.04188590347932397,-0.046389368288604516
demucs,Al_James_-_Schoolboy_Facination,compression_l4,compression,4,other,4.139693423696924,2.1686378422152597,0.6916674038961892,0.8484910472189768
demucs,Al_James_-_Schoolboy_Facination,delay_l1,delay,1,vocals,7.405019438339281,6.538930405718347,-0.13668897348792264,-0.16493514273891563
demucs,Al_James_-_Schoolboy_Facination,delay_l1,delay,1,drums,6.689629099489107,5.670484431410834,-0.13112218633864625,-0.16359491109611746
demucs,Al_James_-_Schoolboy_Facination,delay_l1,delay,1,bass,10.268806566744797,9.840140016845794,0.0767653716562311,0.08478981248040895
demucs,Al_James_-_Schoolboy_Facination,delay_l1,delay,1,other,3.46551695711484,1.2602349142677969,0.017490937314105004,-0.05991188072848597
demucs,Al_James_-_Schoolboy_Facination,delay_l2,delay,2,vocals,7.239617301827515,6.3407005450812814,-0.30209110999968836,-0.3631650033759808
demucs,Al_James_-_Schoolboy_Facination,delay_l2,delay,2,drums,6.450971966341484,5.367148638221568,-0.36977931948626885,-0.4669307042853834
demucs,Al_James_-_Schoolboy_Facination,delay_l2,delay,2,bass,10.054370571191274,9.602816574178465,-0.13767062389729112,-0.15253363018691957
demucs,Al_James_-_Schoolboy_Facination,delay_l2,delay,2,other,3.462676858666885,1.1980048993576278,0.014650838866149929,-0.12214189563865507
demucs,Al_James_-_Schoolboy_Facination,delay_l3,delay,3,vocals,6.667101108703475,5.648377104410222,-0.874607303123728,-1.0554884440470405
demucs,Al_James_-_Schoolboy_Facination,delay_l3,delay,3,drums,6.291749893515032,5.1586440581249695,-0.529001392312721,-0.6754352843819822
demucs,Al_James_-_Schoolboy_Facination,delay_l3,delay,3,bass,10.051371252499326,9.599549107108237,-0.14066994258923948,-0.1558010972571484
demucs,Al_James_-_Schoolboy_Facination,delay_l3,delay,3,other,3.0262339356207333,0.6472956461711536,-0.4217920841800016,-0.6728511488251292
demucs,Al_James_-_Schoolboy_Facination,delay_l4,delay,4,vocals,6.4075520609569345,5.332210148349703,-1.1341563508702688,-1.3716554001075592
demucs,Al_James_-_Schoolboy_Facination,delay_l4,delay,4,drums,6.135621841960116,4.966714730116357,-0.6851294438676367,-0.8673646123905945
demucs,Al_James_-_Schoolboy_Facination,delay_l4,delay,4,bass,9.971736894083858,9.511019123661983,-0.22030430100470788,-0.24433108070340204
demucs,Al_James_-_Schoolboy_Facination,delay_l4,delay,4,other,2.896977349881689,0.45537179056319155,-0.5510486699190458,-0.8647750044330913
demucs,Al_James_-_Schoolboy_Facination,original,original,0,vocals,7.541708411827203,6.703865548457262,0.0,0.0
demucs,Al_James_-_Schoolboy_Facination,original,original,0,drums,6.820751285827753,5.834079342506952,0.0,0.0
demucs,Al_James_-_Schoolboy_Facination,original,original,0,bass,10.192041195088565,9.755350204365385,0.0,0.0
demucs,Al_James_-_Schoolboy_Facination,original,original,0,other,3.448026019800735,1.3201467949962828,0.0,0.0
demucs,Al_James_-_Schoolboy_Facination,reverb_l1,reverb,1,vocals,6.916105706109433,5.938224359888177,-0.6256027057177702,-0.7656411885690853
demucs,Al_James_-_Schoolboy_Facination,reverb_l1,reverb,1,drums,6.71500942017995,5.70546165054548,-0.1057418656478033,-0.12861769196147144
demucs,Al_James_-_Schoolboy_Facination,reverb_l1,reverb,1,bass,9.781340954854928,9.300318561263758,-0.4107002402336377,-0.455031643101627
demucs,Al_James_-_Schoolboy_Facination,reverb_l1,reverb,1,other,3.1889706543776453,0.9844145875073318,-0.2590553654230896,-0.33573220748895105
demucs,Al_James_-_Schoolboy_Facination,reverb_l2,reverb,2,vocals,4.398342167804992,2.4783578045814307,-3.1433662440222117,-4.2255077438758315
demucs,Al_James_-_Schoolboy_Facination,reverb_l2,reverb,2,drums,6.447368089582856,5.393708588653878,-0.37338319624489724,-0.4403707538530739
demucs,Al_James_-_Schoolboy_Facination,reverb_l2,reverb,2,bass,5.292565802110053,4.428350852342355,-4.899475392978513,-5.32699935202303
demucs,Al_James_-_Schoolboy_Facination,reverb_l2,reverb,2,other,2.5451110258607774,0.239975542611102,-0.9029149939399574,-1.0801712523851807
demucs,Al_James_-_Schoolboy_Facination,reverb_l3,reverb,3,vocals,3.4298708142051746,0.864060004485961,-4.111837597622029,-5.839805543971301
demucs,Al_James_-_Schoolboy_Facination,reverb_l3,reverb,3,drums,6.495201460729888,5.467910885966582,-0.32554982509786523,-0.36616845654037
demucs,Al_James_-_Schoolboy_Facination,reverb_l3,reverb,3,bass,3.6191412012087056,2.6583820149232835,-6.57289999387986,-7.0969681894421015
demucs,Al_James_-_Schoolboy_Facination,reverb_l3,reverb,3,other,2.252291895567838,-0.018019087919840575,-1.1957341242328967,-1.3381658829161234
demucs,Al_James_-_Schoolboy_Facination,reverb_l4,reverb,4,vocals,3.2465796564404528,0.5212795346945769,-4.2951287553867505,-6.182586013762686
demucs,Al_James_-_Schoolboy_Facination,reverb_l4,reverb,4,drums,6.448908678808473,5.430062143622971,-0.3718426070192802,-0.4040171988839809
demucs,Al_James_-_Schoolboy_Facination,reverb_l4,reverb,4,bass,3.187178403561765,2.235909380959206,-7.004862791526801,-7.519440823406179
demucs,Al_James_-_Schoolboy_Facination,reverb_l4,reverb,4,other,2.3206903600592526,0.11359813069662658,-1.1273356597414823,-1.2065486642996563
spleeter,Angels_In_Amplifiers_-_I'm_Alright,bitcrush_l1,bitcrush,1,vocals,8.393542785329442,7.737269132859098,-0.43515452554723133,-0.5120160138662841
spleeter,Angels_In_Amplifiers_-_I'm_Alright,bitcrush_l1,bitcrush,1,drums,4.913170528068567,3.2331396618016957,-0.03073606059905387,-0.041120829924682134
spleeter,Angels_In_Amplifiers_-_I'm_Alright,bitcrush_l1,bitcrush,1,bass,4.607588626238949,2.939339078555289,0.008081660176274319,0.003550244443384365
spleeter,Angels_In_Amplifiers_-_I'm_Alright,bitcrush_l1,bitcrush,1,other,5.9480563310551195,4.71271509195383,-0.08425249792669387,-0.10162110777531108
spleeter,Angels_In_Amplifiers_-_I'm_Alright,bitcrush_l2,bitcrush,2,vocals,8.392924286840096,7.736562051293986,-0.43577302403657825,-0.5127230954313964
spleeter,Angels_In_Amplifiers_-_I'm_Alright,bitcrush_l2,bitcrush,2,drums,4.913178774374694,3.2331739898359633,-0.030727814292926148,-0.04108650189041452
spleeter,Angels_In_Amplifiers_-_I'm_Alright,bitcrush_l2,bitcrush,2,bass,4.607609259361745,2.939408288702192,0.00810229329906953,0.003619454590287674
spleeter,Angels_In_Amplifiers_-_I'm_Alright,bitcrush_l2,bitcrush,2,other,5.947955574309587,4.7125218738276615,-0.08435325467222654,-0.10181432590147921
spleeter,Angels_In_Amplifiers_-_I'm_Alright,bitcrush_l3,bitcrush,3,vocals,8.38482475926657,7.726302581456521,-0.4438725516101041,-0.5229825652688618
spleeter,Angels_In_Amplifiers_-_I'm_Alright,bitcrush_l3,bitcrush,3,drums,4.9142763821252275,3.235088920772287,-0.02963020654239301,-0.03917157095409074
spleeter,Angels_In_Amplifiers_-_I'm_Alright,bitcrush_l3,bitcrush,3,bass,4.607004491577625,2.9382132981636495,0.007497525514949643,0.0024244640517450122
spleeter,Angels_In_Amplifiers_-_I'm_Alright,bitcrush_l3,bitcrush,3,other,5.944168700477409,4.707730483466726,-0.08814012850440456,-0.10660571626241477
spleeter,Angels_In_Amplifiers_-_I'm_Alright,bitcrush_l4,bitcrush,4,vocals,8.21983014836191,7.529280612514074,-0.6088671625147644,-0.7200045342113084
spleeter,Angels_In_Amplifiers_-_I'm_Alright,bitcrush_l4,bitcrush,4,drums,4.886430408439023,3.1959316689600925,-0.057476180228597684,-0.07832882276628528
spleeter,Angels_In_Amplifiers_-_I'm_Alright,bitcrush_l4,bitcrush,4,bass,4.6102890244284795,2.9439554897469304,0.010782058365804481,0.008166655635025943
spleeter,Angels_In_Amplifiers_-_I'm_Alright,bitcrush_l4,bitcrush,4,other,5.900204399307773,4.653941444239977,-0.13210442967404035,-0.16039475548916382
spleeter,Angels_In_Amplifiers_-_I'm_Alright,compression_l1,compression,1,vocals,8.486938871904005,7.853584165921732,-0.34175843897266844,-0.39570098080365046
spleeter,Angels_In_Amplifiers_-_I'm_Alright,compression_l1,compression,1,drums,4.880991539722891,3.1844599519519576,-0.06291504894472943,-0.08980053977442015
spleeter,Angels_In_Amplifiers_-_I'm_Alright,compression_l1,compression,1,bass,4.567941739448394,2.892445700426717,-0.03156522661428074,-0.043343133685187496
spleeter,Angels_In_Amplifiers_-_I'm_Alright,compression_l1,compression,1,other,5.9808128038024275,4.742249812828793,-0.051496025179385896,-0.07208638690034785
spleeter,Angels_In_Amplifiers_-_I'm_Alright,compression_l2,compression,2,vocals,7.760258554408824,6.989032640750165,-1.0684387564678497,-1.2602525059752177
spleeter,Angels_In_Amplifiers_-_I'm_Alright,compression_l2,compression,2,drums,4.760107502712294,3.013897484685467,-0.1837990859553269,-0.26036300704091087
spleeter,Angels_In_Amplifiers_-_I'm_Alright,compression_l2,compression,2,bass,4.486074400772965,2.7859288035602887,-0.11343256528970969,-0.14986003055161579
spleeter,Angels_In_Amplifiers_-_I'm_Alright,compression_l2,compression,2,other,5.844370893304614,4.557372451209538,-0.18793793567719952,-0.2569637485196026
spleeter,Angels_In_Amplifiers_-_I'm_Alright,compression_l3,compression,3,vocals,7.194607994342142,6.289620560882522,-1.6340893165345314,-1.9596645858428605
spleeter,Angels_In_Amplifiers_-_I'm_Alright,compression_l3,compression,3,drums,4.448065090826918,2.571507152097894,-0.4958414978407024,-0.702753339628484
spleeter,Angels_In_Amplifiers_-_I'm_Alright,compression_l3,compression,3,bass,4.327416539079561,2.614141848895332,-0.27209042698311414,-0.32164698521657265
spleeter,Angels_In_Amplifiers_-_I'm_Alright,compression_l3,compression,3,other,5.775840041158654,4.4656850912397,-0.2564687878231595,-0.3486511084894408
spleeter,Angels_In_Amplifiers_-_I'm_Alright,compression_l4,compression,4,vocals,6.905371774890923,5.924821097376882,-1.923325535985751,-2.3244640493485003
spleeter,Angels_In_Amplifiers_-_I'm_Alright,compression_l4,compression,4,drums,4.04748727579766,1.9554264735345255,-0.8964193128699609,-1.3188340181918523
spleeter,Angels_In_Amplifiers_-_I'm_Alright,compression_l4,compression,4,bass,3.9089873443313032,2.152201031263368,-0.6905196217313718,-0.7835878028485364
spleeter,Angels_In_Amplifiers_-_I'm_Alright,compression_l4,compression,4,other,5.707080626528574,4.380955662784577,-0.32522820245323913,-0.433380536944564
spleeter,Angels_In_Amplifiers_-_I'm_Alright,delay_l1,delay,1,vocals,8.395514318418575,7.743598955692084,-0.4331829924580983,-0.5056861910332984
spleeter,Angels_In_Amplifiers_-_I'm_Alright,delay_l1,delay,1,drums,4.91449325245184,3.233601306103409,-0.02941333621578046,-0.040659185622968774
spleeter,Angels_In_Amplifiers_-_I'm_Alright,delay_l1,delay,1,bass,4.599893966134755,2.9260298946218826,0.00038700007208003484,-0.009758939490021934
spleeter,Angels_In_Amplifiers_-_I'm_Alright,delay_l1,delay,1,other,5.898230229187455,4.637594301003765,-0.13407859979435877,-0.1767418987253757
spleeter,Angels_In_Amplifiers_-_I'm_Alright,delay_l2,delay,2,vocals,7.787626197517254,7.017776706366626,-1.0410711133594202,-1.2315084403587564
spleeter,Angels_In_Amplifiers_-_I'm_Alright,delay_l2,delay,2,drums,4.909836684567765,3.224807711065142,-0.034069904099856,-0.04945278066123571
spleeter,Angels_In_Amplifiers_-_I'm_Alright,delay_l2,delay,2,bass,4.6321032551225745,2.9506941700410474,0.03259628905989942,0.014905335929142893
spleeter,Angels_In_Amplifiers_-_I'm_Alright,delay_l2,delay,2,other,5.596418050351914,4.24695231284068,-0.4358907786298998,-0.5673838868884609
spleeter,Angels_In_Amplifiers_-_I'm_Alright,delay_l3,delay,3,vocals,7.261310157514148,6.36418972542007,-1.5673871533625254,-1.8850954213053122
spleeter,Angels_In_Amplifiers_-_I'm_Alright,delay_l3,delay,3,drums,4.9229334371802205,3.2410229176166023,-0.020973151487400088,-0.03323757410977546
spleeter,Angels_In_Amplifiers_-_I'm_Alright,delay_l3,delay,3,bass,4.602192441075157,2.9162872375886373,0.0026854750124822857,-0.019501596523267217
spleeter,Angels_In_Amplifiers_-_I'm_Alright,delay_l3,delay,3,other,5.364701249958457,3.958843864491555,-0.6676075790233567,-0.8554923352375856
spleeter,Angels_In_Amplifiers_-_I'm_Alright,delay_l4,delay,4,vocals,6.833242080632695,5.83071156967688,-1.9954552302439792,-2.4185735770485026
spleeter,Angels_In_Amplifiers_-_I'm_Alright,delay_l4,delay,4,drums,4.861530333899448,3.153347368203635,-0.08237625476817279,-0.12091312352274297
spleeter,Angels_In_Amplifiers_-_I'm_Alright,delay_l4,delay,4,bass,4.583649424518827,2.901298546535471,-0.01585754154384844,-0.03449028757643369
spleeter,Angels_In_Amplifiers_-_I'm_Alright,delay_l4,delay,4,other,5.136856934081919,3.6555421246116246,-0.8954518948998942,-1.158794075117516
spleeter,Angels_In_Amplifiers_-_I'm_Alright,original,original,0,vocals,8.828697310876674,8.249285146725382,0.0,0.0
spleeter,Angels_In_Amplifiers_-_I'm_Alright,original,original,0,drums,4.943906588667621,3.274260491726378,0.0,0.0
spleeter,Angels_In_Amplifiers_-_I'm_Alright,original,original,0,bass,4.599506966062675,2.9357888341119045,0.0,0.0
spleeter,Angels_In_Amplifiers_-_I'm_Alright,original,original,0,other,6.032308828981813,4.814336199729141,0.0,0.0
spleeter,Angels_In_Amplifiers_-_I'm_Alright,reverb_l1,reverb,1,vocals,8.383201295304177,7.734454156782636,-0.4454960155724965,-0.5148309899427463
spleeter,Angels_In_Amplifiers_-_I'm_Alright,reverb_l1,reverb,1,drums,4.88429127112382,3.191852421612993,-0.05961531754380012,-0.08240807011338491
spleeter,Angels_In_Amplifiers_-_I'm_Alright,reverb_l1,reverb,1,bass,4.566855192542457,2.888146615651115,-0.032651773520218086,-0.04764221846078964
spleeter,Angels_In_Amplifiers_-_I'm_Alright,reverb_l1,reverb,1,other,5.914431043267711,4.658214006753483,-0.11787778571410268,-0.15612219297565755
spleeter,Angels_In_Amplifiers_-_I'm_Alright,reverb_l2,reverb,2,vocals,7.159936595825723,6.261178380483983,-1.6687607150509507,-1.9881067662413994
spleeter,Angels_In_Amplifiers_-_I'm_Alright,reverb_l2,reverb,2,drums,4.844282698434082,3.146172076330191,-0.09962389023353868,-0.12808841539618676
spleeter,Angels_In_Amplifiers_-_I'm_Alright,reverb_l2,reverb,2,bass,4.234808573251952,2.459090469564102,-0.36469839281072325,-0.47669836454780246
spleeter,Angels_In_Amplifiers_-_I'm_Alright,reverb_l2,reverb,2,other,5.515184796808844,4.138388397579124,-0.5171240321729691,-0.6759478021500165
spleeter,Angels_In_Amplifiers_-_I'm_Alright,reverb_l3,reverb,3,vocals,6.888751705041768,5.918854422235864,-1.9399456058349056,-2.330430724489519
spleeter,Angels_In_Amplifiers_-_I'm_Alright,reverb_l3,reverb,3,drums,4.945234770256172,3.2894200228523736,0.0013281815885513026,0.015159531125995773
spleeter,Angels_In_Amplifiers_-_I'm_Alright,reverb_l3,reverb,3,bass,3.966622762714707,2.116909918156345,-0.632884203347968,-0.8188789159555596
spleeter,Angels_In_Amplifiers_-_I'm_Alright,reverb_l3,reverb,3,other,5.429578720601842,4.043065495447537,-0.602730108379971,-0.771270704281604
spleeter,Angels_In_Amplifiers_-_I'm_Alright,reverb_l4,reverb,4,vocals,6.918194059208117,5.955584244034279,-1.9105032516685565,-2.2937009026911035
spleeter,Angels_In_Amplifiers_-_I'm_Alright,reverb_l4,reverb,4,drums,4.98519304960449,3.3451531796026805,0.041286460936869496,0.07089268787630276
spleeter,Angels_In_Amplifiers_-_I'm_Alright,reverb_l4,reverb,4,bass,3.9620249830269283,2.099405089617706,-0.6374819830357468,-0.8363837444941984
spleeter,Angels_In_Amplifiers_-_I'm_Alright,reverb_l4,reverb,4,other,5.434309892842652,4.0561692012504995,-0.5979989361391613,-0.7581669984786412
demucs,Angels_In_Amplifiers_-_I'm_Alright,bitcrush_l1,bitcrush,1,vocals,10.761583915402198,10.381944586387519,-0.28956039654062415,-0.31426879976751465
demucs,Angels_In_Amplifiers_-_I'm_Alright,bitcrush_l1,bitcrush,1,drums,7.321535570952131,6.432077386437855,-0.03027839079216399,-0.03701486209388882
demucs,Angels_In_Amplifiers_-_I'm_Alright,bitcrush_l1,bitcrush,1,bass,10.500941595821608,10.103163278255984,0.022547762024466067,0.023685407652937585
demucs,Angels_In_Amplifiers_-_I'm_Alright,bitcrush_l1,bitcrush,1,other,8.364899145086092,7.7098134729691745,-0.09371576708528728,-0.10453344211345694
demucs,Angels_In_Amplifiers_-_I'm_Alright,bitcrush_l2,bitcrush,2,vocals,10.748793760937914,10.367740041152997,-0.30235055100490804,-0.3284733450020365
demucs,Angels_In_Amplifiers_-_I'm_Alright,bitcrush_l2,bitcrush,2,drums,7.277551509922811,6.377938417034495,-0.07426245182148339,-0.0911538314972482
demucs,Angels_In_Amplifiers_-_I'm_Alright,bitcrush_l2,bitcrush,2,bass,10.49214525260507,10.093959501697219,0.013751418807927962,0.014481631094172442
demucs,Angels_In_Amplifiers_-_I'm_Alright,bitcrush_l2,bitcrush,2,other,8.34198898126219,7.685072117866557,-0.11662593090918882,-0.12927479721607416
demucs,Angels_In_Amplifiers_-_I'm_Alright,bitcrush_l3,bitcrush,3,vocals,10.72228826665951,10.33908587352938,-0.32885604528331314,-0.3571275126256541
demucs,Angels_In_Amplifiers_-_I'm_Alright,bitcrush_l3,bitcrush,3,drums,7.265446190864669,6.363031174145571,-0.086367770879626,-0.1060610743861723
demucs,Angels_In_Amplifiers_-_I'm_Alright,bitcrush_l3,bitcrush,3,bass,10.475294942900268,10.076898776079616,-0.003098890896874096,-0.002579094523429859
demucs,Angels_In_Amplifiers_-_I'm_Alright,bitcrush_l3,bitcrush,3,other,8.321763478571636,7.662828505504917,-0.13685143359974283,-0.15151840957771423
demucs,Angels_In_Amplifiers_-_I'm_Alright,bitcrush_l4,bitcrush,4,vocals,10.454373624626655,10.046020239906655,-0.5967706873161678,-0.6501931462483785
demucs,Angels_In_Amplifiers_-_I'm_Alright,bitcrush_l4,bitcrush,4,drums,7.190166382442161,6.270290918967857,-0.1616475793021337,-0.19880132956388685
demucs,Angels_In_Amplifiers_-_I'm_Alright,bitcrush_l4,bitcrush,4,bass,10.478168685766551,10.079253535970437,-0.000225148030590816,-0.00022433463260895792
demucs,Angels_In_Amplifiers_-_I'm_Alright,bitcrush_l4,bitcrush,4,other,8.232496174727855,7.563574468030226,-0.2261187374435245,-0.2507724470524053
demucs,Angels_In_Amplifiers_-_I'm_Alright,compression_l1,compression,1,vocals,10.66129226212838,10.271347615168029,-0.38985204981444177,-0.4248657709870045
demucs,Angels_In_Amplifiers_-_I'm_Alright,compression_l1,compression,1,drums,7.255510825461862,6.350542861750148,-0.09630313628243314,-0.11854938678159588
demucs,Angels_In_Amplifiers_-_I'm_Alright,compression_l1,compression,1,bass,10.374896055469511,9.966936476066582,-0.10349777832763074,-0.11254139453646417
demucs,Angels_In_Amplifiers_-_I'm_Alright,compression_l1,compression,1,other,8.30581597862185,7.635868653925916,-0.1527989335495299,-0.17847826115671506
demucs,Angels_In_Amplifiers_-_I'm_Alright,compression_l2,compression,2,vocals,10.008698015974925,9.55208871302019,-1.0424462959678973,-1.1441246731348436
demucs,Angels_In_Amplifiers_-_I'm_Alright,compression_l2,compression,2,drums,7.1500777148563195,6.220258159906445,-0.2017362468879753,-0.24883408862529866
demucs,Angels_In_Amplifiers_-_I'm_Alright,compression_l2,compression,2,bass,10.208244470852241,9.789725093657019,-0.2701493629449008,-0.2897527769460275
demucs,Angels_In_Amplifiers_-_I'm_Alright,compression_l2,compression,2,other,8.126988588241392,7.420178338054138,-0.3316263239299868,-0.39416857702849306
demucs,Angels_In_Amplifiers_-_I'm_Alright,compression_l3,compression,3,vocals,9.56951369645496,9.061363710857673,-1.4816306154878625,-1.6348496752973602
demucs,Angels_In_Amplifiers_-_I'm_Alright,compression_l3,compression,3,drums,6.981036481442727,6.012187291723281,-0.37077748030156776,-0.45690495680846244
demucs,Angels_In_Amplifiers_-_I'm_Alright,compression_l3,compression,3,bass,9.794370227627505,9.33930421960871,-0.684023606169637,-0.7401736509943362
demucs,Angels_In_Amplifiers_-_I'm_Alright,compression_l3,compression,3,other,8.048956629071206,7.325735219187206,-0.40965828310017294,-0.4886116958954254
demucs,Angels_In_Amplifiers_-_I'm_Alright,compression_l4,compression,4,vocals,9.338302623197293,8.800721626504442,-1.7128416887455291,-1.8954917596505911
demucs,Angels_In_Amplifiers_-_I'm_Alright,compression_l4,compression,4,drums,6.760129797977465,5.746037265479986,-0.5916841637668302,-0.7230549830517576
demucs,Angels_In_Amplifiers_-_I'm_Alright,compression_l4,compression,4,bass,9.513456917000779,9.035800020916668,-0.9649369167963631,-1.0436778496863788
demucs,Angels_In_Amplifiers_-_I'm_Alright,compression_l4,compression,4,other,8.09593098533767,7.380143896124029,-0.362683926833709,-0.4342030189586028
demucs,Angels_In_Amplifiers_-_I'm_Alright,delay_l1,delay,1,vocals,10.155237566404107,9.715153093633644,-0.8959067455387153,-0.9810602925213896
demucs,Angels_In_Amplifiers_-_I'm_Alright,delay_l1,delay,1,drums,7.250779877867947,6.344739269448932,-0.10103408387634794,-0.12435297908281129
demucs,Angels_In_Amplifiers_-_I'm_Alright,delay_l1,delay,1,bass,10.371478129421236,9.963946016602724,-0.10691570437590592,-0.11553185400032184
demucs,Angels_In_Amplifiers_-_I'm_Alright,delay_l1,delay,1,other,8.075444093227217,7.374777929058645,-0.38317081894416205,-0.4395689860239864
demucs,Angels_In_Amplifiers_-_I'm_Alright,delay_l2,delay,2,vocals,9.371906088790734,8.838636861539786,-1.6792382231520886,-1.8575765246152471
demucs,Angels_In_Amplifiers_-_I'm_Alright,delay_l2,delay,2,drums,7.209789388340321,6.294160121285542,-0.14202457340397423,-0.17493212724620122
demucs,Angels_In_Amplifiers_-_I'm_Alright,delay_l2,delay,2,bass,10.339431334902367,9.928159005489535,-0.13896249889477552,-0.15131886511351134
demucs,Angels_In_Amplifiers_-_I'm_Alright,delay_l2,delay,2,other,7.708154034592214,6.932396911438844,-0.7504608775791652,-0.8819500036437873
demucs,Angels_In_Amplifiers_-_I'm_Alright,delay_l3,delay,3,vocals,8.48431161811976,7.823535512130137,-2.566832693823063,-2.8726778740248964
demucs,Angels_In_Amplifiers_-_I'm_Alright,delay_l3,delay,3,drums,7.037018152137689,6.079766258530162,-0.3147958096066059,-0.3893259900015815
demucs,Angels_In_Amplifiers_-_I'm_Alright,delay_l3,delay,3,bass,10.289076417991545,9.871966948806852,-0.18931741580559702,-0.20751092179619413
demucs,Angels_In_Amplifiers_-_I'm_Alright,delay_l3,delay,3,other,7.192306878416716,6.343579359960671,-1.2663080337546635,-1.4707675551219603
demucs,Angels_In_Amplifiers_-_I'm_Alright,delay_l4,delay,4,vocals,8.045949429293586,7.309862161677685,-3.0051948826492367,-3.386351224477348
demucs,Angels_In_Amplifiers_-_I'm_Alright,delay_l4,delay,4,drums,6.9788469818547085,6.00729917237527,-0.37296697988958627,-0.46179307615647325
demucs,Angels_In_Amplifiers_-_I'm_Alright,delay_l4,delay,4,bass,10.25821641042042,9.840874875425962,-0.22017742337672175,-0.23860299517708405
demucs,Angels_In_Amplifiers_-_I'm_Alright,delay_l4,delay,4,other,6.953140126468985,6.0477903335473915,-1.5054747857023942,-1.76655658153524
demucs,Angels_In_Amplifiers_-_I'm_Alright,original,original,0,vocals,11.051144311942823,10.696213386155033,0.0,0.0
demucs,Angels_In_Amplifiers_-_I'm_Alright,original,original,0,drums,7.351813961744295,6.4690922485317435,0.0,0.0
demucs,Angels_In_Amplifiers_-_I'm_Alright,original,original,0,bass,10.478393833797142,10.079477870603046,0.0,0.0
demucs,Angels_In_Amplifiers_-_I'm_Alright,original,original,0,other,8.45861491217138,7.8143469150826315,0.0,0.0
demucs,Angels_In_Amplifiers_-_I'm_Alright,reverb_l1,reverb,1,vocals,10.300589019234629,9.876447002228307,-0.750555292708194,-0.8197663839267264
demucs,Angels_In_Amplifiers_-_I'm_Alright,reverb_l1,reverb,1,drums,7.254292405302287,6.348950148741341,-0.09752155644200755,-0.12014209979040213
demucs,Angels_In_Amplifiers_-_I'm_Alright,reverb_l1,reverb,1,bass,10.332375252161793,9.927286982843807,-0.14601858163534942,-0.1521908877592395
demucs,Angels_In_Amplifiers_-_I'm_Alright,reverb_l1,reverb,1,other,8.154719325201649,7.471600302013307,-0.3038955869697304,-0.3427466130693242
demucs,Angels_In_Amplifiers_-_I'm_Alright,reverb_l2,reverb,2,vocals,8.35934202481226,7.676743097829718,-2.691802287130562,-3.0194702883253157
demucs,Angels_In_Amplifiers_-_I'm_Alright,reverb_l2,reverb,2,drums,7.263400181547389,6.36011513541198,-0.08841378019690538,-0.10897711311976366
demucs,Angels_In_Amplifiers_-_I'm_Alright,reverb_l2,reverb,2,bass,9.791940314113972,9.350537502248264,-0.6864535196831696,-0.7289403683547828
demucs,Angels_In_Amplifiers_-_I'm_Alright,reverb_l2,reverb,2,other,7.217209968881231,6.391027146423087,-1.2414049432901484,-1.4233197686595442
demucs,Angels_In_Amplifiers_-_I'm_Alright,reverb_l3,reverb,3,vocals,7.775194572656653,6.983532186516689,-3.27594973928617,-3.712681199638345
demucs,Angels_In_Amplifiers_-_I'm_Alright,reverb_l3,reverb,3,drums,7.256636963778903,6.351820357425123,-0.09517699796539159,-0.11727189110662017
demucs,Angels_In_Amplifiers_-_I'm_Alright,reverb_l3,reverb,3,bass,9.471239497466756,9.001004700015427,-1.0071543363303856,-1.0784731705876194
demucs,Angels_In_Amplifiers_-_I'm_Alright,reverb_l3,reverb,3,other,6.893879622685003,6.0438853046368335,-1.564735289486376,-1.770461610445798
demucs,Angels_In_Amplifiers_-_I'm_Alright,reverb_l4,reverb,4,vocals,7.610995666801217,6.785258232438151,-3.4401486451416057,-3.9109551537168823
demucs,Angels_In_Amplifiers_-_I'm_Alright,reverb_l4,reverb,4,drums,7.293874151846248,6.397823103982573,-0.05793980989804659,-0.07126914454917088
demucs,Angels_In_Amplifiers_-_I'm_Alright,reverb_l4,reverb,4,bass,9.481775658795042,9.012987736851104,-0.9966181750020997,-1.0664901337519428
demucs,Angels_In_Amplifiers_-_I'm_Alright,reverb_l4,reverb,4,other,6.782687351154413,5.933866052001397,-1.675927561016966,-1.8804808630812344
spleeter,Arise_-_Run_Run_Run,bitcrush_l1,bitcrush,1,vocals,5.625262196647287,4.539729294321522,-0.10617572974006251,-0.16077459104620662
spleeter,Arise_-_Run_Run_Run,bitcrush_l1,bitcrush,1,drums,0.9309076293627038,-1.1980792229721307,-0.12456680071790649,-0.12980465437109534
spleeter,Arise_-_Run_Run_Run,bitcrush_l1,bitcrush,1,bass,1.6664388398825927,0.8735219964650667,0.015054935756422472,0.016639399858126125
spleeter,Arise_-_Run_Run_Run,bitcrush_l1,bitcrush,1,other,0.5408209107579193,-8.686565723405295,-0.030231310068659756,-0.2603331895514742
spleeter,Arise_-_Run_Run_Run,bitcrush_l2,bitcrush,2,vocals,5.5974656050290115,4.501411764861283,-0.13397232135833814,-0.19909212050644598
spleeter,Arise_-_Run_Run_Run,bitcrush_l2,bitcrush,2,drums,0.8792536166332328,-1.2568417324321823,-0.1762208134473775,-0.18856716383114702
spleeter,Arise_-_Run_Run_Run,bitcrush_l2,bitcrush,2,bass,1.6809995970082225,0.8885946178672106,0.029615692882052347,0.03171202126027006
spleeter,Arise_-_Run_Run_Run,bitcrush_l2,bitcrush,2,other,0.5331490049369966,-8.755688563255328,-0.03790321588958245,-0.3294560294015074
spleeter,Arise_-_Run_Run_Run,bitcrush_l3,bitcrush,3,vocals,5.410990284486738,4.214686991576327,-0.3204476419006115,-0.4858168937914016
spleeter,Arise_-_Run_Run_Run,bitcrush_l3,bitcrush,3,drums,0.8146161862139184,-1.3339523014676322,-0.24085824386669186,-0.2656777328665969
spleeter,Arise_-_Run_Run_Run,bitcrush_l3,bitcrush,3,bass,1.6861568845565262,0.8969450161168895,0.03477298043035604,0.04006241950994893
spleeter,Arise_-_Run_Run_Run,bitcrush_l3,bitcrush,3,other,0.5103404764505725,-8.982191358209384,-0.06071174437600657,-0.5559588243555638
spleeter,Arise_-_Run_Run_Run,bitcrush_l4,bitcrush,4,vocals,4.853543296795384,3.335792085870869,-0.8778946295919656,-1.3647117994968596
spleeter,Arise_-_Run_Run_Run,bitcrush_l4,bitcrush,4,drums,0.23912928601569672,-1.8504980711027008,-0.8163451440649135,-0.7822235025016655
spleeter,Arise_-_Run_Run_Run,bitcrush_l4,bitcrush,4,bass,1.7824070546552575,0.9644714409998216,0.1310231505290873,0.10758884439288108
spleeter,Arise_-_Run_Run_Run,bitcrush_l4,bitcrush,4,other,0.4043825851311822,-10.099988804624886,-0.16666963569539683,-1.6737562707710651
spleeter,Arise_-_Run_Run_Run,compression_l1,compression,1,vocals,5.5880923020182625,4.538816114541994,-0.14334562436908715,-0.1616877708257345
spleeter,Arise_-_Run_Run_Run,compression_l1,compression,1,drums,1.0578338598233574,-1.083883117829635,0.0023594297427471655,-0.015608549228599777
spleeter,Arise_-_Run_Run_Run,compression_l1,compression,1,bass,1.665259430426225,0.8646183336661175,0.01387552630005473,0.007735737059176961
spleeter,Arise_-_Run_Run_Run,compression_l1,compression,1,other,0.565245968700837,-8.469834228990132,-0.00580625212574204,-0.04360169513631185
spleeter,Arise_-_Run_Run_Run,compression_l2,compression,2,vocals,5.18145111535686,4.020538931420591,-0.5499868110304895,-0.6799649539471382
spleeter,Arise_-_Run_Run_Run,compression_l2,compression,2,drums,1.0234596968123717,-1.1379425461550152,-0.03201473326823856,-0.06966797755397991
spleeter,Arise_-_Run_Run_Run,compression_l2,compression,2,bass,1.6824290377709454,0.871103765024651,0.031045133644775236,0.014221168417710484
spleeter,Arise_-_Run_Run_Run,compression_l2,compression,2,other,0.5487377255679725,-8.617318426990844,-0.022314495258606515,-0.19108589313702318
spleeter,Arise_-_Run_Run_Run,compression_l3,compression,3,vocals,4.814664004065496,3.4350624573444626,-0.9167739223218536,-1.2654414280232662
spleeter,Arise_-_Run_Run_Run,compression_l3,compression,3,drums,1.0659544760832924,-1.0829115286936373,0.010480046002682153,-0.014636960092601958
spleeter,Arise_-_Run_Run_Run,compression_l3,compression,3,bass,1.6426867075799554,0.8471100877922701,-0.008697196546214814,-0.0097725088146704
spleeter,Arise_-_Run_Run_Run,compression_l3,compression,3,other,0.5358466269869937,-8.755348368666851,-0.035205593839585325,-0.32911583481303097
spleeter,Arise_-_Run_Run_Run,compression_l4,compression,4,vocals,4.28998652224117,2.5054399964868503,-1.4414514041461794,-2.1950638888808784
spleeter,Arise_-_Run_Run_Run,compression_l4,compression,4,drums,1.2031676661111075,-0.9462316791358344,0.14769323603049722,0.12204288946520092
spleeter,Arise_-_Run_Run_Run,compression_l4,compression,4,bass,1.4857356844749325,0.7370337895257675,-0.16564821965123766,-0.11984880708117307
spleeter,Arise_-_Run_Run_Run,compression_l4,compression,4,other,0.5162818438832928,-8.97126967892024,-0.054770376943286236,-0.54503714506642
spleeter,Arise_-_Run_Run_Run,delay_l1,delay,1,vocals,5.729481961070148,4.6862991542755665,-0.00195596531720188,-0.014204731092162248
spleeter,Arise_-_Run_Run_Run,delay_l1,delay,1,drums,0.8958560580026786,-1.209857551986612,-0.15961837207793161,-0.14158298338557662
spleeter,Arise_-_Run_Run_Run,delay_l1,delay,1,bass,1.627055330748014,0.8486088387663827,-0.024328573378156193,-0.008273757840557838
spleeter,Arise_-_Run_Run_Run,delay_l1,delay,1,other,0.49720868113168115,-9.068964075737567,-0.07384353969489788,-0.6427315418837463
spleeter,Arise_-_Run_Run_Run,delay_l2,delay,2,vocals,5.253749986034844,3.9416103663960174,-0.4776879403525056,-0.7588935189717114
spleeter,Arise_-_Run_Run_Run,delay_l2,delay,2,drums,0.9064571633046798,-1.2450772352532065,-0.1490172667759304,-0.17680266665217115
spleeter,Arise_-_Run_Run_Run,delay_l2,delay,2,bass,1.6304400936782406,0.8163371983130997,-0.02094381044792959,-0.04054539829384085
spleeter,Arise_-_Run_Run_Run,delay_l2,delay,2,other,0.5176336979099753,-8.93210355786572,-0.05341852291660376,-0.5058710240118991
spleeter,Arise_-_Run_Run_Run,delay_l3,delay,3,vocals,4.506458311576614,2.8393002988450315,-1.224979614810736,-1.8612035865226972
spleeter,Arise_-_Run_Run_Run,delay_l3,delay,3,drums,0.6894128041792646,-1.4369248232910923,-0.3660616259013456,-0.36865025469005697
spleeter,Arise_-_Run_Run_Run,delay_l3,delay,3,bass,1.6495608481057449,0.8093454504007509,-0.0018230560204253177,-0.04753714620618965
spleeter,Arise_-_Run_Run_Run,delay_l3,delay,3,other,0.44622646759458584,-9.655268179106411,-0.12482575323199319,-1.2290356452525906
spleeter,Arise_-_Run_Run_Run,delay_l4,delay,4,vocals,4.10239482364193,2.239643314877848,-1.6290431027454195,-2.460860570489881
spleeter,Arise_-_Run_Run_Run,delay_l4,delay,4,drums,0.7148551998513242,-1.4024809305436556,-0.3406192302292861,-0.3342063619426203
spleeter,Arise_-_Run_Run_Run,delay_l4,delay,4,bass,1.7117746604082633,0.8279013089981029,0.060390756282093117,-0.02898128760883767
spleeter,Arise_-_Run_Run_Run,delay_l4,delay,4,other,0.43722401634443714,-9.744429569746142,-0.1338282044821419,-1.3181970358923216
spleeter,Arise_-_Run_Run_Run,original,original,0,vocals,5.73143792638735,4.700503885367729,0.0,0.0
spleeter,Arise_-_Run_Run_Run,original,original,0,drums,1.0554744300806103,-1.0682745686010353,0.0,0.0
spleeter,Arise_-_Run_Run_Run,original,original,0,bass,1.6513839041261702,0.8568825966069405,0.0,0.0
spleeter,Arise_-_Run_Run_Run,original,original,0,other,0.571052220826579,-8.42623253385382,0.0,0.0
spleeter,Arise_-_Run_Run_Run,reverb_l1,reverb,1,vocals,5.180460391082584,3.878764534807357,-0.5509775353047655,-0.8217393505603718
spleeter,Arise_-_Run_Run_Run,reverb_l1,reverb,1,drums,0.8460020147038336,-1.2759938276010874,-0.20947241537677663,-0.20771925900005206
spleeter,Arise_-_Run_Run_Run,reverb_l1,reverb,1,bass,1.7004826285583772,0.8930534307241944,0.049098724432206975,0.03617083411725386
spleeter,Arise_-_Run_Run_Run,reverb_l1,reverb,1,other,0.5912078925636934,-8.265173453794842,0.02015567173711441,0.16105908005897795
spleeter,Arise_-_Run_Run_Run,reverb_l2,reverb,2,vocals,2.440986891169548,-1.1694095017705535,-3.2904510352178016,-5.869913387138283
spleeter,Arise_-_Run_Run_Run,reverb_l2,reverb,2,drums,0.7238258828214793,-1.3603654396859919,-0.33164854725913095,-0.29209087108495657
spleeter,Arise_-_Run_Run_Run,reverb_l2,reverb,2,bass,1.3400503609878887,0.5550415427743474,-0.31133354313828154,-0.3018410538325932
spleeter,Arise_-_Run_Run_Run,reverb_l2,reverb,2,other,0.5957524766442022,-8.325337784524972,0.02470025581762314,0.10089474932884812
spleeter,Arise_-_Run_Run_Run,reverb_l3,reverb,3,vocals,1.7583440980980667,-3.00048498225226,-3.973093828289283,-7.700988867619989
spleeter,Arise_-_Run_Run_Run,reverb_l3,reverb,3,drums,0.6313451297269033,-1.4025538269839886,-0.424129300353707,-0.33427925838295325
spleeter,Arise_-_Run_Run_Run,reverb_l3,reverb,3,bass,1.2050411584951892,0.43352824729409106,-0.446342745630981,-0.4233543493128495
spleeter,Arise_-_Run_Run_Run,reverb_l3,reverb,3,other,0.5791919048060606,-8.44205128163102,0.008139683979481616,-0.015818747777199604
spleeter,Arise_-_Run_Run_Run,reverb_l4,reverb,4,vocals,1.6886467192539547,-3.217344595434626,-4.042791207133395,-7.917848480802355
spleeter,Arise_-_Run_Run_Run,reverb_l4,reverb,4,drums,0.5803172723119842,-1.4350110860542595,-0.4751571577686261,-0.3667365174532242
spleeter,Arise_-_Run_Run_Run,reverb_l4,reverb,4,bass,1.199422020107692,0.4263131018212868,-0.45196188401847825,-0.43056949478565376
spleeter,Arise_-_Run_Run_Run,reverb_l4,reverb,4,other,0.5662203279399635,-8.545625244260533,-0.004831892886615563,-0.11939271040671251
demucs,Arise_-_Run_Run_Run,bitcrush_l1,bitcrush,1,vocals,11.36135918177975,11.03678436268559,-0.2713340375712878,-0.2933112602954253
demucs,Arise_-_Run_Run_Run,bitcrush_l1,bitcrush,1,drums,-3.341625756174393,-3.6419684123188505,-0.05056137329159416,-0.05250267071598724
demucs,Arise_-_Run_Run_Run,bitcrush_l1,bitcrush,1,bass,7.543395733055843,7.070028151152098,0.0624202426279572,0.04757797494801963
demucs,Arise_-_Run_Run_Run,bitcrush_l1,bitcrush,1,other,0.8910686824984559,-6.394093970497133,-0.007866240526488544,-0.051916778146307685
demucs,Arise_-_Run_Run_Run,bitcrush_l2,bitcrush,2,vocals,11.331691781271182,11.005324213731488,-0.30100143807985624,-0.32477140924952863
demucs,Arise_-_Run_Run_Run,bitcrush_l2,bitcrush,2,drums,-3.3334337582861027,-3.6386054313020475,-0.04236937540330388,-0.04913968969918425
demucs,Arise_-_Run_Run_Run,bitcrush_l2,bitcrush,2,bass,7.552643791361118,7.0738595212474875,0.07166830093323195,0.05140934504340944
demucs,Arise_-_Run_Run_Run,bitcrush_l2,bitcrush,2,other,0.8971370580694831,-6.364773019395526,-0.0017978649554614146,-0.0225958270447002
demucs,Arise_-_Run_Run_Run,bitcrush_l3,bitcrush,3,vocals,11.24868237089845,10.915052852147406,-0.38401084845258815,-0.41504277083360996
demucs,Arise_-_Run_Run_Run,bitcrush_l3,bitcrush,3,drums,-3.3581316008843753,-3.659616008772661,-0.06706721800157656,-0.07015026716979778
demucs,Arise_-_Run_Run_Run,bitcrush_l3,bitcrush,3,bass,7.660567534744348,7.1956869026704116,0.17959204431646203,0.17323672646633348
demucs,Arise_-_Run_Run_Run,bitcrush_l3,bitcrush,3,other,0.9015108835606356,-6.346425275640303,0.002575960535691091,-0.0042480832894771225
demucs,Arise_-_Run_Run_Run,bitcrush_l4,bitcrush,4,vocals,10.516320953011334,10.119428897086923,-1.1163722663397042,-1.210666725894093
demucs,Arise_-_Run_Run_Run,bitcrush_l4,bitcrush,4,drums,-3.4142246356696804,-3.7738020954269835,-0.12316025278688159,-0.18433635382412028
demucs,Arise_-_Run_Run_Run,bitcrush_l4,bitcrush,4,bass,7.826394982661361,7.397742333350679,0.345419492233475,0.3752921571466006
demucs,Arise_-_Run_Run_Run,bitcrush_l4,bitcrush,4,other,0.8853754074948023,-6.447825044696919,-0.01355951553014223,-0.10564785234609353
demucs,Arise_-_Run_Run_Run,compression_l1,compression,1,vocals,11.485099644746406,11.169183733966385,-0.14759357460463285,-0.16091188901463127
demucs,Arise_-_Run_Run_Run,compression_l1,compression,1,drums,-3.2370458244457705,-3.554714522388754,0.0540185584370283,0.034751219214109064
demucs,Arise_-_Run_Run_Run,compression_l1,compression,1,bass,7.390788368732572,6.945547596033668,-0.09018712169531362,-0.07690258017040996
demucs,Arise_-_Run_Run_Run,compression_l1,compression,1,other,0.8968154185574617,-6.352530284232046,-0.002119504467482769,-0.010353091881220244
demucs,Arise_-_Run_Run_Run,compression_l2,compression,2,vocals,11.114422009268154,10.769066261492766,-0.5182712100828848,-0.5610293614882504
demucs,Arise_-_Run_Run_Run,compression_l2,compression,2,drums,-3.2664206106029905,-3.5735709799936908,0.024643772279808296,0.01589476160917247
demucs,Arise_-_Run_Run_Run,compression_l2,compression,2,bass,7.4668979967737545,6.98789899861765,-0.014077493654131246,-0.034551177586427784
demucs,Arise_-_Run_Run_Run,compression_l2,compression,2,other,0.9020597091225548,-6.322728898583624,0.0031247860976103548,0.019448293767201363
demucs,Arise_-_Run_Run_Run,compression_l3,compression,3,vocals,10.722347592317366,10.341867257301658,-0.9103456270336725,-0.9882283656793582
demucs,Arise_-_Run_Run_Run,compression_l3,compression,3,drums,-3.2834090524594473,-3.6012017814488795,0.007655330423351536,-0.011736039846016233
demucs,Arise_-_Run_Run_Run,compression_l3,compression,3,bass,7.458962323858604,6.992291770110759,-0.022013166569282205,-0.0301584060933191
demucs,Arise_-_Run_Run_Run,compression_l3,compression,3,other,0.9019847926420937,-6.324081237882688,0.003049869617149259,0.018095954468137165
demucs,Arise_-_Run_Run_Run,compression_l4,compression,4,vocals,10.305789086848495,9.888145197484882,-1.326904132502543,-1.4419504254961346
demucs,Arise_-_Run_Run_Run,compression_l4,compression,4,drums,-3.2849528335572344,-3.600079942076277,0.006111549325564347,-0.01061420047341377
demucs,Arise_-_Run_Run_Run,compression_l4,compression,4,bass,7.347343285188441,6.880923911461581,-0.13363220523944452,-0.14152626474249708
demucs,Arise_-_Run_Run_Run,compression_l4,compression,4,other,0.8811329872378111,-6.437037938773139,-0.017801935787133405,-0.0948607464223139
demucs,Arise_-_Run_Run_Run,delay_l1,delay,1,vocals,10.961124361452379,10.600534250526668,-0.6715688578986594,-0.7295613724543486
demucs,Arise_-_Run_Run_Run,delay_l1,delay,1,drums,-3.2928051431352285,-3.5961165961852486,-0.0017407602524297516,-0.006650854582385346
demucs,Arise_-_Run_Run_Run,delay_l1,delay,1,bass,7.440914819850927,6.981601925413759,-0.040060670576958834,-0.04084825079031873
demucs,Arise_-_Run_Run_Run,delay_l1,delay,1,other,0.8738568038558701,-6.480767457597583,-0.02507811916907443,-0.13859026524675766
demucs,Arise_-_Run_Run_Run,delay_l2,delay,2,vocals,10.263451526622875,9.843847868551736,-1.3692416927281634,-1.4862477544292805
demucs,Arise_-_Run_Run_Run,delay_l2,delay,2,drums,-3.3572705655300754,-3.678500364298121,-0.06620618264727662,-0.08903462269525786
demucs,Arise_-_Run_Run_Run,delay_l2,delay,2,bass,7.51410879635782,7.048761773419635,0.03313330592993413,0.02631159721555676
demucs,Arise_-_Run_Run_Run,delay_l2,delay,2,other,0.8493820857224986,-6.620992171061789,-0.04955283730244586,-0.2788149787109635
demucs,Arise_-_Run_Run_Run,delay_l3,delay,3,vocals,9.396803886634938,8.879801270357657,-2.2358893327161002,-2.4502943526233594
demucs,Arise_-_Run_Run_Run,delay_l3,delay,3,drums,-3.325269887509461,-3.6730290254061035,-0.034205504626662275,-0.0835632838032403
demucs,Arise_-_Run_Run_Run,delay_l3,delay,3,bass,7.545288735321049,7.087429389932776,0.06431324489316292,0.06497921372869797
demucs,Arise_-_Run_Run_Run,delay_l3,delay,3,other,0.8473470893361936,-6.634696392985063,-0.05158783368875086,-0.29251920063423764
demucs,Arise_-_Run_Run_Run,delay_l4,delay,4,vocals,8.784380277792387,8.1770263980075,-2.8483129415586514,-3.1530692249735157
demucs,Arise_-_Run_Run_Run,delay_l4,delay,4,drums,-3.3859622082335408,-3.714420906102021,-0.09489782535074198,-0.12495516449915778
demucs,Arise_-_Run_Run_Run,delay_l4,delay,4,bass,7.689301166321164,7.208964604397938,0.20832567589327855,0.18651442819385977
demucs,Arise_-_Run_Run_Run,delay_l4,delay,4,other,0.8156710336735973,-6.815668788623168,-0.08326388935134721,-0.4734915962723427
demucs,Arise_-_Run_Run_Run,original,original,0,vocals,11.632693219351038,11.330095622981016,0.0,0.0
demucs,Arise_-_Run_Run_Run,original,original,0,drums,-3.291064382882799,-3.5894657416028632,0.0,0.0
demucs,Arise_-_Run_Run_Run,original,original,0,bass,7.480975490427886,7.022450176204078,0.0,0.0
demucs,Arise_-_Run_Run_Run,original,original,0,other,0.8989349230249445,-6.342177192350825,0.0,0.0
demucs,Arise_-_Run_Run_Run,reverb_l1,reverb,1,vocals,10.576627577041325,10.193960813238363,-1.0560656423097132,-1.1361348097426536
demucs,Arise_-_Run_Run_Run,reverb_l1,reverb,1,drums,-3.2522062713264397,-3.572421675125565,0.0388581115563591,0.01704406647729817
demucs,Arise_-_Run_Run_Run,reverb_l1,reverb,1,bass,7.3834734328416225,6.930115937971749,-0.09750205758626329,-0.09233423823232911
demucs,Arise_-_Run_Run_Run,reverb_l1,reverb,1,other,0.8906088861058896,-6.390312506601346,-0.008326036919054869,-0.04813531425052098
demucs,Arise_-_Run_Run_Run,reverb_l2,reverb,2,vocals,7.967206495188534,7.362278224889805,-3.6654867241625047,-3.967817398091211
demucs,Arise_-_Run_Run_Run,reverb_l2,reverb,2,drums,-3.1825183451625607,-3.5065406765970697,0.10854603772023808,0.08292506500579355
demucs,Arise_-_Run_Run_Run,reverb_l2,reverb,2,bass,7.248972712806867,6.7702450593016135,-0.23200277762101873,-0.2522051169024646
demucs,Arise_-_Run_Run_Run,reverb_l2,reverb,2,other,0.8613357681920237,-6.578809706638663,-0.037599154832920756,-0.23663251428783738
demucs,Arise_-_Run_Run_Run,reverb_l3,reverb,3,vocals,6.855222876875402,6.093690224199228,-4.777470342475636,-5.2364053987817885
demucs,Arise_-_Run_Run_Run,reverb_l3,reverb,3,drums,-3.249658953231272,-3.5815463511852097,0.04140542965152694,0.007919390417653549
demucs,Arise_-_Run_Run_Run,reverb_l3,reverb,3,bass,7.296759576172095,6.793167775474149,-0.1842159142557911,-0.22928240072992878
demucs,Arise_-_Run_Run_Run,reverb_l3,reverb,3,other,0.8273518143813625,-6.780493820528365,-0.07158310864358197,-0.4383166281775397
demucs,Arise_-_Run_Run_Run,reverb_l4,reverb,4,vocals,6.989578217010269,6.301398139846219,-4.643115002340769,-5.028697483134797
demucs,Arise_-_Run_Run_Run,reverb_l4,reverb,4,drums,-3.2534734786258275,-3.5621264122084466,0.037590904256971314,0.027339329394416634
demucs,Arise_-_Run_Run_Run,reverb_l4,reverb,4,bass,7.3357661962080485,6.821646894300557,-0.1452092942198373,-0.20080328190352148
demucs,Arise_-_Run_Run_Run,reverb_l4,reverb,4,other,0.8328969836909607,-6.7488176796715855,-0.06603793933398383,-0.4066404873207601
spleeter,BKS_-_Bulldozer,bitcrush_l1,bitcrush,1,vocals,5.657722932893877,4.290382547007975,-0.2500118010366599,-0.3448175370710205
spleeter,BKS_-_Bulldozer,bitcrush_l1,bitcrush,1,drums,8.527321885631164,7.87575779256537,-0.045342303287499774,-0.051305575646225066
spleeter,BKS_-_Bulldozer,bitcrush_l1,bitcrush,1,bass,5.968258284622405,4.701792873275339,-2.4564993556630554e-05,3.337804332481653e-05
spleeter,BKS_-_Bulldozer,bitcrush_l1,bitcrush,1,other,4.5901908481505425,2.9643528088544917,-0.030491400687810533,-0.02873511804664064
spleeter,BKS_-_Bulldozer,bitcrush_l2,bitcrush,2,vocals,5.660061357117076,4.2934153384637845,-0.24767337681346113,-0.341784745615211
spleeter,BKS_-_Bulldozer,bitcrush_l2,bitcrush,2,drums,8.527814832430211,7.876327572958881,-0.04484935648845223,-0.05073579525271388
spleeter,BKS_-_Bulldozer,bitcrush_l2,bitcrush,2,bass,5.967920460110125,4.701335613315198,-0.000362389505837335,-0.00042388191681652643
spleeter,BKS_-_Bulldozer,bitcrush_l2,bitcrush,2,other,4.591603878494813,2.966639181836249,-0.029078370343539994,-0.026448745064883372
spleeter,BKS_-_Bulldozer,bitcrush_l3,bitcrush,3,vocals,5.664132417450192,4.298932056644355,-0.24360231648034514,-0.3362680274346408
spleeter,BKS_-_Bulldozer,bitcrush_l3,bitcrush,3,drums,8.5280997468966,7.876666167751722,-0.04456444202206278,-0.05039720045987295
spleeter,BKS_-_Bulldozer,bitcrush_l3,bitcrush,3,bass,5.968491041263282,4.702073257680678,0.00020819164731999962,0.00031376244866354597
spleeter,BKS_-_Bulldozer,bitcrush_l3,bitcrush,3,other,4.5921055595686475,2.9651103954178155,-0.02857668926970547,-0.02797753148331683
spleeter,BKS_-_Bulldozer,bitcrush_l4,bitcrush,4,vocals,5.5586178982623125,4.149338703858872,-0.3491168356682248,-0.4858613802201237
spleeter,BKS_-_Bulldozer,bitcrush_l4,bitcrush,4,drums,8.508556953481637,7.853637974977681,-0.06410723543702623,-0.07342539323391417
spleeter,BKS_-_Bulldozer,bitcrush_l4,bitcrush,4,bass,5.959164482122656,4.689697188991565,-0.009118367493305968,-0.012062306240449239
spleeter,BKS_-_Bulldozer,bitcrush_l4,bitcrush,4,other,4.59100317875777,2.9727679831211824,-0.029679070080582903,-0.020319943779949945
spleeter,BKS_-_Bulldozer,compression_l1,compression,1,vocals,5.760241923524351,4.436126320462044,-0.14749281040618634,-0.19907376361695128
spleeter,BKS_-_Bulldozer,compression_l1,compression,1,drums,8.551516243537682,7.90284120584203,-0.021147945380981525,-0.02422216236956487
spleeter,BKS_-_Bulldozer,compression_l1,compression,1,bass,5.961996332333687,4.6933362667797915,-0.006286517282275028,-0.008423228452222986
spleeter,BKS_-_Bulldozer,compression_l1,compression,1,other,4.599160447291524,2.9592450423908163,-0.02152180154682881,-0.03384288451031603
spleeter,BKS_-_Bulldozer,compression_l2,compression,2,vocals,5.490110835014146,4.063527900633575,-0.41762389891639096,-0.5716721834454201
spleeter,BKS_-_Bulldozer,compression_l2,compression,2,drums,8.485520210070028,7.827686183033552,-0.08714397884863523,-0.09937718517804317
spleeter,BKS_-_Bulldozer,compression_l2,compression,2,bass,5.951089003063403,4.678748157169656,-0.01719384655255851,-0.023011338062358888
spleeter,BKS_-_Bulldozer,compression_l2,compression,2,other,4.591133110186595,2.9366368706383756,-0.0295491386517579,-0.056451056262756705
spleeter,BKS_-_Bulldozer,compression_l3,compression,3,vocals,5.26501220399825,3.745448781759265,-0.6427225299322874,-0.8897513023197305
spleeter,BKS_-_Bulldozer,compression_l3,compression,3,drums,8.392878276845362,7.722664418593236,-0.1797859120733012,-0.20439894961835936
spleeter,BKS_-_Bulldozer,compression_l3,compression,3,bass,5.943663324884304,4.668945963313909,-0.024619524731657627,-0.0328135319181051
spleeter,BKS_-_Bulldozer,compression_l3,compression,3,other,4.589579647730265,2.931369027900512,-0.03110260110808838,-0.06171889900062055
spleeter,BKS_-_Bulldozer,compression_l4,compression,4,vocals,5.09635442390525,3.5002850392621405,-0.811380310025287,-1.134915044816855
spleeter,BKS_-_Bulldozer,compression_l4,compression,4,drums,8.23014278110872,7.539873635921119,-0.34252140780994367,-0.3871897322904756
spleeter,BKS_-_Bulldozer,compression_l4,compression,4,bass,5.951821597284427,4.6797141288463475,-0.016461252331534837,-0.02204536638566701
spleeter,BKS_-_Bulldozer,compression_l4,compression,4,other,4.604136320024295,2.9576283027989287,-0.016545928814058364,-0.0354596241022036
spleeter,BKS_-_Bulldozer,delay_l1,delay,1,vocals,5.637667152962237,4.2709112767173085,-0.2700675809683002,-0.364288807361687
spleeter,BKS_-_Bulldozer,delay_l1,delay,1,drums,8.524559316608583,7.872491212478322,-0.04810487231008054,-0.05457215573327279
spleeter,BKS_-_Bulldozer,delay_l1,delay,1,bass,5.945523814005966,4.671452637701401,-0.022759035609995593,-0.03030685753061313
spleeter,BKS_-_Bulldozer,delay_l1,delay,1,other,4.583291238224225,2.927798167236216,-0.03739101061412775,-0.06528975966491624
spleeter,BKS_-_Bulldozer,delay_l2,delay,2,vocals,5.130731045323559,3.5445227198331155,-0.7770036886069782,-1.09067736424588
spleeter,BKS_-_Bulldozer,delay_l2,delay,2,drums,8.511381314988528,7.856921495211222,-0.06128287393013565,-0.07014187300037289
spleeter,BKS_-_Bulldozer,delay_l2,delay,2,bass,5.927839091567874,4.648026357250531,-0.040443758048088085,-0.05373313798148338
spleeter,BKS_-_Bulldozer,delay_l2,delay,2,other,4.3740017720575395,2.675257901848104,-0.2466804767808135,-0.3178300250530284
spleeter,BKS_-_Bulldozer,delay_l3,delay,3,vocals,4.266505118707661,2.229421672418395,-1.6412296152228762,-2.4057784116606005
spleeter,BKS_-_Bulldozer,delay_l3,delay,3,drums,8.453378140924887,7.789818275465999,-0.11928604799377673,-0.13724509274559615
spleeter,BKS_-_Bulldozer,delay_l3,delay,3,bass,5.894420987159162,4.605144606051117,-0.07386186245680015,-0.09661488918089756
spleeter,BKS_-_Bulldozer,delay_l3,delay,3,other,3.9962258456771145,2.2380323956688732,-0.6244564031612385,-0.7550555312322591
spleeter,BKS_-_Bulldozer,delay_l4,delay,4,vocals,3.788023266314482,1.4371634822793224,-2.1197114676160553,-3.1980366017996733
spleeter,BKS_-_Bulldozer,delay_l4,delay,4,drums,8.409790279027611,7.738884043290329,-0.16287390989105255,-0.18817932492126577
spleeter,BKS_-_Bulldozer,delay_l4,delay,4,bass,5.8794255138056055,4.5856496502648945,-0.08885733581035637,-0.11610984496712007
spleeter,BKS_-_Bulldozer,delay_l4,delay,4,other,3.817064474810335,2.0134236859279016,-0.8036177740280182,-0.9796642409732308
spleeter,BKS_-_Bulldozer,original,original,0,vocals,5.907734733930537,4.6352000840789955,0.0,0.0
spleeter,BKS_-_Bulldozer,original,original,0,drums,8.572664188918663,7.927063368211595,0.0,0.0
spleeter,BKS_-_Bulldozer,original,original,0,bass,5.968282849615962,4.7017594952320145,0.0,0.0
spleeter,BKS_-_Bulldozer,original,original,0,other,4.620682248838353,2.9930879269011323,0.0,0.0
spleeter,BKS_-_Bulldozer,reverb_l1,reverb,1,vocals,5.604491309341836,4.225630833646931,-0.30324342458870124,-0.4095692504320647
spleeter,BKS_-_Bulldozer,reverb_l1,reverb,1,drums,8.550347553407212,7.901536044330106,-0.022316635511451466,-0.02552732388148904
spleeter,BKS_-_Bulldozer,reverb_l1,reverb,1,bass,5.898447142044855,4.608698092577438,-0.06983570757110691,-0.09306140265457685
spleeter,BKS_-_Bulldozer,reverb_l1,reverb,1,other,4.572057869326577,2.9229905600258754,-0.048624379511776006,-0.07009736687525692
spleeter,BKS_-_Bulldozer,reverb_l2,reverb,2,vocals,4.080387664295632,1.948279684408401,-1.8273470696349055,-2.6869203996705946
spleeter,BKS_-_Bulldozer,reverb_l2,reverb,2,drums,8.472067341232318,7.814171593440586,-0.10059684768634547,-0.11289177477100854
spleeter,BKS_-_Bulldozer,reverb_l2,reverb,2,bass,5.676214452709748,4.309744070974776,-0.2920683969062141,-0.3920154242572389
spleeter,BKS_-_Bulldozer,reverb_l2,reverb,2,other,4.1170726582261805,2.365772512791973,-0.5036095906121725,-0.6273154141091593
spleeter,BKS_-_Bulldozer,reverb_l3,reverb,3,vocals,3.2866918006181645,0.5629098837216913,-2.621042933312373,-4.072290200357305
spleeter,BKS_-_Bulldozer,reverb_l3,reverb,3,drums,8.368980773033172,7.6987938489934375,-0.20368341588549121,-0.2282695192181574
spleeter,BKS_-_Bulldozer,reverb_l3,reverb,3,bass,5.665061117821876,4.2917562196050065,-0.3032217317940855,-0.410003275627008
spleeter,BKS_-_Bulldozer,reverb_l3,reverb,3,other,3.794473445649218,2.01951433384656,-0.826208803189135,-0.9735735930545721
spleeter,BKS_-_Bulldozer,reverb_l4,reverb,4,vocals,3.2119391609996457,0.4181436000963419,-2.6957955729308916,-4.217056483982653
spleeter,BKS_-_Bulldozer,reverb_l4,reverb,4,drums,8.346611120405134,7.6732284031493805,-0.22605306851352935,-0.2538349650622145
spleeter,BKS_-_Bulldozer,reverb_l4,reverb,4,bass,5.655840689965395,4.278976445272783,-0.3124421596505673,-0.4227830499592313
spleeter,BKS_-_Bulldozer,reverb_l4,reverb,4,other,3.776081341368882,2.0125935755804703,-0.8446009074694709,-0.9804943513206621
demucs,BKS_-_Bulldozer,bitcrush_l1,bitcrush,1,vocals,8.587006227751196,7.939800803954292,-0.2542867435009075,-0.29601614197136694
demucs,BKS_-_Bulldozer,bitcrush_l1,bitcrush,1,drums,11.788051224056789,11.495679819191654,-0.09007539032098677,-0.0950838664322795
demucs,BKS_-_Bulldozer,bitcrush_l1,bitcrush,1,bass,9.833306191585326,9.357045206662898,-0.05762695918080141,-0.06483176747021169
demucs,BKS_-_Bulldozer,bitcrush_l1,bitcrush,1,other,6.548353221224508,5.463988587822191,-0.024661919308133662,-0.030330393264759614
demucs,BKS_-_Bulldozer,bitcrush_l2,bitcrush,2,vocals,8.561019605676282,7.909639921921929,-0.2802733655758214,-0.32617702400373005
demucs,BKS_-_Bulldozer,bitcrush_l2,bitcrush,2,drums,11.77467441214892,11.481553958858973,-0.10345220222885487,-0.10920972676496099
demucs,BKS_-_Bulldozer,bitcrush_l2,bitcrush,2,bass,9.870435766305516,9.398926921319665,-0.020497384460611556,-0.02295005281344409
demucs,BKS_-_Bulldozer,bitcrush_l2,bitcrush,2,other,6.5586780586110365,5.476983590370476,-0.014337081921604877,-0.017335390716475274
demucs,BKS_-_Bulldozer,bitcrush_l3,bitcrush,3,vocals,8.564469795591691,7.913686445253335,-0.2768231756604127,-0.3221305006723245
demucs,BKS_-_Bulldozer,bitcrush_l3,bitcrush,3,drums,11.766021972649174,11.472274017161958,-0.11210464172860135,-0.11848966846197584
demucs,BKS_-_Bulldozer,bitcrush_l3,bitcrush,3,bass,9.88323368758238,9.413083234138634,-0.007699463183747923,-0.008793739994475303
demucs,BKS_-_Bulldozer,bitcrush_l3,bitcrush,3,other,6.558401281108538,5.47706787474445,-0.014613859424103204,-0.017251106342500933
demucs,BKS_-_Bulldozer,bitcrush_l4,bitcrush,4,vocals,8.347300861970602,7.660482159360179,-0.4939921092815016,-0.5753347865654801
demucs,BKS_-_Bulldozer,bitcrush_l4,bitcrush,4,drums,11.735348508180504,11.439148696257808,-0.14277810619727127,-0.15161498936612539
demucs,BKS_-_Bulldozer,bitcrush_l4,bitcrush,4,bass,9.857336802030211,9.384144317599567,-0.03359634873591588,-0.0377326565335423
demucs,BKS_-_Bulldozer,bitcrush_l4,bitcrush,4,other,6.525054939661202,5.434172790684425,-0.04796020087143926,-0.06014619040252622
demucs,BKS_-_Bulldozer,compression_l1,compression,1,vocals,8.850524753995249,8.248221980648982,0.009231782743144734,0.012405034723322217
demucs,BKS_-_Bulldozer,compression_l1,compression,1,drums,11.843583248638048,11.553789678867583,-0.034543365739727605,-0.036974006756350875
demucs,BKS_-_Bulldozer,compression_l1,compression,1,bass,9.878012235040162,9.407366273808888,-0.012920915725965543,-0.014510700324221304
demucs,BKS_-_Bulldozer,compression_l1,compression,1,other,6.577786894782976,5.499355313948837,0.004771754250334936,0.005036332861886095
demucs,BKS_-_Bulldozer,compression_l2,compression,2,vocals,8.639088057831877,8.004304691654298,-0.20220491342022662,-0.23151225427136168
demucs,BKS_-_Bulldozer,compression_l2,compression,2,drums,11.821907793946373,11.530915059030773,-0.05621882043140225,-0.05984862659316015
demucs,BKS_-_Bulldozer,compression_l2,compression,2,bass,9.876174039768022,9.405299959649742,-0.014759110998104674,-0.016577014483367236
demucs,BKS_-_Bulldozer,compression_l2,compression,2,other,6.550213052943178,5.463938104599189,-0.022802087589463227,-0.030380876487762443
demucs,BKS_-_Bulldozer,compression_l3,compression,3,vocals,8.510739179301556,7.854978413712768,-0.3305537919505479,-0.3808385322128913
demucs,BKS_-_Bulldozer,compression_l3,compression,3,drums,11.740654504664306,11.44383711648195,-0.13747210971346924,-0.14692656914198388
demucs,BKS_-_Bulldozer,compression_l3,compression,3,bass,9.780303646653634,9.298134241135823,-0.1106295041124934,-0.123742732997286
demucs,BKS_-_Bulldozer,compression_l3,compression,3,other,6.515986111748681,5.419956145680861,-0.0570290287839601,-0.0743628354060899
demucs,BKS_-_Bulldozer,compression_l4,compression,4,vocals,8.502255484986387,7.844047684436579,-0.33903748626571684,-0.3917692614890802
demucs,BKS_-_Bulldozer,compression_l4,compression,4,drums,11.679603216319311,11.380027320944029,-0.1985233980584642,-0.21073636467990475
demucs,BKS_-_Bulldozer,compression_l4,compression,4,bass,9.81580620524301,9.337721514603732,-0.07512694552311672,-0.0841554595293772
demucs,BKS_-_Bulldozer,compression_l4,compression,4,other,6.555104965242147,5.470257199926818,-0.017910175290494657,-0.02406178116013269
demucs,BKS_-_Bulldozer,delay_l1,delay,1,vocals,8.477648953037868,7.813789224610208,-0.3636440182142362,-0.42202772131545174
demucs,BKS_-_Bulldozer,delay_l1,delay,1,drums,11.827126853255926,11.536602440053006,-0.05099976112184912,-0.05416124557092772
demucs,BKS_-_Bulldozer,delay_l1,delay,1,bass,9.84775869849268,9.373362229766018,-0.04317445227344763,-0.04851474436709147
demucs,BKS_-_Bulldozer,delay_l1,delay,1,other,6.490714450394864,5.388708719990053,-0.08230069013777719,-0.1056102610968983
demucs,BKS_-_Bulldozer,delay_l2,delay,2,vocals,7.937313985692588,7.176562018899939,-0.9039789855595162,-1.0592549270257203
demucs,BKS_-_Bulldozer,delay_l2,delay,2,drums,11.772481414687768,11.477895736400976,-0.10564519969000763,-0.11286794922295762
demucs,BKS_-_Bulldozer,delay_l2,delay,2,bass,9.821732737605851,9.344670817527685,-0.06920041316027614,-0.07720615660542407
demucs,BKS_-_Bulldozer,delay_l2,delay,2,other,6.341473817151617,5.194733306313289,-0.23154132338102418,-0.29958567477366227
demucs,BKS_-_Bulldozer,delay_l3,delay,3,vocals,7.27869979984062,6.384010396877441,-1.5625931714114838,-1.8518065490482183
demucs,BKS_-_Bulldozer,delay_l3,delay,3,drums,11.7227898479905,11.424737246014907,-0.15533676638727556,-0.16602643960902697
demucs,BKS_-_Bulldozer,delay_l3,delay,3,bass,9.802288017948156,9.322432709200239,-0.08864513281797137,-0.0994442649328704
demucs,BKS_-_Bulldozer,delay_l3,delay,3,other,6.140070115680791,4.93721756022031,-0.4329450248518505,-0.5571014208666414
demucs,BKS_-_Bulldozer,delay_l4,delay,4,vocals,6.68839770469277,5.651764655829563,-2.1528952665593337,-2.5840522900960963
demucs,BKS_-_Bulldozer,delay_l4,delay,4,drums,11.691744641412964,11.391138637365888,-0.18638197296481174,-0.19962504825804572
demucs,BKS_-_Bulldozer,delay_l4,delay,4,bass,9.826725176229502,9.350478965561186,-0.0642079745366253,-0.07139800857192391
demucs,BKS_-_Bulldozer,delay_l4,delay,4,other,5.938472955003618,4.672787045140727,-0.634542185529023,-0.8215319359462239
demucs,BKS_-_Bulldozer,original,original,0,vocals,8.841292971252104,8.23581694592566,0.0,0.0
demucs,BKS_-_Bulldozer,original,original,0,drums,11.878126614377775,11.590763685623934,0.0,0.0
demucs,BKS_-_Bulldozer,original,original,0,bass,9.890933150766127,9.42187697413311,0.0,0.0
demucs,BKS_-_Bulldozer,original,original,0,other,6.573015140532641,5.494318981086951,0.0,0.0
demucs,BKS_-_Bulldozer,reverb_l1,reverb,1,vocals,8.244963990567985,7.541325292065407,-0.5963289806841185,-0.6944916538602524
demucs,BKS_-_Bulldozer,reverb_l1,reverb,1,drums,11.857660094047912,11.568970882282132,-0.020466520329863513,-0.02179280334180156
demucs,BKS_-_Bulldozer,reverb_l1,reverb,1,bass,9.831246394848442,9.354770309382001,-0.05968675591768502,-0.06710666475110827
demucs,BKS_-_Bulldozer,reverb_l1,reverb,1,other,6.409220464551074,5.288174234436961,-0.16379467598156694,-0.20614474664998994
demucs,BKS_-_Bulldozer,reverb_l2,reverb,2,vocals,6.419364360732934,5.298716515116151,-2.4219286105191697,-2.937100430809508
demucs,BKS_-_Bulldozer,reverb_l2,reverb,2,drums,11.79422859673956,11.502750026573791,-0.0838980176382158,-0.08801365905014258
demucs,BKS_-_Bulldozer,reverb_l2,reverb,2,bass,9.665595958652098,9.169334973143332,-0.22533719211402925,-0.2525420009897772
demucs,BKS_-_Bulldozer,reverb_l2,reverb,2,other,5.868463416532803,4.608596614023293,-0.7045517239998382,-0.885722367063658
demucs,BKS_-_Bulldozer,reverb_l3,reverb,3,vocals,5.227085826363876,3.6780373844659877,-3.614207144888228,-4.557779561459672
demucs,BKS_-_Bulldozer,reverb_l3,reverb,3,drums,11.87727463161549,11.5910645681588,-0.0008519827622848197,0.0003008825348658206
demucs,BKS_-_Bulldozer,reverb_l3,reverb,3,bass,9.671632091532034,9.176224037907478,-0.21930105923409293,-0.2456529362256319
demucs,BKS_-_Bulldozer,reverb_l3,reverb,3,other,5.48198573264891,4.13100769556851,-1.091029407883731,-1.3633112855184413
demucs,BKS_-_Bulldozer,reverb_l4,reverb,4,vocals,5.045763530837749,3.416248510825625,-3.795529440414355,-4.8195684351000345
demucs,BKS_-_Bulldozer,reverb_l4,reverb,4,drums,11.907924124565652,11.623881001467026,0.02979751018787624,0.033117315843092854
demucs,BKS_-_Bulldozer,reverb_l4,reverb,4,bass,9.65407659388614,9.156337793457089,-0.23685655687998697,-0.26553918067602034
demucs,BKS_-_Bulldozer,reverb_l4,reverb,4,other,5.343532835696275,3.972199899718784,-1.2294823048363668,-1.5221190813681669
spleeter,BKS_-_Too_Much,bitcrush_l1,bitcrush,1,vocals,9.615661418888257,9.148921083709402,-0.5913333114832202,-0.666534321842235
spleeter,BKS_-_Too_Much,bitcrush_l1,bitcrush,1,drums,6.080733954353726,4.852215849949049,-0.04022093354079548,-0.05437798305469688
spleeter,BKS_-_Too_Much,bitcrush_l1,bitcrush,1,bass,7.795199477900806,7.006244254208639,-0.013107736823820382,-0.015618425544794867
spleeter,BKS_-_Too_Much,bitcrush_l1,bitcrush,1,other,4.978113539138561,3.3832319386772425,-0.07700743642246177,-0.09792648580024865
spleeter,BKS_-_Too_Much,bitcrush_l2,bitcrush,2,vocals,9.614326380902016,9.147305472709045,-0.5926683494694611,-0.6681499328425922
spleeter,BKS_-_Too_Much,bitcrush_l2,bitcrush,2,drums,6.080340781945707,4.851671032100768,-0.04061410594881476,-0.054922800902978075
spleeter,BKS_-_Too_Much,bitcrush_l2,bitcrush,2,bass,7.795694958016822,7.006852877127798,-0.012612256707804193,-0.015009802625635338
spleeter,BKS_-_Too_Much,bitcrush_l2,bitcrush,2,other,4.97874497425337,3.384207281434116,-0.07637600130765243,-0.09695114304337515
spleeter,BKS_-_Too_Much,bitcrush_l3,bitcrush,3,vocals,9.596444642204954,9.126157980113664,-0.6105500881665229,-0.6892974254379727
spleeter,BKS_-_Too_Much,bitcrush_l3,bitcrush,3,drums,6.072493810931166,4.840982560859833,-0.04846107696335533,-0.06561127214391327
spleeter,BKS_-_Too_Much,bitcrush_l3,bitcrush,3,bass,7.793957918171406,7.004876400957713,-0.01434929655322037,-0.0169862787957209
spleeter,BKS_-_Too_Much,bitcrush_l3,bitcrush,3,other,4.972153930260499,3.375065153658683,-0.08296704530052335,-0.10609327081880826
spleeter,BKS_-_Too_Much,bitcrush_l4,bitcrush,4,vocals,9.297231381918461,8.782658856765655,-0.9097633484530157,-1.0327965487859814
spleeter,BKS_-_Too_Much,bitcrush_l4,bitcrush,4,drums,6.023657292725288,4.775693680484247,-0.09729759516923409,-0.13090015251949882
spleeter,BKS_-_Too_Much,bitcrush_l4,bitcrush,4,bass,7.791940202256853,7.002458971916119,-0.01636701246777328,-0.0194037078373146
spleeter,BKS_-_Too_Much,bitcrush_l4,bitcrush,4,other,4.9062091452210455,3.296557038560322,-0.14891183033997724,-0.18460138591716913
spleeter,BKS_-_Too_Much,compression_l1,compression,1,vocals,9.977940096968666,9.563416633806597,-0.22905463340281074,-0.2520387717450401
spleeter,BKS_-_Too_Much,compression_l1,compression,1,drums,6.0925431970679895,4.868826942166247,-0.028411690826532165,-0.03776689083749929
spleeter,BKS_-_Too_Much,compression_l1,compression,1,bass,7.810724707433957,7.024771421379309,0.00241749270933056,0.0029087416258750665
spleeter,BKS_-_Too_Much,compression_l1,compression,1,other,5.03481886361916,3.4499094095713696,-0.020302111941862933,-0.03124901490612153
spleeter,BKS_-_Too_Much,compression_l2,compression,2,vocals,9.536489682790288,9.06973583902408,-0.6705050475811891,-0.7457195665275567
spleeter,BKS_-_Too_Much,compression_l2,compression,2,drums,6.037753127779094,4.7957424999240565,-0.08320176011542735,-0.11085133307968942
spleeter,BKS_-_Too_Much,compression_l2,compression,2,bass,7.807207754789869,7.020621435496167,-0.001099459934757796,-0.0012412442572662385
spleeter,BKS_-_Too_Much,compression_l2,compression,2,other,5.004329406395195,3.4048514847290394,-0.05079156916582761,-0.07630693974845171
spleeter,BKS_-_Too_Much,compression_l3,compression,3,vocals,9.340284566129348,8.844007114527283,-0.8667101642421287,-0.9714482910243536
spleeter,BKS_-_Too_Much,compression_l3,compression,3,drums,6.000475108031362,4.745946580762907,-0.12047977986315939,-0.16064725224083887
spleeter,BKS_-_Too_Much,compression_l3,compression,3,bass,7.795472661144909,7.006604196878712,-0.012834553579717856,-0.015258482874721757
spleeter,BKS_-_Too_Much,compression_l3,compression,3,other,5.003846592256162,3.4067156145100688,-0.051274383304861004,-0.07444280996742236
spleeter,BKS_-_Too_Much,compression_l4,compression,4,vocals,9.334369731004065,8.828072833518604,-0.872624999367412,-0.9873825720330327
spleeter,BKS_-_Too_Much,compression_l4,compression,4,drums,5.950159419002098,4.677928360169307,-0.17079546889242359,-0.2286654728344386
spleeter,BKS_-_Too_Much,compression_l4,compression,4,bass,7.745898485661089,6.9469759724377695,-0.062408729063538004,-0.07488670731566405
spleeter,BKS_-_Too_Much,compression_l4,compression,4,other,5.016750051348652,3.424600022741153,-0.038370924212371094,-0.056558401736338304
spleeter,BKS_-_Too_Much,delay_l1,delay,1,vocals,9.609375203994166,9.138928464687588,-0.5976195263773114,-0.6765269408640489
spleeter,BKS_-_Too_Much,delay_l1,delay,1,drums,6.0866282710373065,4.861328734577523,-0.034326616857215164,-0.04526509842622328
spleeter,BKS_-_Too_Much,delay_l1,delay,1,bass,7.775990786682908,6.983470634255467,-0.032316428041718304,-0.038392045497966265
spleeter,BKS_-_Too_Much,delay_l1,delay,1,other,4.865192043428745,3.2074288637993913,-0.18992893213227813,-0.27372956067809984
spleeter,BKS_-_Too_Much,delay_l2,delay,2,vocals,8.922100445552305,8.354377210407707,-1.2848942848191722,-1.46107819514393
spleeter,BKS_-_Too_Much,delay_l2,delay,2,drums,6.021395513472375,4.774881397019324,-0.0995593744221468,-0.13171243598442217
spleeter,BKS_-_Too_Much,delay_l2,delay,2,bass,7.758745022602145,6.963499743822137,-0.04956219212248136,-0.05836293593129671
spleeter,BKS_-_Too_Much,delay_l2,delay,2,other,4.672960372058229,2.9344802246504753,-0.38216060350279335,-0.5466781998270158
spleeter,BKS_-_Too_Much,delay_l3,delay,3,vocals,8.153474658717299,7.442953759248669,-2.0535200716541784,-2.3725016463029673
spleeter,BKS_-_Too_Much,delay_l3,delay,3,drums,5.949855926442455,4.6786257369673,-0.17109896145206704,-0.22796809603644608
spleeter,BKS_-_Too_Much,delay_l3,delay,3,bass,7.691833492863768,6.882694848638452,-0.11647372186085825,-0.13916783111498177
spleeter,BKS_-_Too_Much,delay_l3,delay,3,other,4.3847871801031575,2.556947066523609,-0.6703337954578652,-0.9242113579538822
spleeter,BKS_-_Too_Much,delay_l4,delay,4,vocals,7.451978945729161,6.594066942460715,-2.755015784642316,-3.221388463090922
spleeter,BKS_-_Too_Much,delay_l4,delay,4,drums,5.881889942653818,4.586354135574181,-0.23906494524070343,-0.3202396974295647
spleeter,BKS_-_Too_Much,delay_l4,delay,4,bass,7.692263482645072,6.882948517992301,-0.11604373207955465,-0.13891416176113225
spleeter,BKS_-_Too_Much,delay_l4,delay,4,other,4.046478274488535,2.116738608728346,-1.008642701072488,-1.364419815749145
spleeter,BKS_-_Too_Much,original,original,0,vocals,10.206994730371477,9.815455405551637,0.0,0.0
spleeter,BKS_-_Too_Much,original,original,0,drums,6.120954887894522,4.906593833003746,0.0,0.0
spleeter,BKS_-_Too_Much,original,original,0,bass,7.808307214724627,7.021862679753434,0.0,0.0
spleeter,BKS_-_Too_Much,original,original,0,other,5.055120975561023,3.481158424477491,0.0,0.0
spleeter,BKS_-_Too_Much,reverb_l1,reverb,1,vocals,9.846420202694835,9.416082365644685,-0.36057452767664167,-0.3993730399069513
spleeter,BKS_-_Too_Much,reverb_l1,reverb,1,drums,6.111278122533054,4.894682955888186,-0.009676765361467332,-0.011910877115560048
spleeter,BKS_-_Too_Much,reverb_l1,reverb,1,bass,7.789307610712504,6.999103670306881,-0.018999604012122973,-0.022759009446552625
spleeter,BKS_-_Too_Much,reverb_l1,reverb,1,other,4.95170861512257,3.327891885970937,-0.10341236043845292,-0.15326653850655392
spleeter,BKS_-_Too_Much,reverb_l2,reverb,2,vocals,8.671582055839867,8.057694952491968,-1.5354126745316101,-1.757760453059669
spleeter,BKS_-_Too_Much,reverb_l2,reverb,2,drums,6.059755726948746,4.826208219890673,-0.06119916094577604,-0.0803856131130729
spleeter,BKS_-_Too_Much,reverb_l2,reverb,2,bass,7.627812653825013,6.807704607023037,-0.18049456089961335,-0.21415807273039622
spleeter,BKS_-_Too_Much,reverb_l2,reverb,2,other,4.63780420914425,2.899070602342877,-0.4173167664167723,-0.5820878221346142
spleeter,BKS_-_Too_Much,reverb_l3,reverb,3,vocals,8.407946451447463,7.7399870203950085,-1.7990482789240136,-2.0754683851566282
spleeter,BKS_-_Too_Much,reverb_l3,reverb,3,drums,6.072219942561522,4.841476862555295,-0.048734945332999935,-0.0651169704484511
spleeter,BKS_-_Too_Much,reverb_l3,reverb,3,bass,7.530078443010398,6.692430357193798,-0.2782287717142289,-0.3294323225596356
spleeter,BKS_-_Too_Much,reverb_l3,reverb,3,other,4.56975080726579,2.8247811385258608,-0.4853701682952325,-0.6563772859516304
spleeter,BKS_-_Too_Much,reverb_l4,reverb,4,vocals,8.467378964738135,7.808133662029567,-1.7396157656333422,-2.00732174352207
spleeter,BKS_-_Too_Much,reverb_l4,reverb,4,drums,6.081323445455855,4.853428507144753,-0.03963144243866701,-0.05316532585899303
spleeter,BKS_-_Too_Much,reverb_l4,reverb,4,bass,7.514280243358746,6.673378783631292,-0.29402697136588074,-0.3484838961221417
spleeter,BKS_-_Too_Much,reverb_l4,reverb,4,other,4.5844837743319875,2.8470674313057764,-0.4706372012290352,-0.6340909931717147
demucs,BKS_-_Too_Much,bitcrush_l1,bitcrush,1,vocals,11.713629680440063,11.411477824863637,-0.30401027911901046,-0.3275318823720337
demucs,BKS_-_Too_Much,bitcrush_l1,bitcrush,1,drums,10.210117060610466,9.781622883605362,-0.10688760830968214,-0.11741898099357861
demucs,BKS_-_Too_Much,bitcrush_l1,bitcrush,1,bass,13.391603304649886,13.192820832019132,0.0026373093007059367,0.0025655819675964864
demucs,BKS_-_Too_Much,bitcrush_l1,bitcrush,1,other,6.67116483532412,5.624202653164758,-0.04107504176742882,-0.057574201182689855
demucs,BKS_-_Too_Much,bitcrush_l2,bitcrush,2,vocals,11.687748015432566,11.384079969919565,-0.3298919441265067,-0.35492973731610533
demucs,BKS_-_Too_Much,bitcrush_l2,bitcrush,2,drums,10.227621829467468,9.800353640649389,-0.08938283945268033,-0.09868822394955146
demucs,BKS_-_Too_Much,bitcrush_l2,bitcrush,2,bass,13.392287008594382,13.19346550077312,0.0033210132452019536,0.003210250721584984
demucs,BKS_-_Too_Much,bitcrush_l2,bitcrush,2,other,6.662886624044835,5.614306746768488,-0.04935325304671423,-0.0674701075789601
demucs,BKS_-_Too_Much,bitcrush_l3,bitcrush,3,vocals,11.646508552392786,11.339627203730537,-0.37113140716628656,-0.3993825035051337
demucs,BKS_-_Too_Much,bitcrush_l3,bitcrush,3,drums,10.201949577890074,9.772469309721902,-0.11505509103007405,-0.126572554877038
demucs,BKS_-_Too_Much,bitcrush_l3,bitcrush,3,bass,13.379300199697347,13.179241504467544,-0.009665795651832454,-0.011013745583991152
demucs,BKS_-_Too_Much,bitcrush_l3,bitcrush,3,other,6.66398362486857,5.615458686288118,-0.0482562522229788,-0.06631816805932989
demucs,BKS_-_Too_Much,bitcrush_l4,bitcrush,4,vocals,11.137508768614317,10.789826019970693,-0.8801311909447556,-0.949183687264977
demucs,BKS_-_Too_Much,bitcrush_l4,bitcrush,4,drums,10.041285051141347,9.599259420555011,-0.27571961777880105,-0.2997824440439292
demucs,BKS_-_Too_Much,bitcrush_l4,bitcrush,4,bass,13.382309125227614,13.183086444719168,-0.006656870121565461,-0.007168805332367967
demucs,BKS_-_Too_Much,bitcrush_l4,bitcrush,4,other,6.514558570243894,5.421279894215424,-0.19768130684765506,-0.2604969601320244
demucs,BKS_-_Too_Much,compression_l1,compression,1,vocals,11.835688966890581,11.544728738504409,-0.1819509926684919,-0.19428096873126144
demucs,BKS_-_Too_Much,compression_l1,compression,1,drums,10.265125612850031,9.84113583816798,-0.051879056070117,-0.057906026430959656
demucs,BKS_-_Too_Much,compression_l1,compression,1,bass,13.368595128982584,13.16885637582191,-0.02037086636659602,-0.021398874229625164
demucs,BKS_-_Too_Much,compression_l1,compression,1,other,6.68513606303777,5.646407956345305,-0.027103814053779374,-0.035368898002142934
demucs,BKS_-_Too_Much,compression_l2,compression,2,vocals,11.53283926696253,11.220571611263829,-0.48480069259654357,-0.5184380959718418
demucs,BKS_-_Too_Much,compression_l2,compression,2,drums,10.165661434569074,9.731575368903023,-0.15134323435107433,-0.16746649569591732
demucs,BKS_-_Too_Much,compression_l2,compression,2,bass,13.299817050132622,13.09855213886419,-0.08914894521655725,-0.09170311118734631
demucs,BKS_-_Too_Much,compression_l2,compression,2,other,6.655222930823755,5.610539032943622,-0.057016946267793855,-0.07123782140382584
demucs,BKS_-_Too_Much,compression_l3,compression,3,vocals,11.432197886311005,11.111469125249068,-0.5854420732480676,-0.6275405819866027
demucs,BKS_-_Too_Much,compression_l3,compression,3,drums,10.113495433823115,9.674724723822186,-0.20350923509703378,-0.2243171407767548
demucs,BKS_-_Too_Much,compression_l3,compression,3,bass,13.248678759886483,13.044566067365393,-0.14028723546269717,-0.14568918268614262
demucs,BKS_-_Too_Much,compression_l3,compression,3,other,6.628459852955753,5.576676083656245,-0.08378002413579644,-0.1051007706912035
demucs,BKS_-_Too_Much,compression_l4,compression,4,vocals,11.534660669108874,11.22060159640599,-0.4829792904501993,-0.5184081108296805
demucs,BKS_-_Too_Much,compression_l4,compression,4,drums,10.142454981615556,9.706830530714875,-0.17454968730459264,-0.19221133388406564
demucs,BKS_-_Too_Much,compression_l4,compression,4,bass,13.268360306384057,13.06557327044789,-0.12060568896512258,-0.12468197960364513
demucs,BKS_-_Too_Much,compression_l4,compression,4,other,6.652921859098111,5.606724934129046,-0.059318017993438055,-0.07505192021840212
demucs,BKS_-_Too_Much,delay_l1,delay,1,vocals,11.023281820060065,10.666482095107245,-0.994358139499008,-1.0725276121284253
demucs,BKS_-_Too_Much,delay_l1,delay,1,drums,10.216058096634569,9.786486020639657,-0.10094657228557935,-0.11255584395928331
demucs,BKS_-_Too_Much,delay_l1,delay,1,bass,13.35118411889328,13.150468311006005,-0.03778187645590059,-0.039786939045530545
demucs,BKS_-_Too_Much,delay_l1,delay,1,other,6.487226072321922,5.388978489430376,-0.22501380476962662,-0.292798364917072
demucs,BKS_-_Too_Much,delay_l2,delay,2,vocals,10.17058688160276,9.731562632852878,-1.8470530779563124,-2.0074470743827924
demucs,BKS_-_Too_Much,delay_l2,delay,2,drums,9.992939701642817,9.542512401288331,-0.3240649672773319,-0.35652946331060953
demucs,BKS_-_Too_Much,delay_l2,delay,2,bass,13.272234724082715,13.06903797723292,-0.11673127126646499,-0.12121727281861538
demucs,BKS_-_Too_Much,delay_l2,delay,2,other,6.151324307223148,4.946841246034019,-0.560915569868401,-0.7349356083134291
demucs,BKS_-_Too_Much,delay_l3,delay,3,vocals,9.420016646093108,8.893883779055049,-2.5976233134659648,-2.8451259281806216
demucs,BKS_-_Too_Much,delay_l3,delay,3,drums,9.898671082751882,9.437109958458294,-0.41833358616826644,-0.46193190614064683
demucs,BKS_-_Too_Much,delay_l3,delay,3,bass,13.21918881783738,13.012581639992549,-0.16977717751179888,-0.17767361005898685
demucs,BKS_-_Too_Much,delay_l3,delay,3,other,5.875294478467787,4.576376139731172,-0.8369453986237616,-1.1054007146162759
demucs,BKS_-_Too_Much,delay_l4,delay,4,vocals,8.79836341607484,8.192926114372183,-3.2192765434842325,-3.5460835928634875
demucs,BKS_-_Too_Much,delay_l4,delay,4,drums,9.798525778161796,9.325185179591262,-0.5184788907583524,-0.5738566850076783
demucs,BKS_-_Too_Much,delay_l4,delay,4,bass,13.236715807058363,13.030776748986629,-0.15225018829081627,-0.1594785010649069
demucs,BKS_-_Too_Much,delay_l4,delay,4,other,5.644231812842405,4.265350137766649,-1.0680080642491436,-1.4164267165807987
demucs,BKS_-_Too_Much,original,original,0,vocals,12.017639959559073,11.73900970723567,0.0,0.0
demucs,BKS_-_Too_Much,original,original,0,drums,10.317004668920148,9.89904186459894,0.0,0.0
demucs,BKS_-_Too_Much,original,original,0,bass,13.38896599534918,13.190255250051536,0.0,0.0
demucs,BKS_-_Too_Much,original,original,0,other,6.712239877091549,5.681776854347448,0.0,0.0
demucs,BKS_-_Too_Much,reverb_l1,reverb,1,vocals,11.294915000692642,10.960391263037865,-0.7227249588664311,-0.7786184441978055
demucs,BKS_-_Too_Much,reverb_l1,reverb,1,drums,10.224470120534955,9.798196342887959,-0.09253454838519382,-0.1008455217109816
demucs,BKS_-_Too_Much,reverb_l1,reverb,1,bass,13.334050787448597,13.132361201604157,-0.05491520790058324,-0.057894048447378665
demucs,BKS_-_Too_Much,reverb_l1,reverb,1,other,6.498106468335127,5.401705860251527,-0.21413340875642195,-0.2800709940959214
demucs,BKS_-_Too_Much,reverb_l2,reverb,2,vocals,9.940258473605878,9.47723801807652,-2.077381485953195,-2.2617716891591506
demucs,BKS_-_Too_Much,reverb_l2,reverb,2,drums,10.06505321472985,9.622919473770452,-0.25195145419029785,-0.27612239082848866
demucs,BKS_-_Too_Much,reverb_l2,reverb,2,bass,13.198046925853701,12.989865538861057,-0.19091906949547877,-0.20038971119047844
demucs,BKS_-_Too_Much,reverb_l2,reverb,2,other,6.133936214032638,4.9221064547019635,-0.5783036630589109,-0.7596703996454846
demucs,BKS_-_Too_Much,reverb_l3,reverb,3,vocals,9.645727513434894,9.150346799924584,-2.3719124461241794,-2.588662907311086
demucs,BKS_-_Too_Much,reverb_l3,reverb,3,drums,10.111546776297345,9.674242559325695,-0.20545789262280323,-0.22479930527324576
demucs,BKS_-_Too_Much,reverb_l3,reverb,3,bass,13.158836988593489,12.94816168577636,-0.23012900675569092,-0.2420935642751747
demucs,BKS_-_Too_Much,reverb_l3,reverb,3,other,6.062785255835134,4.828531734879434,-0.6494546212564147,-0.8532451194680144
demucs,BKS_-_Too_Much,reverb_l4,reverb,4,vocals,9.66583465626019,9.173359127127974,-2.3518053032988835,-2.5656505801076968
demucs,BKS_-_Too_Much,reverb_l4,reverb,4,drums,10.164574300452651,9.731669634025991,-0.15243036846749725,-0.16737223057294948
demucs,BKS_-_Too_Much,reverb_l4,reverb,4,bass,13.181238135007096,12.971402215346403,-0.20772786034208401,-0.2188530347051323
demucs,BKS_-_Too_Much,reverb_l4,reverb,4,other,6.0643837539836385,4.832564930573305,-0.6478561231079105,-0.8492119237741429
spleeter,Ben_Carrigan_-_We'll_Talk_About_It_All_Tonight,bitcrush_l1,bitcrush,1,vocals,4.344157194053079,2.356520025334699,-0.2855829076618539,-0.442878538470302
spleeter,Ben_Carrigan_-_We'll_Talk_About_It_All_Tonight,bitcrush_l1,bitcrush,1,drums,6.609448348440865,5.55521751035064,-0.025295545082170356,-0.030341278538684513
spleeter,Ben_Carrigan_-_We'll_Talk_About_It_All_Tonight,bitcrush_l1,bitcrush,1,bass,6.6578993899891,5.659323297893625,0.0022973434498974044,0.0020353154026242493
spleeter,Ben_Carrigan_-_We'll_Talk_About_It_All_Tonight,bitcrush_l1,bitcrush,1,other,4.671177999188637,3.0749527732877775,-0.031157940128013983,-0.035197176113613615
spleeter,Ben_Carrigan_-_We'll_Talk_About_It_All_Tonight,bitcrush_l2,bitcrush,2,vocals,4.344307102666176,2.3568392281742785,-0.28543299904875763,-0.4425593356307225
spleeter,Ben_Carrigan_-_We'll_Talk_About_It_All_Tonight,bitcrush_l2,bitcrush,2,drums,6.609275554140083,5.555043049528134,-0.02546833938295201,-0.03051573936119034
spleeter,Ben_Carrigan_-_We'll_Talk_About_It_All_Tonight,bitcrush_l2,bitcrush,2,bass,6.65838178170966,5.659767029765852,0.002779735170457265,0.002479047274851709
spleeter,Ben_Carrigan_-_We'll_Talk_About_It_All_Tonight,bitcrush_l2,bitcrush,2,other,4.671598527805004,3.075565261054021,-0.030737411511647217,-0.03458468834736994
spleeter,Ben_Carrigan_-_We'll_Talk_About_It_All_Tonight,bitcrush_l3,bitcrush,3,vocals,4.3363595238446075,2.3440157389226495,-0.2933805778703258,-0.4553828248823515
spleeter,Ben_Carrigan_-_We'll_Talk_About_It_All_Tonight,bitcrush_l3,bitcrush,3,drums,6.601663034901293,5.545707297012604,-0.03308085862174259,-0.039851491876720324
spleeter,Ben_Carrigan_-_We'll_Talk_About_It_All_Tonight,bitcrush_l3,bitcrush,3,bass,6.65828103554559,5.658922932830231,0.002678989006387411,0.0016349503392305564
spleeter,Ben_Carrigan_-_We'll_Talk_About_It_All_Tonight,bitcrush_l3,bitcrush,3,other,4.671187574071242,3.073618859163523,-0.031148365245408982,-0.036531090237867936
spleeter,Ben_Carrigan_-_We'll_Talk_About_It_All_Tonight,bitcrush_l4,bitcrush,4,vocals,4.136084684599089,2.0230132236951515,-0.4936554171158445,-0.7763853401098495
spleeter,Ben_Carrigan_-_We'll_Talk_About_It_All_Tonight,bitcrush_l4,bitcrush,4,drums,6.5654227449855025,5.501401154019293,-0.0693211485375329,-0.08415763487003147
spleeter,Ben_Carrigan_-_We'll_Talk_About_It_All_Tonight,bitcrush_l4,bitcrush,4,bass,6.670017044922126,5.66758798673706,0.014414998382923372,0.01030000424605948
spleeter,Ben_Carrigan_-_We'll_Talk_About_It_All_Tonight,bitcrush_l4,bitcrush,4,other,4.585101704514683,2.966190919564416,-0.11723423480196793,-0.14395902983697528
spleeter,Ben_Carrigan_-_We'll_Talk_About_It_All_Tonight,compression_l1,compression,1,vocals,4.530715040677878,2.6481853222889344,-0.09902506103705555,-0.15121324151606652
spleeter,Ben_Carrigan_-_We'll_Talk_About_It_All_Tonight,compression_l1,compression,1,drums,6.615906310023392,5.561825533594108,-0.018837583499643706,-0.023733255295216082
spleeter,Ben_Carrigan_-_We'll_Talk_About_It_All_Tonight,compression_l1,compression,1,bass,6.64097279569514,5.639130900169057,-0.01462925084406308,-0.018157082321943463
spleeter,Ben_Carrigan_-_We'll_Talk_About_It_All_Tonight,compression_l1,compression,1,other,4.673412647203344,3.06425749552166,-0.028923292113306687,-0.045892453879730954
spleeter,Ben_Carrigan_-_We'll_Talk_About_It_All_Tonight,compression_l2,compression,2,vocals,4.316669960504981,2.3139757478356464,-0.3130701412099519,-0.48542281596935455
spleeter,Ben_Carrigan_-_We'll_Talk_About_It_All_Tonight,compression_l2,compression,2,drums,6.542598137125176,5.470963882391081,-0.09214575639785938,-0.114594906498243
spleeter,Ben_Carrigan_-_We'll_Talk_About_It_All_Tonight,compression_l2,compression,2,bass,6.606067508223616,5.596325831614394,-0.049534538315586296,-0.06096215087660717
spleeter,Ben_Carrigan_-_We'll_Talk_About_It_All_Tonight,compression_l2,compression,2,other,4.63155072946204,2.997493435289598,-0.0707852098546109,-0.112656514111793
spleeter,Ben_Carrigan_-_We'll_Talk_About_It_All_Tonight,compression_l3,compression,3,vocals,4.215084877429803,2.1554812769232203,-0.4146552242851307,-0.6439172868817806
spleeter,Ben_Carrigan_-_We'll_Talk_About_It_All_Tonight,compression_l3,compression,3,drums,6.476168930075044,5.388789312908563,-0.15857496344799138,-0.19676947598076122
spleeter,Ben_Carrigan_-_We'll_Talk_About_It_All_Tonight,compression_l3,compression,3,bass,6.5628647998907095,5.5458178886627,-0.09273724664849325,-0.11147009382830042
spleeter,Ben_Carrigan_-_We'll_Talk_About_It_All_Tonight,compression_l3,compression,3,other,4.651628470390026,3.0232530714586026,-0.0507074689266247,-0.08689687794278855
spleeter,Ben_Carrigan_-_We'll_Talk_About_It_All_Tonight,compression_l4,compression,4,vocals,4.239758398785952,2.197524720555655,-0.3899817029289814,-0.6018738432493458
spleeter,Ben_Carrigan_-_We'll_Talk_About_It_All_Tonight,compression_l4,compression,4,drums,6.46192967208119,5.37109078193088,-0.1728142214418451,-0.2144680069584446
spleeter,Ben_Carrigan_-_We'll_Talk_About_It_All_Tonight,compression_l4,compression,4,bass,6.536197093155584,5.51553803944175,-0.11940495338361856,-0.14174994304925104
spleeter,Ben_Carrigan_-_We'll_Talk_About_It_All_Tonight,compression_l4,compression,4,other,4.698723308929104,3.081776840317756,-0.003612630387547,-0.028373109083635217
spleeter,Ben_Carrigan_-_We'll_Talk_About_It_All_Tonight,delay_l1,delay,1,vocals,4.5861929785815505,2.7336742610626334,-0.043547123133382826,-0.06572430274236751
spleeter,Ben_Carrigan_-_We'll_Talk_About_It_All_Tonight,delay_l1,delay,1,drums,6.6309792714358275,5.580813055579654,-0.0037646220872078473,-0.004745733309670541
spleeter,Ben_Carrigan_-_We'll_Talk_About_It_All_Tonight,delay_l1,delay,1,bass,6.6824800449866455,5.684526585002363,0.026877998447442764,0.02723860251136223
spleeter,Ben_Carrigan_-_We'll_Talk_About_It_All_Tonight,delay_l1,delay,1,other,4.677725971141214,3.0581490658855603,-0.024609968175436592,-0.052000883515830765
spleeter,Ben_Carrigan_-_We'll_Talk_About_It_All_Tonight,delay_l2,delay,2,vocals,3.946853306507558,1.7224270546545544,-0.6828867952073754,-1.0769715091504466
spleeter,Ben_Carrigan_-_We'll_Talk_About_It_All_Tonight,delay_l2,delay,2,drums,6.600546836682493,5.540356089552674,-0.03419705684054275,-0.045202699336650554
spleeter,Ben_Carrigan_-_We'll_Talk_About_It_All_Tonight,delay_l2,delay,2,bass,6.661541400818837,5.665764600069401,0.0059393542796346566,0.008476617578399903
spleeter,Ben_Carrigan_-_We'll_Talk_About_It_All_Tonight,delay_l2,delay,2,other,4.331966235723931,2.6510589146846413,-0.37036970359272026,-0.45909103471674984
spleeter,Ben_Carrigan_-_We'll_Talk_About_It_All_Tonight,delay_l3,delay,3,vocals,3.232271274688658,0.4791013947776469,-1.3974688270262754,-2.320297169027354
spleeter,Ben_Carrigan_-_We'll_Talk_About_It_All_Tonight,delay_l3,delay,3,drums,6.572056232600508,5.504906259644033,-0.06268766092252775,-0.08065252924529176
spleeter,Ben_Carrigan_-_We'll_Talk_About_It_All_Tonight,delay_l3,delay,3,bass,6.6112491313429125,5.606531573364491,-0.044352915196290255,-0.05075640912650936
spleeter,Ben_Carrigan_-_We'll_Talk_About_It_All_Tonight,delay_l3,delay,3,other,3.9294765313517868,2.215483434010295,-0.7728594079648641,-0.894666515391096
spleeter,Ben_Carrigan_-_We'll_Talk_About_It_All_Tonight,delay_l4,delay,4,vocals,2.7115096136825683,-0.5414200648821487,-1.918230488032365,-3.3408186286871495
spleeter,Ben_Carrigan_-_We'll_Talk_About_It_All_Tonight,delay_l4,delay,4,drums,6.521039163442533,5.438238769023892,-0.11370473008050208,-0.14732001986543253
spleeter,Ben_Carrigan_-_We'll_Talk_About_It_All_Tonight,delay_l4,delay,4,bass,6.652996560586065,5.653532947940022,-0.0026054859531381425,-0.0037550345509789196
spleeter,Ben_Carrigan_-_We'll_Talk_About_It_All_Tonight,delay_l4,delay,4,other,3.596173844753806,1.8561121460624295,-1.106162094562845,-1.2540378033389616
spleeter,Ben_Carrigan_-_We'll_Talk_About_It_All_Tonight,original,original,0,vocals,4.629740101714933,2.799398563805001,0.0,0.0
spleeter,Ben_Carrigan_-_We'll_Talk_About_It_All_Tonight,original,original,0,drums,6.634743893523035,5.585558788889324,0.0,0.0
spleeter,Ben_Carrigan_-_We'll_Talk_About_It_All_Tonight,original,original,0,bass,6.655602046539203,5.657287982491001,0.0,0.0
spleeter,Ben_Carrigan_-_We'll_Talk_About_It_All_Tonight,original,original,0,other,4.702335939316651,3.110149949401391,0.0,0.0
spleeter,Ben_Carrigan_-_We'll_Talk_About_It_All_Tonight,reverb_l1,reverb,1,vocals,3.323402864388899,0.620431175669865,-1.3063372373260345,-2.1789673881351357
spleeter,Ben_Carrigan_-_We'll_Talk_About_It_All_Tonight,reverb_l1,reverb,1,drums,6.592853858059037,5.534868300998469,-0.04189003546399839,-0.050690487890855174
spleeter,Ben_Carrigan_-_We'll_Talk_About_It_All_Tonight,reverb_l1,reverb,1,bass,6.023821510963401,4.9031579910834475,-0.6317805355758015,-0.7541299914075532
spleeter,Ben_Carrigan_-_We'll_Talk_About_It_All_Tonight,reverb_l1,reverb,1,other,4.407516530280444,2.802206171954374,-0.29481940903620707,-0.3079437774470173
spleeter,Ben_Carrigan_-_We'll_Talk_About_It_All_Tonight,reverb_l2,reverb,2,vocals,0.49711800756631924,-9.073536023630247,-4.132622094148614,-11.872934587435248
spleeter,Ben_Carrigan_-_We'll_Talk_About_It_All_Tonight,reverb_l2,reverb,2,drums,6.576783042511336,5.528725390866739,-0.05796085101169979,-0.05683339802258569
spleeter,Ben_Carrigan_-_We'll_Talk_About_It_All_Tonight,reverb_l2,reverb,2,bass,3.558523197565542,2.1353732903449223,-3.097078848973661,-3.5219146921460784
spleeter,Ben_Carrigan_-_We'll_Talk_About_It_All_Tonight,reverb_l2,reverb,2,other,4.121664341265426,2.667969832906671,-0.5806715980512251,-0.4421801164947201
spleeter,Ben_Carrigan_-_We'll_Talk_About_It_All_Tonight,reverb_l3,reverb,3,vocals,0.15708845295513918,-14.305108948482147,-4.472651648759794,-17.10450751228715
spleeter,Ben_Carrigan_-_We'll_Talk_About_It_All_Tonight,reverb_l3,reverb,3,drums,6.580451006966612,5.536387320541023,-0.05429288655642317,-0.04917146834830177
spleeter,Ben_Carrigan_-_We'll_Talk_About_It_All_Tonight,reverb_l3,reverb,3,bass,3.0584674634010356,1.5832559408688607,-3.597134583138167,-4.07403204162214
spleeter,Ben_Carrigan_-_We'll_Talk_About_It_All_Tonight,reverb_l3,reverb,3,other,4.239271576480393,2.8382689319530074,-0.46306436283625807,-0.27188101744838367
spleeter,Ben_Carrigan_-_We'll_Talk_About_It_All_Tonight,reverb_l4,reverb,4,vocals,0.1419678813880579,-14.755470879135512,-4.4877722203268755,-17.554869442940515
spleeter,Ben_Carrigan_-_We'll_Talk_About_It_All_Tonight,reverb_l4,reverb,4,drums,6.5787962708427115,5.534532561585632,-0.05594762268032394,-0.05102622730369255
spleeter,Ben_Carrigan_-_We'll_Talk_About_It_All_Tonight,reverb_l4,reverb,4,bass,3.0712191742967887,1.5946815542395139,-3.584382872242414,-4.062606428251486
spleeter,Ben_Carrigan_-_We'll_Talk_About_It_All_Tonight,reverb_l4,reverb,4,other,4.265817087861472,2.8700775000986605,-0.43651885145517877,-0.24007244930273064
demucs,Ben_Carrigan_-_We'll_Talk_About_It_All_Tonight,bitcrush_l1,bitcrush,1,vocals,5.801156650475496,4.4764008049165245,-0.060278041020874085,-0.082476177166245
demucs,Ben_Carrigan_-_We'll_Talk_About_It_All_Tonight,bitcrush_l1,bitcrush,1,drums,9.85194602752142,9.377685752072846,-0.14377005499498452,-0.16010032923803053
demucs,Ben_Carrigan_-_We'll_Talk_About_It_All_Tonight,bitcrush_l1,bitcrush,1,bass,13.274648270038881,13.070245352351526,-0.0759402473355344,-0.0795601959126433
demucs,Ben_Carrigan_-_We'll_Talk_About_It_All_Tonight,bitcrush_l1,bitcrush,1,other,6.7166029225231485,5.740996269956642,0.02920186052173701,0.024170803637731275
demucs,Ben_Carrigan_-_We'll_Talk_About_It_All_Tonight,bitcrush_l2,bitcrush,2,vocals,5.820880963638434,4.503252696692048,-0.04055372785793665,-0.05562428539072162
demucs,Ben_Carrigan_-_We'll_Talk_About_It_All_Tonight,bitcrush_l2,bitcrush,2,drums,9.874062141163758,9.402467570242125,-0.12165394135264584,-0.1353185110687516
demucs,Ben_Carrigan_-_We'll_Talk_About_It_All_Tonight,bitcrush_l2,bitcrush,2,bass,13.373462157278304,13.173808248131508,0.022873639903888687,0.024002699867338606
demucs,Ben_Carrigan_-_We'll_Talk_About_It_All_Tonight,bitcrush_l2,bitcrush,2,other,6.7238765849697995,5.749866933184014,0.03647552296838796,0.033041466865103786
demucs,Ben_Carrigan_-_We'll_Talk_About_It_All_Tonight,bitcrush_l3,bitcrush,3,vocals,5.788189949966512,4.459351503868087,-0.07324474152985871,-0.09952547821468283
demucs,Ben_Carrigan_-_We'll_Talk_About_It_All_Tonight,bitcrush_l3,bitcrush,3,drums,9.861175580913654,9.388003980737038,-0.13454050160274988,-0.14978210057383912
demucs,Ben_Carrigan_-_We'll_Talk_About_It_All_Tonight,bitcrush_l3,bitcrush,3,bass,13.331069532509865,13.12908019447104,-0.019518984864550504,-0.020725353793128676
demucs,Ben_Carrigan_-_We'll_Talk_About_It_All_Tonight,bitcrush_l3,bitcrush,3,other,6.704982582665116,5.728349907830764,0.017581520663704886,0.01152444151185339
demucs,Ben_Carrigan_-_We'll_Talk_About_It_All_Tonight,bitcrush_l4,bitcrush,4,vocals,5.6272920864316065,4.240604226206806,-0.23414260506476392,-0.31827275587596304
demucs,Ben_Carrigan_-_We'll_Talk_About_It_All_Tonight,bitcrush_l4,bitcrush,4,drums,9.778275785513173,9.295798015129007,-0.21744029700323075,-0.24198806618186985
demucs,Ben_Carrigan_-_We'll_Talk_About_It_All_Tonight,bitcrush_l4,bitcrush,4,bass,13.331012476954132,13.129026390492244,-0.019576040420282936,-0.020779157771924517
demucs,Ben_Carrigan_-_We'll_Talk_About_It_All_Tonight,bitcrush_l4,bitcrush,4,other,6.643319368812776,5.6562250015278295,-0.04408169318863564,-0.060600464791081166
demucs,Ben_Carrigan_-_We'll_Talk_About_It_All_Tonight,compression_l1,compression,1,vocals,5.775972480112995,4.443358500233639,-0.0854622113833754,-0.11551848184913016
demucs,Ben_Carrigan_-_We'll_Talk_About_It_All_Tonight,compression_l1,compression,1,drums,10.001637017285107,9.544300613681854,0.0059209347687030345,0.006514532370976767
demucs,Ben_Carrigan_-_We'll_Talk_About_It_All_Tonight,compression_l1,compression,1,bass,13.36050139742552,13.159239317619955,0.009912880051103912,0.00943376935578577
demucs,Ben_Carrigan_-_We'll_Talk_About_It_All_Tonight,compression_l1,compression,1,other,6.659788387880214,5.679047648837885,-0.0276126741211975,-0.037777817481025266
demucs,Ben_Carrigan_-_We'll_Talk_About_It_All_Tonight,compression_l2,compression,2,vocals,5.6841411409137415,4.31697947328964,-0.17729355058262897,-0.2418975087931292
demucs,Ben_Carrigan_-_We'll_Talk_About_It_All_Tonight,compression_l2,compression,2,drums,9.898630870012003,9.429661384354022,-0.0970852125044015,-0.108124696956855
demucs,Ben_Carrigan_-_We'll_Talk_About_It_All_Tonight,compression_l2,compression,2,bass,13.2482908453795,13.040785637426511,-0.10229767199491491,-0.10901991083765772
demucs,Ben_Carrigan_-_We'll_Talk_About_It_All_Tonight,compression_l2,compression,2,other,6.63609210320205,5.64027953287951,-0.05130895879936137,-0.07654593343940075
demucs,Ben_Carrigan_-_We'll_Talk_About_It_All_Tonight,compression_l3,compression,3,vocals,5.699595004917294,4.338461368494023,-0.16183968657907677,-0.22041561358874606
demucs,Ben_Carrigan_-_We'll_Talk_About_It_All_Tonight,compression_l3,compression,3,drums,9.900535635472774,9.431831359667886,-0.09518044704362971,-0.10595472164299125
demucs,Ben_Carrigan_-_We'll_Talk_About_It_All_Tonight,compression_l3,compression,3,bass,13.216730632741045,13.007970497311824,-0.13385788463337,-0.14183505095234494
demucs,Ben_Carrigan_-_We'll_Talk_About_It_All_Tonight,compression_l3,compression,3,other,6.710826820239496,5.719791223280449,0.02342575823808435,0.002965756961538446
demucs,Ben_Carrigan_-_We'll_Talk_About_It_All_Tonight,compression_l4,compression,4,vocals,5.7026310125521995,4.342388718519093,-0.1588036789441709,-0.21648826356367668
demucs,Ben_Carrigan_-_We'll_Talk_About_It_All_Tonight,compression_l4,compression,4,drums,9.850102834700639,9.375557823662216,-0.14561324781576523,-0.16222825764866045
demucs,Ben_Carrigan_-_We'll_Talk_About_It_All_Tonight,compression_l4,compression,4,bass,13.187249708839385,12.97618704451705,-0.16333880853503047,-0.17361850374711807
demucs,Ben_Carrigan_-_We'll_Talk_About_It_All_Tonight,compression_l4,compression,4,other,6.740819662681744,5.758313149686018,0.05341860068033277,0.04148768336710695
demucs,Ben_Carrigan_-_We'll_Talk_About_It_All_Tonight,delay_l1,delay,1,vocals,5.669313532138068,4.3008877720193635,-0.19212115935830276,-0.257989210063406
demucs,Ben_Carrigan_-_We'll_Talk_About_It_All_Tonight,delay_l1,delay,1,drums,9.937902542375133,9.47340299654179,-0.0578135401412716,-0.06438308476908716
demucs,Ben_Carrigan_-_We'll_Talk_About_It_All_Tonight,delay_l1,delay,1,bass,13.373437707145994,13.17348529877526,0.022849189771578793,0.023679750511091058
demucs,Ben_Carrigan_-_We'll_Talk_About_It_All_Tonight,delay_l1,delay,1,other,6.6306144848378255,5.647339298883192,-0.05678657716358604,-0.069486167435719
demucs,Ben_Carrigan_-_We'll_Talk_About_It_All_Tonight,delay_l2,delay,2,vocals,5.065622073395644,3.4675122901929867,-0.7958126181007268,-1.0913646918897828
demucs,Ben_Carrigan_-_We'll_Talk_About_It_All_Tonight,delay_l2,delay,2,drums,9.975943851563887,9.515804396214975,-0.019772230952517234,-0.021981685095902037
demucs,Ben_Carrigan_-_We'll_Talk_About_It_All_Tonight,delay_l2,delay,2,bass,13.290256346620966,13.08753323352441,-0.06033217075344943,-0.06227231473975969
demucs,Ben_Carrigan_-_We'll_Talk_About_It_All_Tonight,delay_l2,delay,2,other,6.268823086822707,5.25790945707244,-0.4185779751787049,-0.4589160092464706
demucs,Ben_Carrigan_-_We'll_Talk_About_It_All_Tonight,delay_l3,delay,3,vocals,4.58831506586328,2.78294498959923,-1.2731196256330906,-1.7759319924835393
demucs,Ben_Carrigan_-_We'll_Talk_About_It_All_Tonight,delay_l3,delay,3,drums,9.814040951772608,9.335363844508231,-0.1816751307437965,-0.20242223680264537
demucs,Ben_Carrigan_-_We'll_Talk_About_It_All_Tonight,delay_l3,delay,3,bass,13.214049575187897,13.003876986097287,-0.13653894218651885,-0.14592856216688155
demucs,Ben_Carrigan_-_We'll_Talk_About_It_All_Tonight,delay_l3,delay,3,other,5.978383730636887,4.943306890558229,-0.7090173313645245,-0.773518575760682
demucs,Ben_Carrigan_-_We'll_Talk_About_It_All_Tonight,delay_l4,delay,4,vocals,4.235546226573861,2.2536228279454495,-1.6258884649225092,-2.30525415413732
demucs,Ben_Carrigan_-_We'll_Talk_About_It_All_Tonight,delay_l4,delay,4,drums,9.82450904177696,9.347089179749315,-0.1712070407394446,-0.19069690156156227
demucs,Ben_Carrigan_-_We'll_Talk_About_It_All_Tonight,delay_l4,delay,4,bass,13.224766274243684,13.017270075651496,-0.12582224313073098,-0.1325354726126733
demucs,Ben_Carrigan_-_We'll_Talk_About_It_All_Tonight,delay_l4,delay,4,other,5.778327660048629,4.727960926034115,-0.9090734019527824,-0.988864540284796
demucs,Ben_Carrigan_-_We'll_Talk_About_It_All_Tonight,original,original,0,vocals,5.86143469149637,4.5588769820827695,0.0,0.0
demucs,Ben_Carrigan_-_We'll_Talk_About_It_All_Tonight,original,original,0,drums,9.995716082516404,9.537786081310877,0.0,0.0
demucs,Ben_Carrigan_-_We'll_Talk_About_It_All_Tonight,original,original,0,bass,13.350588517374415,13.149805548264169,0.0,0.0
demucs,Ben_Carrigan_-_We'll_Talk_About_It_All_Tonight,original,original,0,other,6.6874010620014115,5.716825466318911,0.0,0.0
demucs,Ben_Carrigan_-_We'll_Talk_About_It_All_Tonight,reverb_l1,reverb,1,vocals,5.203031561959628,3.6969277197307577,-0.6584031295367421,-0.8619492623520117
demucs,Ben_Carrigan_-_We'll_Talk_About_It_All_Tonight,reverb_l1,reverb,1,drums,9.920754658371367,9.454302550844808,-0.07496142414503737,-0.0834835304660686
demucs,Ben_Carrigan_-_We'll_Talk_About_It_All_Tonight,reverb_l1,reverb,1,bass,12.916206840501234,12.689379504888826,-0.43438167687318163,-0.46042604337534243
demucs,Ben_Carrigan_-_We'll_Talk_About_It_All_Tonight,reverb_l1,reverb,1,other,6.352610394391613,5.367318175218486,-0.3347906676097985,-0.34950729110042467
demucs,Ben_Carrigan_-_We'll_Talk_About_It_All_Tonight,reverb_l2,reverb,2,vocals,2.774324542690744,0.2255770294599542,-3.0871101488056265,-4.3332999526228155
demucs,Ben_Carrigan_-_We'll_Talk_About_It_All_Tonight,reverb_l2,reverb,2,drums,9.866451978106134,9.39378181003187,-0.1292641044102698,-0.14400427127900706
demucs,Ben_Carrigan_-_We'll_Talk_About_It_All_Tonight,reverb_l2,reverb,2,bass,10.106858957942782,9.72858348353307,-3.2437295594316335,-3.421222064731099
demucs,Ben_Carrigan_-_We'll_Talk_About_It_All_Tonight,reverb_l2,reverb,2,other,5.4200817461219595,4.536047080951745,-1.267319315879452,-1.1807783853671658
demucs,Ben_Carrigan_-_We'll_Talk_About_It_All_Tonight,reverb_l3,reverb,3,vocals,1.5889902843691661,-2.7308057254747413,-4.272444407127204,-7.28968270755751
demucs,Ben_Carrigan_-_We'll_Talk_About_It_All_Tonight,reverb_l3,reverb,3,drums,9.590415268057718,9.093651616908256,-0.4053008144586858,-0.4441344644026213
demucs,Ben_Carrigan_-_We'll_Talk_About_It_All_Tonight,reverb_l3,reverb,3,bass,8.578091731502859,8.138286794847788,-4.772496785871557,-5.0115187534163805
demucs,Ben_Carrigan_-_We'll_Talk_About_It_All_Tonight,reverb_l3,reverb,3,other,5.1071070691995555,4.274089247595009,-1.580293992801856,-1.4427362187239012
demucs,Ben_Carrigan_-_We'll_Talk_About_It_All_Tonight,reverb_l4,reverb,4,vocals,1.5391555943934552,-2.9647296424994245,-4.322279097102915,-7.523606624582194
demucs,Ben_Carrigan_-_We'll_Talk_About_It_All_Tonight,reverb_l4,reverb,4,drums,9.71643045521995,9.231878689433513,-0.27928562729645456,-0.3059073918773638
demucs,Ben_Carrigan_-_We'll_Talk_About_It_All_Tonight,reverb_l4,reverb,4,bass,8.805966205310357,8.381539738742163,-4.5446223120640585,-4.768265809522006
demucs,Ben_Carrigan_-_We'll_Talk_About_It_All_Tonight,reverb_l4,reverb,4,other,5.029550309594818,4.203235495318415,-1.6578507524065937,-1.5135899710004956
spleeter,Bobby_Nobody_-_Stitch_Up,bitcrush_l1,bitcrush,1,vocals,6.574592188327916,5.513183511252522,-0.6783748795836768,-0.8622937299146614
spleeter,Bobby_Nobody_-_Stitch_Up,bitcrush_l1,bitcrush,1,drums,4.5313533014009435,2.6613985013843857,-0.06303753147070434,-0.09138438939896654
spleeter,Bobby_Nobody_-_Stitch_Up,bitcrush_l1,bitcrush,1,bass,3.749898354166654,2.750435192327296,-0.0072113086455734,0.0029257040477577156
spleeter,Bobby_Nobody_-_Stitch_Up,bitcrush_l1,bitcrush,1,other,3.160948734982882,0.2972945835248057,-0.09810173150089074,-0.1869084139752048
spleeter,Bobby_Nobody_-_Stitch_Up,bitcrush_l2,bitcrush,2,vocals,6.572354661464401,5.510576545282111,-0.6806124064471915,-0.8649006958850718
spleeter,Bobby_Nobody_-_Stitch_Up,bitcrush_l2,bitcrush,2,drums,4.530870641661835,2.660699148861656,-0.06352019120981289,-0.09208374192169622
spleeter,Bobby_Nobody_-_Stitch_Up,bitcrush_l2,bitcrush,2,bass,3.7488590989390747,2.74951479863696,-0.008250563873152927,0.002005310357422019
spleeter,Bobby_Nobody_-_Stitch_Up,bitcrush_l2,bitcrush,2,other,3.159335057570827,0.29418693849097666,-0.0997154089129455,-0.19001605900903384
spleeter,Bobby_Nobody_-_Stitch_Up,bitcrush_l3,bitcrush,3,vocals,6.567600747570664,5.5051660038899195,-0.685366320340929,-0.8703112372772637
spleeter,Bobby_Nobody_-_Stitch_Up,bitcrush_l3,bitcrush,3,drums,4.529245951729956,2.659007776934893,-0.06514488114169215,-0.09377511384845905
spleeter,Bobby_Nobody_-_Stitch_Up,bitcrush_l3,bitcrush,3,bass,3.75414788586131,2.7550439495818013,-0.002961776950917372,0.007534461302263207
spleeter,Bobby_Nobody_-_Stitch_Up,bitcrush_l3,bitcrush,3,other,3.1638219912944487,0.3025864310340989,-0.09522847518932398,-0.18161656646591162
spleeter,Bobby_Nobody_-_Stitch_Up,bitcrush_l4,bitcrush,4,vocals,6.311969601633518,5.174940962349019,-0.9409974662780751,-1.2005362788181646
spleeter,Bobby_Nobody_-_Stitch_Up,bitcrush_l4,bitcrush,4,drums,4.488999789134426,2.5988649154063865,-0.10539104373722186,-0.15391797537696572
spleeter,Bobby_Nobody_-_Stitch_Up,bitcrush_l4,bitcrush,4,bass,3.743783237904112,2.7532704273966675,-0.01332642490811553,0.005760939117129382
spleeter,Bobby_Nobody_-_Stitch_Up,bitcrush_l4,bitcrush,4,other,3.1062502113052166,0.19292035999802268,-0.1528002551785561,-0.2912826375019878
spleeter,Bobby_Nobody_-_Stitch_Up,compression_l1,compression,1,vocals,7.1064378087710365,6.193127743835638,-0.14652925914055626,-0.18234949733154515
spleeter,Bobby_Nobody_-_Stitch_Up,compression_l1,compression,1,drums,4.5725514659580275,2.7196455553033374,-0.021839366913620317,-0.03313733548001485
spleeter,Bobby_Nobody_-_Stitch_Up,compression_l1,compression,1,bass,3.737646857652333,2.7114550423684425,-0.019462805159894625,-0.036054445911095634
spleeter,Bobby_Nobody_-_Stitch_Up,compression_l1,compression,1,other,3.2443695381880207,0.45638230371560684,-0.014680928295752071,-0.02782069378440366
spleeter,Bobby_Nobody_-_Stitch_Up,compression_l2,compression,2,vocals,6.720496596983642,5.708988034698653,-0.5324704709279509,-0.6664892064685306
spleeter,Bobby_Nobody_-_Stitch_Up,compression_l2,compression,2,drums,4.505195333141059,2.6194864403251135,-0.0891954997305886,-0.1332964504582388
spleeter,Bobby_Nobody_-_Stitch_Up,compression_l2,compression,2,bass,3.732374109338502,2.6912436607558083,-0.02473555347372569,-0.05626582752372977
spleeter,Bobby_Nobody_-_Stitch_Up,compression_l2,compression,2,other,3.2148845456096793,0.40001288018250153,-0.044165920874093434,-0.08419011731750897
spleeter,Bobby_Nobody_-_Stitch_Up,compression_l3,compression,3,vocals,6.521749391939153,5.452347896560213,-0.7312176759724398,-0.9231293446069699
spleeter,Bobby_Nobody_-_Stitch_Up,compression_l3,compression,3,drums,4.451545347115188,2.5407581822285326,-0.14284548575646028,-0.2120247085548197
spleeter,Bobby_Nobody_-_Stitch_Up,compression_l3,compression,3,bass,3.7367853880894386,2.69198515633321,-0.02032427472278897,-0.05552433194632833
spleeter,Bobby_Nobody_-_Stitch_Up,compression_l3,compression,3,other,3.20275527963638,0.3768134903051052,-0.05629518684739265,-0.10738950719490531
spleeter,Bobby_Nobody_-_Stitch_Up,compression_l4,compression,4,vocals,6.49025270342605,5.402004177121155,-0.762714364485543,-0.9734730640460283
spleeter,Bobby_Nobody_-_Stitch_Up,compression_l4,compression,4,drums,4.328027700156668,2.3521649508548306,-0.2663631327149796,-0.4006179399285217
spleeter,Bobby_Nobody_-_Stitch_Up,compression_l4,compression,4,bass,3.669980205650835,2.637819868023026,-0.08712945716139275,-0.1096896202565123
spleeter,Bobby_Nobody_-_Stitch_Up,compression_l4,compression,4,other,3.20231955351912,0.37744000869640126,-0.05673091296465271,-0.10676298880360924
spleeter,Bobby_Nobody_-_Stitch_Up,delay_l1,delay,1,vocals,6.870226803509252,5.893838079265703,-0.382740264402341,-0.48163916190148015
spleeter,Bobby_Nobody_-_Stitch_Up,delay_l1,delay,1,drums,4.551879341491586,2.6895124727803226,-0.04251149138006216,-0.06327041800302968
spleeter,Bobby_Nobody_-_Stitch_Up,delay_l1,delay,1,bass,3.718447059978156,2.7243459529404515,-0.038662602834071524,-0.02316353533908666
spleeter,Bobby_Nobody_-_Stitch_Up,delay_l1,delay,1,other,3.151374435761005,0.2778865862611434,-0.10767603072276755,-0.20631641123886713
spleeter,Bobby_Nobody_-_Stitch_Up,delay_l2,delay,2,vocals,5.829996025919292,4.519975953367114,-1.4229710419923007,-1.8555012878000694
spleeter,Bobby_Nobody_-_Stitch_Up,delay_l2,delay,2,drums,4.4669963682706095,2.5646026510604853,-0.12739446460103832,-0.1881802397228669
spleeter,Bobby_Nobody_-_Stitch_Up,delay_l2,delay,2,bass,3.7491578331365667,2.72192877800256,-0.007951829675660882,-0.02558071027697828
spleeter,Bobby_Nobody_-_Stitch_Up,delay_l2,delay,2,other,2.9142636876754606,-0.15531430754281153,-0.3447867788083121,-0.639517305042822
spleeter,Bobby_Nobody_-_Stitch_Up,delay_l3,delay,3,vocals,5.145771050811586,3.560943040490579,-2.107196017100007,-2.8145342006766043
spleeter,Bobby_Nobody_-_Stitch_Up,delay_l3,delay,3,drums,4.405683224465624,2.473527847400715,-0.18870760840602419,-0.27925504338263707
spleeter,Bobby_Nobody_-_Stitch_Up,delay_l3,delay,3,bass,3.739309089460585,2.6698862711359075,-0.017800573351642424,-0.07762321714363063
spleeter,Bobby_Nobody_-_Stitch_Up,delay_l3,delay,3,other,2.711680616428764,-0.49009593377402233,-0.5473698500550088,-0.9742989312740329
spleeter,Bobby_Nobody_-_Stitch_Up,delay_l4,delay,4,vocals,4.761492995723903,3.0038744801463624,-2.49147407218769,-3.371602761020821
spleeter,Bobby_Nobody_-_Stitch_Up,delay_l4,delay,4,drums,4.372271639752929,2.4206049208317966,-0.22211919311871853,-0.3321779699515557
spleeter,Bobby_Nobody_-_Stitch_Up,delay_l4,delay,4,bass,3.8031200405131083,2.7097885393756793,0.04601037770088068,-0.0377209489038588
spleeter,Bobby_Nobody_-_Stitch_Up,delay_l4,delay,4,other,2.645620288069276,-0.5724810701527763,-0.6134301784144967,-1.0566840676527867
spleeter,Bobby_Nobody_-_Stitch_Up,original,original,0,vocals,7.252967067911593,6.375477241167183,0.0,0.0
spleeter,Bobby_Nobody_-_Stitch_Up,original,original,0,drums,4.594390832871648,2.7527828907833523,0.0,0.0
spleeter,Bobby_Nobody_-_Stitch_Up,original,original,0,bass,3.7571096628122276,2.747509488279538,0.0,0.0
spleeter,Bobby_Nobody_-_Stitch_Up,original,original,0,other,3.2590504664837727,0.4842029975000105,0.0,0.0
spleeter,Bobby_Nobody_-_Stitch_Up,reverb_l1,reverb,1,vocals,6.883190981087688,5.916601909199999,-0.3697760868239044,-0.45887533196718433
spleeter,Bobby_Nobody_-_Stitch_Up,reverb_l1,reverb,1,drums,4.588172315888347,2.7438353178570085,-0.0062185169833011145,-0.008947572926343739
spleeter,Bobby_Nobody_-_Stitch_Up,reverb_l1,reverb,1,bass,3.748947052421622,2.750559170715994,-0.008162610390605618,0.0030496824364560915
spleeter,Bobby_Nobody_-_Stitch_Up,reverb_l1,reverb,1,other,3.2120372160504944,0.39451806977353737,-0.04701325043327831,-0.08968492772647313
spleeter,Bobby_Nobody_-_Stitch_Up,reverb_l2,reverb,2,vocals,5.408194378548207,3.9425745899976232,-1.8447726893633858,-2.43290265116956
spleeter,Bobby_Nobody_-_Stitch_Up,reverb_l2,reverb,2,drums,4.465179915158483,2.5676663462677025,-0.12921091771316462,-0.18511654451564974
spleeter,Bobby_Nobody_-_Stitch_Up,reverb_l2,reverb,2,bass,3.6192137607248167,2.602175306014598,-0.13789590208741087,-0.1453341822649401
spleeter,Bobby_Nobody_-_Stitch_Up,reverb_l2,reverb,2,other,3.017093508267701,0.03737391045688812,-0.24195695821607188,-0.4468290870431224
spleeter,Bobby_Nobody_-_Stitch_Up,reverb_l3,reverb,3,vocals,4.884192708248686,3.181419453279148,-2.3687743596629067,-3.194057787888035
spleeter,Bobby_Nobody_-_Stitch_Up,reverb_l3,reverb,3,drums,4.423147997448254,2.515351770873067,-0.1712428354233939,-0.2374311199102852
spleeter,Bobby_Nobody_-_Stitch_Up,reverb_l3,reverb,3,bass,3.5474138392971226,2.475937648081155,-0.20969582351510496,-0.2715718401983831
spleeter,Bobby_Nobody_-_Stitch_Up,reverb_l3,reverb,3,other,3.0226389600087833,0.06661261274233059,-0.23641150647498943,-0.4175903847576799
spleeter,Bobby_Nobody_-_Stitch_Up,reverb_l4,reverb,4,vocals,4.869305929677714,3.159684829622055,-2.3836611382338786,-3.215792411545128
spleeter,Bobby_Nobody_-_Stitch_Up,reverb_l4,reverb,4,drums,4.447656008625779,2.5498065670230448,-0.14673482424586926,-0.2029763237603075
spleeter,Bobby_Nobody_-_Stitch_Up,reverb_l4,reverb,4,bass,3.54015849803004,2.4519361548776564,-0.2169511647821878,-0.29557333340188174
spleeter,Bobby_Nobody_-_Stitch_Up,reverb_l4,reverb,4,other,3.0349246432353243,0.09415820712876362,-0.22412582324844843,-0.3900447903712469
demucs,Bobby_Nobody_-_Stitch_Up,bitcrush_l1,bitcrush,1,vocals,9.165027956639461,8.604127711558073,-0.8824100307098224,-0.9931115769091896
demucs,Bobby_Nobody_-_Stitch_Up,bitcrush_l1,bitcrush,1,drums,7.328619928139503,6.4492688364060395,-0.08859025082066818,-0.11080770850138233
demucs,Bobby_Nobody_-_Stitch_Up,bitcrush_l1,bitcrush,1,bass,8.347218872268558,7.83115624031117,-0.2504714266484971,-0.25722526144812363
demucs,Bobby_Nobody_-_Stitch_Up,bitcrush_l1,bitcrush,1,other,6.155757754008363,4.963099307191043,-0.29995140325792224,-0.401529978681201
demucs,Bobby_Nobody_-_Stitch_Up,bitcrush_l2,bitcrush,2,vocals,9.153631224284052,8.591070365465283,-0.893806763065232,-1.0061689230019795
demucs,Bobby_Nobody_-_Stitch_Up,bitcrush_l2,bitcrush,2,drums,7.304570989731284,6.420212758431135,-0.11263918922888738,-0.13986378647628683
demucs,Bobby_Nobody_-_Stitch_Up,bitcrush_l2,bitcrush,2,bass,8.452800203705603,7.961355054340586,-0.14489009521145135,-0.12702644741870728
demucs,Bobby_Nobody_-_Stitch_Up,bitcrush_l2,bitcrush,2,other,6.196187705263724,5.024518470404519,-0.25952145200256105,-0.3401108154677246
demucs,Bobby_Nobody_-_Stitch_Up,bitcrush_l3,bitcrush,3,vocals,9.105647764859281,8.536494204169253,-0.9417902224900025,-1.0607450842980093
demucs,Bobby_Nobody_-_Stitch_Up,bitcrush_l3,bitcrush,3,drums,7.265766481431947,6.371974889151576,-0.15144369752822406,-0.1881016557558457
demucs,Bobby_Nobody_-_Stitch_Up,bitcrush_l3,bitcrush,3,bass,8.375594212124174,7.873023455847697,-0.22209608679288095,-0.21535804591159646
demucs,Bobby_Nobody_-_Stitch_Up,bitcrush_l3,bitcrush,3,other,6.1491597564199365,4.957790945233659,-0.3065494008463485,-0.40683834063858537
demucs,Bobby_Nobody_-_Stitch_Up,bitcrush_l4,bitcrush,4,vocals,8.687487921602376,8.060533247287257,-1.359950065746908,-1.5367060411800058
demucs,Bobby_Nobody_-_Stitch_Up,bitcrush_l4,bitcrush,4,drums,7.2330113865420245,6.330366150237248,-0.18419879241814652,-0.22971039467017373
demucs,Bobby_Nobody_-_Stitch_Up,bitcrush_l4,bitcrush,4,bass,8.294937851878357,7.767986512108761,-0.3027524470386975,-0.3203949896505325
demucs,Bobby_Nobody_-_Stitch_Up,bitcrush_l4,bitcrush,4,other,6.046120762187265,4.8122726999476795,-0.40958839507902045,-0.5523565859245645
demucs,Bobby_Nobody_-_Stitch_Up,compression_l1,compression,1,vocals,9.85767444297436,9.38630081337159,-0.18976354437492304,-0.21093847509567176
demucs,Bobby_Nobody_-_Stitch_Up,compression_l1,compression,1,drums,7.360832673695061,6.488781456945187,-0.056377505265110095,-0.07129508796223494
demucs,Bobby_Nobody_-_Stitch_Up,compression_l1,compression,1,bass,8.669944529952136,8.176417279582227,0.07225423103508177,0.08803577782293281
demucs,Bobby_Nobody_-_Stitch_Up,compression_l1,compression,1,other,6.463326412135927,5.3821607602862365,0.007617254869641599,0.0175314744139925
demucs,Bobby_Nobody_-_Stitch_Up,compression_l2,compression,2,vocals,9.362658551506371,8.831380019965112,-0.6847794358429127,-0.765859268502151
demucs,Bobby_Nobody_-_Stitch_Up,compression_l2,compression,2,drums,7.285372336984771,6.395058944643121,-0.1318378419753996,-0.16501760026430112
demucs,Bobby_Nobody_-_Stitch_Up,compression_l2,compression,2,bass,8.498506986302326,7.988995720738258,-0.09918331261472879,-0.09938578102103612
demucs,Bobby_Nobody_-_Stitch_Up,compression_l2,compression,2,other,6.306306162913266,5.174443416812537,-0.14940299435301885,-0.19018586905970736
demucs,Bobby_Nobody_-_Stitch_Up,compression_l3,compression,3,vocals,9.110163425936848,8.542735180729268,-0.9372745614124351,-1.0545041077379942
demucs,Bobby_Nobody_-_Stitch_Up,compression_l3,compression,3,drums,7.240424415574442,6.337350772287273,-0.1767857633857286,-0.2227257726201488
demucs,Bobby_Nobody_-_Stitch_Up,compression_l3,compression,3,bass,8.520820747571374,8.02366254321563,-0.07686955134568052,-0.06471895854366316
demucs,Bobby_Nobody_-_Stitch_Up,compression_l3,compression,3,other,6.270349741977963,5.131735517169456,-0.185359415288322,-0.23289376870278833
demucs,Bobby_Nobody_-_Stitch_Up,compression_l4,compression,4,vocals,8.996807616308134,8.412719306449524,-1.0506303710411498,-1.1845199820177381
demucs,Bobby_Nobody_-_Stitch_Up,compression_l4,compression,4,drums,7.148924665206154,6.220913460130762,-0.26828551375401677,-0.3391630847766596
demucs,Bobby_Nobody_-_Stitch_Up,compression_l4,compression,4,bass,8.457781436819031,7.956737194208574,-0.13990886209802333,-0.13164430755071965
demucs,Bobby_Nobody_-_Stitch_Up,compression_l4,compression,4,other,6.237274658721238,5.085086865021541,-0.21843449854504726,-0.2795424208507029
demucs,Bobby_Nobody_-_Stitch_Up,delay_l1,delay,1,vocals,9.058398829118753,8.484620457070262,-0.9890391582305309,-1.1126188313970005
demucs,Bobby_Nobody_-_Stitch_Up,delay_l1,delay,1,drums,7.342837889475816,6.46841051940609,-0.07437228948435504,-0.09166602550133174
demucs,Bobby_Nobody_-_Stitch_Up,delay_l1,delay,1,bass,8.646412647660407,8.129311037655194,0.04872234874335213,0.040929535895900315
demucs,Bobby_Nobody_-_Stitch_Up,delay_l1,delay,1,other,6.284506492639721,5.140543465338645,-0.17120266462656364,-0.22408582053359893
demucs,Bobby_Nobody_-_Stitch_Up,delay_l2,delay,2,vocals,7.984937975895806,7.232719972102229,-2.0625000114534773,-2.3645193163650333
demucs,Bobby_Nobody_-_Stitch_Up,delay_l2,delay,2,drums,7.149736489131651,6.228336632261256,-0.2674736898285204,-0.33173991264616554
demucs,Bobby_Nobody_-_Stitch_Up,delay_l2,delay,2,bass,8.629765178402579,8.123667267220823,0.03207487948552412,0.03528576546152884
demucs,Bobby_Nobody_-_Stitch_Up,delay_l2,delay,2,other,6.016281419412612,4.774367331730034,-0.4394277378536726,-0.5902619541422096
demucs,Bobby_Nobody_-_Stitch_Up,delay_l3,delay,3,vocals,7.413101459855781,6.543766377323859,-2.6343365274935024,-3.0534729111434036
demucs,Bobby_Nobody_-_Stitch_Up,delay_l3,delay,3,drums,7.18625105322693,6.273514879808423,-0.23095912573324107,-0.28656166509899883
demucs,Bobby_Nobody_-_Stitch_Up,delay_l3,delay,3,bass,8.574231281450974,8.0815058531193,-0.023459017466080923,-0.006875648639994125
demucs,Bobby_Nobody_-_Stitch_Up,delay_l3,delay,3,other,5.79398880293828,4.480678091856938,-0.661720354328005,-0.8839511940153058
demucs,Bobby_Nobody_-_Stitch_Up,delay_l4,delay,4,vocals,6.777531628479223,5.758962638445202,-3.2699063588700605,-3.8382766500220606
demucs,Bobby_Nobody_-_Stitch_Up,delay_l4,delay,4,drums,7.086225821086836,6.1518201396231,-0.33098435787333536,-0.4082564052843223
demucs,Bobby_Nobody_-_Stitch_Up,delay_l4,delay,4,bass,8.574700866301491,8.059686002113143,-0.022989432615563743,-0.028695499646151035
demucs,Bobby_Nobody_-_Stitch_Up,delay_l4,delay,4,other,5.6053224277497,4.210372767852476,-0.8503867295165852,-1.1542565180197677
demucs,Bobby_Nobody_-_Stitch_Up,original,original,0,vocals,10.047437987349284,9.597239288467263,0.0,0.0
demucs,Bobby_Nobody_-_Stitch_Up,original,original,0,drums,7.417210178960171,6.560076544907422,0.0,0.0
demucs,Bobby_Nobody_-_Stitch_Up,original,original,0,bass,8.597690298917055,8.088381501759294,0.0,0.0
demucs,Bobby_Nobody_-_Stitch_Up,original,original,0,other,6.455709157266285,5.364629285872244,0.0,0.0
demucs,Bobby_Nobody_-_Stitch_Up,reverb_l1,reverb,1,vocals,9.269341853084022,8.723042322643469,-0.7780961342652617,-0.8741969658237938
demucs,Bobby_Nobody_-_Stitch_Up,reverb_l1,reverb,1,drums,7.37313623208977,6.5040175496364485,-0.04407394687040078,-0.056058995270973355
demucs,Bobby_Nobody_-_Stitch_Up,reverb_l1,reverb,1,bass,8.576178238075629,8.085270969735653,-0.02151206084142565,-0.003110532023640644
demucs,Bobby_Nobody_-_Stitch_Up,reverb_l1,reverb,1,other,6.312054195815374,5.18151792104808,-0.1436549614509106,-0.183111364824164
demucs,Bobby_Nobody_-_Stitch_Up,reverb_l2,reverb,2,vocals,6.701503890082168,5.6649573141958856,-3.345934097267116,-3.932281974271377
demucs,Bobby_Nobody_-_Stitch_Up,reverb_l2,reverb,2,drums,7.272760457814911,6.3808942993582605,-0.14444972114525978,-0.1791822455491614
demucs,Bobby_Nobody_-_Stitch_Up,reverb_l2,reverb,2,bass,8.339576685300184,7.79547308564056,-0.2581136136168709,-0.29290841611873386
demucs,Bobby_Nobody_-_Stitch_Up,reverb_l2,reverb,2,other,5.515835844161633,4.091203414158281,-0.9398733131046519,-1.2734258717139628
demucs,Bobby_Nobody_-_Stitch_Up,reverb_l3,reverb,3,vocals,5.91749332603173,4.644988106090781,-4.129944661317554,-4.952251182376481
demucs,Bobby_Nobody_-_Stitch_Up,reverb_l3,reverb,3,drums,7.278489002391643,6.389484844999229,-0.13872117656852812,-0.17059169990819267
demucs,Bobby_Nobody_-_Stitch_Up,reverb_l3,reverb,3,bass,8.267126006883242,7.718962515187532,-0.330564292033813,-0.36941898657176164
demucs,Bobby_Nobody_-_Stitch_Up,reverb_l3,reverb,3,other,5.267701225054865,3.778130744690744,-1.1880079322114199,-1.5864985411814998
demucs,Bobby_Nobody_-_Stitch_Up,reverb_l4,reverb,4,vocals,5.820845882134994,4.512319198491147,-4.22659210521429,-5.084920089976116
demucs,Bobby_Nobody_-_Stitch_Up,reverb_l4,reverb,4,drums,7.347709167055482,6.473810955222027,-0.0695010119046886,-0.08626558968539477
demucs,Bobby_Nobody_-_Stitch_Up,reverb_l4,reverb,4,bass,8.281149455290869,7.733959649237176,-0.3165408436261856,-0.3544218525221181
demucs,Bobby_Nobody_-_Stitch_Up,reverb_l4,reverb,4,other,5.240706192667246,3.7465832351120865,-1.215002964599039,-1.6180460507601575
spleeter,Buitraker_-_Revo_X,bitcrush_l1,bitcrush,1,vocals,2.6245120430518227,-0.12178279495406083,-0.2853191843673213,-0.5671538734880466
spleeter,Buitraker_-_Revo_X,bitcrush_l1,bitcrush,1,drums,9.625849505807578,9.143734657360902,-0.018972089791841285,-0.021615189627475218
spleeter,Buitraker_-_Revo_X,bitcrush_l1,bitcrush,1,bass,5.8725249407455955,4.7283755496794475,-0.02551026840243864,-0.025646331818008683
spleeter,Buitraker_-_Revo_X,bitcrush_l1,bitcrush,1,other,4.400805121144843,2.552987331895342,-0.026024960290298438,-0.0314365491280717
spleeter,Buitraker_-_Revo_X,bitcrush_l2,bitcrush,2,vocals,2.6251130246821535,-0.11986054230285868,-0.28471820273699056,-0.5652316208368444
spleeter,Buitraker_-_Revo_X,bitcrush_l2,bitcrush,2,drums,9.625809937834882,9.143679078055698,-0.01901165776453695,-0.021670768932679607
spleeter,Buitraker_-_Revo_X,bitcrush_l2,bitcrush,2,bass,5.871478782721745,4.727321381709309,-0.026556426426289192,-0.026700499788146814
spleeter,Buitraker_-_Revo_X,bitcrush_l2,bitcrush,2,other,4.400916892945146,2.552775909159175,-0.025913188489995242,-0.031647971864238844
spleeter,Buitraker_-_Revo_X,bitcrush_l3,bitcrush,3,vocals,2.6275536911285844,-0.11692153733379042,-0.2822775362905596,-0.5622926158677761
spleeter,Buitraker_-_Revo_X,bitcrush_l3,bitcrush,3,drums,9.630802566128546,9.149314154219152,-0.014019029470873079,-0.016035692769225562
spleeter,Buitraker_-_Revo_X,bitcrush_l3,bitcrush,3,bass,5.870996621481589,4.726946686021559,-0.0270385876664454,-0.027075195475896763
spleeter,Buitraker_-_Revo_X,bitcrush_l3,bitcrush,3,other,4.404085992003478,2.556573641681391,-0.022744089431663284,-0.02785023934202302
spleeter,Buitraker_-_Revo_X,bitcrush_l4,bitcrush,4,vocals,2.532539080657352,-0.3085972970511213,-0.37729214676179224,-0.753968375585107
spleeter,Buitraker_-_Revo_X,bitcrush_l4,bitcrush,4,drums,9.610160366608438,9.125905502557778,-0.034661228990980675,-0.03944434443059919
spleeter,Buitraker_-_Revo_X,bitcrush_l4,bitcrush,4,bass,5.8526597518278916,4.710590222188226,-0.04537545732014259,-0.04343165930923032
spleeter,Buitraker_-_Revo_X,bitcrush_l4,bitcrush,4,other,4.364060326230325,2.500039282236035,-0.06276975520481631,-0.0843845987873788
spleeter,Buitraker_-_Revo_X,compression_l1,compression,1,vocals,2.8084209283417643,0.23477276560233687,-0.10141029907737975,-0.21059831293164885
spleeter,Buitraker_-_Revo_X,compression_l1,compression,1,drums,9.63204275125547,9.150871248111379,-0.012778844343948492,-0.014478598876998205
spleeter,Buitraker_-_Revo_X,compression_l1,compression,1,bass,5.893105082768794,4.747817522240105,-0.004930126379240285,-0.0062043592573512996
spleeter,Buitraker_-_Revo_X,compression_l1,compression,1,other,4.389240060378597,2.5343319859260043,-0.037590021056543854,-0.05009189509740963
spleeter,Buitraker_-_Revo_X,compression_l2,compression,2,vocals,2.594835014052887,-0.24451067336302013,-0.31499621336625694,-0.6898817518970058
spleeter,Buitraker_-_Revo_X,compression_l2,compression,2,drums,9.596301286737157,9.109823025687108,-0.048520308862261885,-0.05552682130126918
spleeter,Buitraker_-_Revo_X,compression_l2,compression,2,bass,5.87014955350469,4.71837583715652,-0.027885655643344442,-0.0356460443409361
spleeter,Buitraker_-_Revo_X,compression_l2,compression,2,other,4.329718794344759,2.4610040745899036,-0.09711128709038253,-0.12341980643351036
spleeter,Buitraker_-_Revo_X,compression_l3,compression,3,vocals,2.526910691472714,-0.43473229300970745,-0.38292053594642983,-0.8801033715436932
spleeter,Buitraker_-_Revo_X,compression_l3,compression,3,drums,9.572455330656734,9.082802556931592,-0.07236626494268528,-0.08254729005678563
spleeter,Buitraker_-_Revo_X,compression_l3,compression,3,bass,5.853366531522531,4.694836059055745,-0.04466867762550297,-0.059185822441711444
spleeter,Buitraker_-_Revo_X,compression_l3,compression,3,other,4.331726506429718,2.4753903815761302,-0.09510357500542277,-0.10903349944728369
spleeter,Buitraker_-_Revo_X,compression_l4,compression,4,vocals,2.5871408859215967,-0.4654481346623547,-0.3226903414975473,-0.9108192131963404
spleeter,Buitraker_-_Revo_X,compression_l4,compression,4,drums,9.497704651509245,8.998474402701158,-0.14711694409017362,-0.16687544428721957
spleeter,Buitraker_-_Revo_X,compression_l4,compression,4,bass,5.895808274896411,4.718382698947003,-0.002226934251623014,-0.03563918255045362
spleeter,Buitraker_-_Revo_X,compression_l4,compression,4,other,4.395003941673626,2.6453982405785865,-0.03182613976151494,0.06097435955517261
spleeter,Buitraker_-_Revo_X,delay_l1,delay,1,vocals,2.6931224020306814,-0.015905566763603676,-0.2167088253884626,-0.4612766452975894
spleeter,Buitraker_-_Revo_X,delay_l1,delay,1,drums,9.62408848627803,9.141813148853645,-0.020733109321389165,-0.023536698134732248
spleeter,Buitraker_-_Revo_X,delay_l1,delay,1,bass,5.878591661831437,4.73211533511731,-0.019443547316597254,-0.021906546380145997
spleeter,Buitraker_-_Revo_X,delay_l1,delay,1,other,4.312473417199136,2.431818309838062,-0.11435666423600477,-0.15260557118535178
spleeter,Buitraker_-_Revo_X,delay_l2,delay,2,vocals,2.2556738496144875,-1.2197249676110664,-0.6541573778046565,-1.6650960461450521
spleeter,Buitraker_-_Revo_X,delay_l2,delay,2,drums,9.586079681916257,9.100875176319716,-0.058741913683162394,-0.06447467066866075
spleeter,Buitraker_-_Revo_X,delay_l2,delay,2,bass,5.877639413274621,4.730248592158829,-0.020395795873413114,-0.0237732893386271
spleeter,Buitraker_-_Revo_X,delay_l2,delay,2,other,4.057603261930226,2.1544197483185434,-0.36922681950491487,-0.4300041327048705
spleeter,Buitraker_-_Revo_X,delay_l3,delay,3,vocals,1.8230193696616572,-2.4747735799969655,-1.0868118577574868,-2.920144658530951
spleeter,Buitraker_-_Revo_X,delay_l3,delay,3,drums,9.529488557241345,9.03872768695111,-0.11533303835807374,-0.12662216003726634
spleeter,Buitraker_-_Revo_X,delay_l3,delay,3,bass,5.843977835542033,4.7015714745035115,-0.05405737360600149,-0.052450406993944654
spleeter,Buitraker_-_Revo_X,delay_l3,delay,3,other,3.8178452077984737,1.9211236353755679,-0.6089848736366674,-0.6633002456478461
spleeter,Buitraker_-_Revo_X,delay_l4,delay,4,vocals,1.5027494595561708,-3.41653549610068,-1.4070817678629732,-3.861906574634666
spleeter,Buitraker_-_Revo_X,delay_l4,delay,4,drums,9.542746727458653,9.051367237805195,-0.10207486814076638,-0.11398260918318215
spleeter,Buitraker_-_Revo_X,delay_l4,delay,4,bass,5.893215256860538,4.761355086398015,-0.004819952287496321,0.007333204900558776
spleeter,Buitraker_-_Revo_X,delay_l4,delay,4,other,3.643638739796115,1.7091400236132133,-0.7831913416390259,-0.8752838574102006
spleeter,Buitraker_-_Revo_X,original,original,0,vocals,2.909831227419144,0.4453710785339857,0.0,0.0
spleeter,Buitraker_-_Revo_X,original,original,0,drums,9.644821595599419,9.165349846988377,0.0,0.0
spleeter,Buitraker_-_Revo_X,original,original,0,bass,5.898035209148034,4.754021881497456,0.0,0.0
spleeter,Buitraker_-_Revo_X,original,original,0,other,4.426830081435141,2.584423881023414,0.0,0.0
spleeter,Buitraker_-_Revo_X,reverb_l1,reverb,1,vocals,2.7176422085504894,0.0343887210424201,-0.19218901886865458,-0.41098235749156564
spleeter,Buitraker_-_Revo_X,reverb_l1,reverb,1,drums,9.62681546195079,9.144978779981198,-0.018006133648629685,-0.020371067007179278
spleeter,Buitraker_-_Revo_X,reverb_l1,reverb,1,bass,5.834529455922647,4.680581494752528,-0.0635057532253871,-0.07344038674492825
spleeter,Buitraker_-_Revo_X,reverb_l1,reverb,1,other,4.375875364383721,2.517581369694663,-0.05095471705141996,-0.06684251132875074
spleeter,Buitraker_-_Revo_X,reverb_l2,reverb,2,vocals,1.9338020611341642,-1.9354460984633195,-0.9760291662849798,-2.380817176997305
spleeter,Buitraker_-_Revo_X,reverb_l2,reverb,2,drums,9.58851634688127,9.100010039509224,-0.05630524871814835,-0.06533980747915358
spleeter,Buitraker_-_Revo_X,reverb_l2,reverb,2,bass,5.434455035635915,4.209824669489778,-0.4635801735121188,-0.5441972120076786
spleeter,Buitraker_-_Revo_X,reverb_l2,reverb,2,other,4.272752002129915,2.438187345646777,-0.15407807930522655,-0.14623653537663683
spleeter,Buitraker_-_Revo_X,reverb_l3,reverb,3,vocals,1.6553213864780123,-2.724645301430227,-1.2545098409411317,-3.170016379964213
spleeter,Buitraker_-_Revo_X,reverb_l3,reverb,3,drums,9.552191990359585,9.05478337112378,-0.09262960523983388,-0.11056647586459789
spleeter,Buitraker_-_Revo_X,reverb_l3,reverb,3,bass,5.133358099218816,3.8649447258065823,-0.7646771099292184,-0.8890771556908739
spleeter,Buitraker_-_Revo_X,reverb_l3,reverb,3,other,4.368318944432586,2.58946001514886,-0.05851113700255528,0.005036134125445901
spleeter,Buitraker_-_Revo_X,reverb_l4,reverb,4,vocals,1.6744442398387562,-2.6602408357077345,-1.2353869875803878,-3.1056119142417202
spleeter,Buitraker_-_Revo_X,reverb_l4,reverb,4,drums,9.547271011942659,9.048797623005914,-0.09755058365676028,-0.11655222398246323
spleeter,Buitraker_-_Revo_X,reverb_l4,reverb,4,bass,5.0853860040086065,3.813104284055875,-0.8126492051394276,-0.9409175974415813
spleeter,Buitraker_-_Revo_X,reverb_l4,reverb,4,other,4.418368043743382,2.6573105573681817,-0.008462037691758795,0.07288667634476775
demucs,Buitraker_-_Revo_X,bitcrush_l1,bitcrush,1,vocals,4.679385956448255,3.0536100450293486,-0.06287029005695022,-0.21783261303167212
demucs,Buitraker_-_Revo_X,bitcrush_l1,bitcrush,1,drums,13.99996210178162,13.823615313491723,-0.071702172766404,-0.07465640857504496
demucs,Buitraker_-_Revo_X,bitcrush_l1,bitcrush,1,bass,11.212751277507857,10.903044572139498,-0.06318583343411888,-0.06531628680463619
demucs,Buitraker_-_Revo_X,bitcrush_l1,bitcrush,1,other,6.547413523818931,5.485878577775304,-0.013376394277040404,-0.054517545163670356
demucs,Buitraker_-_Revo_X,bitcrush_l2,bitcrush,2,vocals,4.610505729363551,2.9552059370815638,-0.1317505171416542,-0.316236720979457
demucs,Buitraker_-_Revo_X,bitcrush_l2,bitcrush,2,drums,14.012289724860851,13.836405397350802,-0.05937454968717226,-0.061866324715966314
demucs,Buitraker_-_Revo_X,bitcrush_l2,bitcrush,2,bass,11.260152152309999,10.953852450792166,-0.015784958631977375,-0.01450840815196841
demucs,Buitraker_-_Revo_X,bitcrush_l2,bitcrush,2,other,6.514199020206353,5.441056812743954,-0.04659089788961879,-0.0993393101950204
demucs,Buitraker_-_Revo_X,bitcrush_l3,bitcrush,3,vocals,4.704657099692301,3.036874955993285,-0.037599146812904216,-0.2345677020677357
demucs,Buitraker_-_Revo_X,bitcrush_l3,bitcrush,3,drums,14.017326487529875,13.841650690568505,-0.05433778701814873,-0.05662103149826336
demucs,Buitraker_-_Revo_X,bitcrush_l3,bitcrush,3,bass,11.245207913093429,10.93840593734041,-0.03072919784854733,-0.029954921603724927
demucs,Buitraker_-_Revo_X,bitcrush_l3,bitcrush,3,other,6.581219895264737,5.517434785457731,0.02042997716876549,-0.022961337481243405
demucs,Buitraker_-_Revo_X,bitcrush_l4,bitcrush,4,vocals,4.519985382975925,2.762847546341617,-0.22227086352928005,-0.5085951117194036
demucs,Buitraker_-_Revo_X,bitcrush_l4,bitcrush,4,drums,13.973079643730188,13.795653142406819,-0.09858463081783597,-0.10261857965994992
demucs,Buitraker_-_Revo_X,bitcrush_l4,bitcrush,4,bass,11.221574898221254,10.912763861586509,-0.05436221272072217,-0.055596997357625355
demucs,Buitraker_-_Revo_X,bitcrush_l4,bitcrush,4,other,6.516258527174545,5.4341737359943165,-0.04453139092142688,-0.10622238694465747
demucs,Buitraker_-_Revo_X,compression_l1,compression,1,vocals,4.6954932711106645,3.171250663209789,-0.04676297539454044,-0.10019199485123176
demucs,Buitraker_-_Revo_X,compression_l1,compression,1,drums,14.074733895354639,13.901395087681884,0.003069620806614992,0.003123365615115503
demucs,Buitraker_-_Revo_X,compression_l1,compression,1,bass,11.267587545310867,10.960306072053152,-0.008349565631109002,-0.008054786890982157
demucs,Buitraker_-_Revo_X,compression_l1,compression,1,other,6.552717670590748,5.52328221801576,-0.008072247505223729,-0.017113904923213852
demucs,Buitraker_-_Revo_X,compression_l2,compression,2,vocals,4.623963454370271,3.0193815207915273,-0.11829279213493393,-0.2520611372694934
demucs,Buitraker_-_Revo_X,compression_l2,compression,2,drums,13.993707884274723,13.817131268841251,-0.07795639027330026,-0.0811404532255171
demucs,Buitraker_-_Revo_X,compression_l2,compression,2,bass,11.234198741929884,10.92270363272407,-0.04173836901209249,-0.04565722622006341
demucs,Buitraker_-_Revo_X,compression_l2,compression,2,other,6.548976791638033,5.509728203381188,-0.011813126457938417,-0.030667919557785694
demucs,Buitraker_-_Revo_X,compression_l3,compression,3,vocals,4.639425470849021,3.014542938596372,-0.1028307756561837,-0.25689971946464896
demucs,Buitraker_-_Revo_X,compression_l3,compression,3,drums,13.981885661294404,13.804865529570058,-0.08977861325361935,-0.09340619249671
demucs,Buitraker_-_Revo_X,compression_l3,compression,3,bass,11.214563052400095,10.90086419084546,-0.06137405854188138,-0.0674966680986735
demucs,Buitraker_-_Revo_X,compression_l3,compression,3,other,6.5849511549763315,5.551563304106071,0.024161236880360093,0.011167181167096807
demucs,Buitraker_-_Revo_X,compression_l4,compression,4,vocals,4.73136932415336,3.116588039565987,-0.010886922351844852,-0.15485461849503368
demucs,Buitraker_-_Revo_X,compression_l4,compression,4,drums,13.935794754566121,13.756993186889355,-0.13586951998190244,-0.1412785351774133
demucs,Buitraker_-_Revo_X,compression_l4,compression,4,bass,11.198776467370992,10.88671257383857,-0.07716064357098418,-0.08164828510556355
demucs,Buitraker_-_Revo_X,compression_l4,compression,4,other,6.635592596340755,5.604154406660954,0.07480267824478393,0.06375828372198011
demucs,Buitraker_-_Revo_X,delay_l1,delay,1,vocals,4.582904449683755,2.9823882682955327,-0.15935179682144973,-0.28905438976548803
demucs,Buitraker_-_Revo_X,delay_l1,delay,1,drums,14.039302523632234,13.864558194769398,-0.032361750915789855,-0.03371352729737076
demucs,Buitraker_-_Revo_X,delay_l1,delay,1,bass,11.259017831833752,10.951806334223113,-0.016919279108224217,-0.01655452472102148
demucs,Buitraker_-_Revo_X,delay_l1,delay,1,other,6.519747734399592,5.477685115337759,-0.04104218369637902,-0.06271100760121495
demucs,Buitraker_-_Revo_X,delay_l2,delay,2,vocals,4.391351366823172,2.524746942064837,-0.3509048796820329,-0.7466957159961836
demucs,Buitraker_-_Revo_X,delay_l2,delay,2,drums,13.93471558535467,13.755615195738073,-0.13694868919335335,-0.14265652632869497
demucs,Buitraker_-_Revo_X,delay_l2,delay,2,bass,11.236847718227265,10.92903264977599,-0.039089392714711124,-0.0393282091681435
demucs,Buitraker_-_Revo_X,delay_l2,delay,2,other,6.483019250532721,5.391818746969443,-0.07777066756325013,-0.14857737596953058
demucs,Buitraker_-_Revo_X,delay_l3,delay,3,vocals,3.906829473618811,1.6954678996310095,-0.835426772886394,-1.5759747584300112
demucs,Buitraker_-_Revo_X,delay_l3,delay,3,drums,13.876946217682821,13.695338678342521,-0.19471805686520227,-0.20293304372424714
demucs,Buitraker_-_Revo_X,delay_l3,delay,3,bass,11.262929568779663,10.955694296923888,-0.013007542162313257,-0.01266656202024663
demucs,Buitraker_-_Revo_X,delay_l3,delay,3,other,6.218885349166134,5.0337949158628215,-0.3419045689298379,-0.5066012070761525
demucs,Buitraker_-_Revo_X,delay_l4,delay,4,vocals,3.5329599326006687,1.0136865175406016,-1.2092963139045363,-2.257756140520419
demucs,Buitraker_-_Revo_X,delay_l4,delay,4,drums,13.819667440579572,13.635655183282845,-0.25199683396845174,-0.26261653878392366
demucs,Buitraker_-_Revo_X,delay_l4,delay,4,bass,11.227236636465644,10.916550363379645,-0.04870047447633219,-0.05181049556448869
demucs,Buitraker_-_Revo_X,delay_l4,delay,4,other,6.024349188365905,4.778597017932728,-0.5364407297300664,-0.7617991050062463
demucs,Buitraker_-_Revo_X,original,original,0,vocals,4.742256246505205,3.2714426580610207,0.0,0.0
demucs,Buitraker_-_Revo_X,original,original,0,drums,14.071664274548024,13.898271722066768,0.0,0.0
demucs,Buitraker_-_Revo_X,original,original,0,bass,11.275937110941976,10.968360858944134,0.0,0.0
demucs,Buitraker_-_Revo_X,original,original,0,other,6.5607899180959715,5.540396122938974,0.0,0.0
demucs,Buitraker_-_Revo_X,reverb_l1,reverb,1,vocals,4.628555940025624,3.049292890204656,-0.11370030647958096,-0.22214976785636464
demucs,Buitraker_-_Revo_X,reverb_l1,reverb,1,drums,14.042458280317401,13.867827881576067,-0.029205994230622423,-0.030443840490701035
demucs,Buitraker_-_Revo_X,reverb_l1,reverb,1,bass,11.181399260832762,10.867889266818217,-0.094537850109214,-0.10047159212591694
demucs,Buitraker_-_Revo_X,reverb_l1,reverb,1,other,6.551591829546403,5.516337139418953,-0.009198088549568162,-0.024058983520021116
demucs,Buitraker_-_Revo_X,reverb_l2,reverb,2,vocals,3.9270901188033487,1.6913549985091636,-0.8151661277018563,-1.5800876595518571
demucs,Buitraker_-_Revo_X,reverb_l2,reverb,2,drums,13.932302754616748,13.75317351004372,-0.13936151993127588,-0.14509821202304884
demucs,Buitraker_-_Revo_X,reverb_l2,reverb,2,bass,10.523353517193822,10.165042927659169,-0.7525835937481542,-0.8033179312849654
demucs,Buitraker_-_Revo_X,reverb_l2,reverb,2,other,6.507666788231692,5.413139691944359,-0.053123129864279584,-0.12725643099461514
demucs,Buitraker_-_Revo_X,reverb_l3,reverb,3,vocals,3.502917010291939,0.9370352122772997,-1.239339236213266,-2.334407445783721
demucs,Buitraker_-_Revo_X,reverb_l3,reverb,3,drums,13.825815041013218,13.642462609565504,-0.24584923353480548,-0.2558091125012645
demucs,Buitraker_-_Revo_X,reverb_l3,reverb,3,bass,10.103171075496087,9.72294197820776,-1.172766035445889,-1.2454188807363735
demucs,Buitraker_-_Revo_X,reverb_l3,reverb,3,other,6.508009274128861,5.46605141660126,-0.05278064396711013,-0.07434470633771362
demucs,Buitraker_-_Revo_X,reverb_l4,reverb,4,vocals,3.318260111745337,0.5992575014810312,-1.423996134759868,-2.6721851565799897
demucs,Buitraker_-_Revo_X,reverb_l4,reverb,4,drums,13.621582068120428,13.430604531093987,-0.4500822064275951,-0.4676671909727812
demucs,Buitraker_-_Revo_X,reverb_l4,reverb,4,bass,10.001008124057035,9.61629448795301,-1.274928986884941,-1.3520663709911247
demucs,Buitraker_-_Revo_X,reverb_l4,reverb,4,other,6.461565540591102,5.430252902073379,-0.09922437750486957,-0.11014322086559503
spleeter,Carlos_Gonzalez_-_A_Place_For_Us,bitcrush_l1,bitcrush,1,vocals,6.1921131279448005,5.021294740268764,-0.21934590814441712,-0.28950952739898295
spleeter,Carlos_Gonzalez_-_A_Place_For_Us,bitcrush_l1,bitcrush,1,drums,5.862595518429523,4.561916833551058,-0.08290622041734519,-0.11394387800025729
spleeter,Carlos_Gonzalez_-_A_Place_For_Us,bitcrush_l1,bitcrush,1,bass,1.6044127801405526,-2.104338799504648,-0.04853085467200313,-0.060505553316190674
spleeter,Carlos_Gonzalez_-_A_Place_For_Us,bitcrush_l1,bitcrush,1,other,5.785712248854126,4.543912669297737,-0.043369709737217654,-0.047266128755789616
spleeter,Carlos_Gonzalez_-_A_Place_For_Us,bitcrush_l2,bitcrush,2,vocals,6.1912666632132165,5.020257788698283,-0.22019237287600113,-0.29054647896946406
spleeter,Carlos_Gonzalez_-_A_Place_For_Us,bitcrush_l2,bitcrush,2,drums,5.86258376886705,4.561882489316717,-0.08291796997981837,-0.11397822223459819
spleeter,Carlos_Gonzalez_-_A_Place_For_Us,bitcrush_l2,bitcrush,2,bass,1.6061176042317196,-2.102437340384993,-0.04682603058083612,-0.05860409419653578
spleeter,Carlos_Gonzalez_-_A_Place_For_Us,bitcrush_l2,bitcrush,2,other,5.785422902909632,4.543558813308293,-0.04365905568171158,-0.04761998474523388
spleeter,Carlos_Gonzalez_-_A_Place_For_Us,bitcrush_l3,bitcrush,3,vocals,6.181104298354505,5.007025148783617,-0.2303547377347126,-0.3037791188841297
spleeter,Carlos_Gonzalez_-_A_Place_For_Us,bitcrush_l3,bitcrush,3,drums,5.8590465618821685,4.557124591811194,-0.08645517696469973,-0.1187361197401211
spleeter,Carlos_Gonzalez_-_A_Place_For_Us,bitcrush_l3,bitcrush,3,bass,1.5960439732941163,-2.117266308028088,-0.05689966151843939,-0.07343306183963039
spleeter,Carlos_Gonzalez_-_A_Place_For_Us,bitcrush_l3,bitcrush,3,other,5.777995714649746,4.534082672198507,-0.05108624394159733,-0.05709612585501933
spleeter,Carlos_Gonzalez_-_A_Place_For_Us,bitcrush_l4,bitcrush,4,vocals,6.002636460968576,4.770845660670419,-0.4088225751206416,-0.5399586069973275
spleeter,Carlos_Gonzalez_-_A_Place_For_Us,bitcrush_l4,bitcrush,4,drums,5.8055128014373665,4.48483136333278,-0.1399889374095018,-0.19102934821853523
spleeter,Carlos_Gonzalez_-_A_Place_For_Us,bitcrush_l4,bitcrush,4,bass,1.5539302340619534,-2.146075801835138,-0.09901340075060228,-0.10224255564668061
spleeter,Carlos_Gonzalez_-_A_Place_For_Us,bitcrush_l4,bitcrush,4,other,5.661971129468448,4.392756886366965,-0.16711082912289577,-0.19842191168656154
spleeter,Carlos_Gonzalez_-_A_Place_For_Us,compression_l1,compression,1,vocals,6.227916920406086,5.07350518114028,-0.1835421156831316,-0.23729908652746712
spleeter,Carlos_Gonzalez_-_A_Place_For_Us,compression_l1,compression,1,drums,5.882671596165126,4.5910401337175974,-0.06283014268174192,-0.08482057783371744
spleeter,Carlos_Gonzalez_-_A_Place_For_Us,compression_l1,compression,1,bass,1.499944440412119,-2.262244415747596,-0.15299919440043674,-0.21841116955913842
spleeter,Carlos_Gonzalez_-_A_Place_For_Us,compression_l1,compression,1,other,5.747750232400692,4.477717947608659,-0.08133172619065121,-0.11346085044486731
spleeter,Carlos_Gonzalez_-_A_Place_For_Us,compression_l2,compression,2,vocals,5.921760898252928,4.660032476097305,-0.4896981378362897,-0.6507717915704418
spleeter,Carlos_Gonzalez_-_A_Place_For_Us,compression_l2,compression,2,drums,5.780485116874381,4.450828456762502,-0.16501662197248734,-0.22503225478881284
spleeter,Carlos_Gonzalez_-_A_Place_For_Us,compression_l2,compression,2,bass,1.2769065190585134,-2.5744436137425457,-0.3760371157540423,-0.5306103675540883
spleeter,Carlos_Gonzalez_-_A_Place_For_Us,compression_l2,compression,2,other,5.606930776739737,4.300807029564226,-0.22215118185160687,-0.290371768489301
spleeter,Carlos_Gonzalez_-_A_Place_For_Us,compression_l3,compression,3,vocals,5.6894259208473805,4.336195939853736,-0.7220331152418371,-0.9746083278140105
spleeter,Carlos_Gonzalez_-_A_Place_For_Us,compression_l3,compression,3,drums,5.706492371968235,4.347986090896618,-0.2390093668786335,-0.32787462065469697
spleeter,Carlos_Gonzalez_-_A_Place_For_Us,compression_l3,compression,3,bass,1.1573388886219633,-2.7249772148687095,-0.49560474619059236,-0.6811439686802521
spleeter,Carlos_Gonzalez_-_A_Place_For_Us,compression_l3,compression,3,other,5.484188768971672,4.164740872382645,-0.34489318961967186,-0.42643792567088123
spleeter,Carlos_Gonzalez_-_A_Place_For_Us,compression_l4,compression,4,vocals,5.697443392628844,4.337139315098739,-0.7140156434603737,-0.973664952569008
spleeter,Carlos_Gonzalez_-_A_Place_For_Us,compression_l4,compression,4,drums,5.628273765124288,4.243918496259779,-0.3172279737225807,-0.431942215291536
spleeter,Carlos_Gonzalez_-_A_Place_For_Us,compression_l4,compression,4,bass,1.635428068514349,-2.234759785743649,-0.01751556629820672,-0.1909265395551918
spleeter,Carlos_Gonzalez_-_A_Place_For_Us,compression_l4,compression,4,other,5.414457136352231,4.172491583892099,-0.41462482223911223,-0.4186872141614275
spleeter,Carlos_Gonzalez_-_A_Place_For_Us,delay_l1,delay,1,vocals,6.195533480727922,5.018895769106192,-0.21592555536129598,-0.291908498561555
spleeter,Carlos_Gonzalez_-_A_Place_For_Us,delay_l1,delay,1,drums,5.918498115606115,4.637925878448336,-0.027003623240752894,-0.037934833102978516
spleeter,Carlos_Gonzalez_-_A_Place_For_Us,delay_l1,delay,1,bass,1.7453671945417184,-1.8559352027640241,0.09242355972916272,0.18789804342443328
spleeter,Carlos_Gonzalez_-_A_Place_For_Us,delay_l1,delay,1,other,5.608998314842479,4.307080100954074,-0.2200836437488647,-0.284098697099453
spleeter,Carlos_Gonzalez_-_A_Place_For_Us,delay_l2,delay,2,vocals,5.620951160324111,4.235956489373523,-0.7905078757651065,-1.0748477782942238
spleeter,Carlos_Gonzalez_-_A_Place_For_Us,delay_l2,delay,2,drums,5.806576022446293,4.487426497194769,-0.13892571640057572,-0.18843421435654584
spleeter,Carlos_Gonzalez_-_A_Place_For_Us,delay_l2,delay,2,bass,1.543613206593673,-2.1213639556245996,-0.10933042821888272,-0.07753070943614215
spleeter,Carlos_Gonzalez_-_A_Place_For_Us,delay_l2,delay,2,other,5.199434843907758,3.801164832310243,-0.6296471146835856,-0.7900139657432836
spleeter,Carlos_Gonzalez_-_A_Place_For_Us,delay_l3,delay,3,vocals,5.077041726698988,3.461376611334038,-1.33441730939023,-1.8494276563337086
spleeter,Carlos_Gonzalez_-_A_Place_For_Us,delay_l3,delay,3,drums,5.6832478825457775,4.320334447957313,-0.26225385630109077,-0.35552626359400197
spleeter,Carlos_Gonzalez_-_A_Place_For_Us,delay_l3,delay,3,bass,1.398688898177411,-2.293945729868925,-0.25425473663514464,-0.2501124836804678
spleeter,Carlos_Gonzalez_-_A_Place_For_Us,delay_l3,delay,3,other,4.729172526206166,3.213196744228563,-1.0999094323851777,-1.3779820538249634
spleeter,Carlos_Gonzalez_-_A_Place_For_Us,delay_l4,delay,4,vocals,4.345708161335498,2.3609984108433992,-2.0657508747537197,-2.9498058568243475
spleeter,Carlos_Gonzalez_-_A_Place_For_Us,delay_l4,delay,4,drums,5.50304855476475,4.073198750168147,-0.442453184082118,-0.6026619613831681
spleeter,Carlos_Gonzalez_-_A_Place_For_Us,delay_l4,delay,4,bass,1.4622556505337758,-2.166382212244694,-0.19068798427877987,-0.12254896605623644
spleeter,Carlos_Gonzalez_-_A_Place_For_Us,delay_l4,delay,4,other,4.011077381154289,2.3840900058423484,-1.8180045774370548,-2.207088792211178
spleeter,Carlos_Gonzalez_-_A_Place_For_Us,original,original,0,vocals,6.411459036089218,5.310804267667747,0.0,0.0
spleeter,Carlos_Gonzalez_-_A_Place_For_Us,original,original,0,drums,5.945501738846868,4.675860711551315,0.0,0.0
spleeter,Carlos_Gonzalez_-_A_Place_For_Us,original,original,0,bass,1.6529436348125557,-2.0438332461884574,0.0,0.0
spleeter,Carlos_Gonzalez_-_A_Place_For_Us,original,original,0,other,5.829081958591344,4.591178798053527,0.0,0.0
spleeter,Carlos_Gonzalez_-_A_Place_For_Us,reverb_l1,reverb,1,vocals,5.594515633796061,4.206490771346956,-0.8169434022931563,-1.104313496320791
spleeter,Carlos_Gonzalez_-_A_Place_For_Us,reverb_l1,reverb,1,drums,5.899457498960185,4.610890348579245,-0.04604423988668316,-0.06497036297206993
spleeter,Carlos_Gonzalez_-_A_Place_For_Us,reverb_l1,reverb,1,bass,0.18585153731423928,-3.99589146232816,-1.4670920974983164,-1.9520582161397027
spleeter,Carlos_Gonzalez_-_A_Place_For_Us,reverb_l1,reverb,1,other,5.643147034770999,4.373135724103562,-0.18593492382034427,-0.21804307394996414
spleeter,Carlos_Gonzalez_-_A_Place_For_Us,reverb_l2,reverb,2,vocals,2.9560070948641624,-0.10708548461634972,-3.4554519412250553,-5.417889752284096
spleeter,Carlos_Gonzalez_-_A_Place_For_Us,reverb_l2,reverb,2,drums,5.587587770684311,4.197201094312145,-0.35791396816255716,-0.4786596172391695
spleeter,Carlos_Gonzalez_-_A_Place_For_Us,reverb_l2,reverb,2,bass,-3.564229256412788,-8.563346892496854,-5.217172891225344,-6.519513646308397
spleeter,Carlos_Gonzalez_-_A_Place_For_Us,reverb_l2,reverb,2,other,4.7853073365453636,3.569964061861064,-1.04377462204598,-1.0212147361924626
spleeter,Carlos_Gonzalez_-_A_Place_For_Us,reverb_l3,reverb,3,vocals,2.1404529147621356,-1.9360755660402063,-4.271006121327082,-7.246879833707953
spleeter,Carlos_Gonzalez_-_A_Place_For_Us,reverb_l3,reverb,3,drums,5.269045544463941,3.7879627502968347,-0.6764561943829275,-0.8878979612544802
spleeter,Carlos_Gonzalez_-_A_Place_For_Us,reverb_l3,reverb,3,bass,-4.6701863913828525,-9.975801147859066,-6.323130026195408,-7.931967901670609
spleeter,Carlos_Gonzalez_-_A_Place_For_Us,reverb_l3,reverb,3,other,4.583906512212464,3.5176356530486013,-1.2451754463788793,-1.0735431450049253
spleeter,Carlos_Gonzalez_-_A_Place_For_Us,reverb_l4,reverb,4,vocals,2.088684013995589,-2.069927699973154,-4.322775022093628,-7.380731967640901
spleeter,Carlos_Gonzalez_-_A_Place_For_Us,reverb_l4,reverb,4,drums,5.237067736994145,3.7488463652006847,-0.7084340018527229,-0.9270143463506302
spleeter,Carlos_Gonzalez_-_A_Place_For_Us,reverb_l4,reverb,4,bass,-4.804748515019824,-10.161333623601212,-6.45769214983238,-8.117500377412755
spleeter,Carlos_Gonzalez_-_A_Place_For_Us,reverb_l4,reverb,4,other,4.678894028323712,3.6305256499711773,-1.1501879302676317,-0.9606531480823493
demucs,Carlos_Gonzalez_-_A_Place_For_Us,bitcrush_l1,bitcrush,1,vocals,7.3355067567619825,6.465237431877442,-0.6363957308478927,-0.7578245878415064
demucs,Carlos_Gonzalez_-_A_Place_For_Us,bitcrush_l1,bitcrush,1,drums,7.155700271508948,6.256559238673712,-0.05419989550643045,-0.0599057617924279
demucs,Carlos_Gonzalez_-_A_Place_For_Us,bitcrush_l1,bitcrush,1,bass,3.1489688062481216,0.41109083530969615,0.012484792214172202,0.006675492311719267
demucs,Carlos_Gonzalez_-_A_Place_For_Us,bitcrush_l1,bitcrush,1,other,6.449062126416443,5.460515998340663,-0.4369936639138734,-0.4721138423525897
demucs,Carlos_Gonzalez_-_A_Place_For_Us,bitcrush_l2,bitcrush,2,vocals,7.341953479866424,6.4729968134646505,-0.6299490077434511,-0.7500652062542983
demucs,Carlos_Gonzalez_-_A_Place_For_Us,bitcrush_l2,bitcrush,2,drums,7.176259210162145,6.278819047813013,-0.033640956853233206,-0.037645952653127424
demucs,Carlos_Gonzalez_-_A_Place_For_Us,bitcrush_l2,bitcrush,2,bass,3.1887702433798797,0.4712348555651535,0.0522862293459303,0.06681951256717661
demucs,Carlos_Gonzalez_-_A_Place_For_Us,bitcrush_l2,bitcrush,2,other,6.449867734159675,5.460243000612584,-0.43618805617064194,-0.47238684008066834
demucs,Carlos_Gonzalez_-_A_Place_For_Us,bitcrush_l3,bitcrush,3,vocals,7.358668816038873,6.491892257255067,-0.6132336715710025,-0.7311697624638818
demucs,Carlos_Gonzalez_-_A_Place_For_Us,bitcrush_l3,bitcrush,3,drums,7.146230464422482,6.2423908747382555,-0.06366970259289673,-0.07407412572788452
demucs,Carlos_Gonzalez_-_A_Place_For_Us,bitcrush_l3,bitcrush,3,bass,3.1289932377500715,0.38088328434178476,-0.0074907762838778424,-0.023532058656192123
demucs,Carlos_Gonzalez_-_A_Place_For_Us,bitcrush_l3,bitcrush,3,other,6.461643518249273,5.472107166911092,-0.42441227208104326,-0.46052267378215994
demucs,Carlos_Gonzalez_-_A_Place_For_Us,bitcrush_l4,bitcrush,4,vocals,7.224642232854668,6.328930342194497,-0.747260254755207,-0.8941316775244514
demucs,Carlos_Gonzalez_-_A_Place_For_Us,bitcrush_l4,bitcrush,4,drums,7.0848779119955365,6.168121049903428,-0.1250222550198421,-0.14834395056271177
demucs,Carlos_Gonzalez_-_A_Place_For_Us,bitcrush_l4,bitcrush,4,bass,3.130466541081099,0.38150858880883387,-0.0060174729528506,-0.022906754189143008
demucs,Carlos_Gonzalez_-_A_Place_For_Us,bitcrush_l4,bitcrush,4,other,6.4018679614697795,5.397695547969947,-0.484187828860537,-0.534934292723305
demucs,Carlos_Gonzalez_-_A_Place_For_Us,compression_l1,compression,1,vocals,7.854808610558059,7.082638525064874,-0.11709387705181662,-0.14042349465407522
demucs,Carlos_Gonzalez_-_A_Place_For_Us,compression_l1,compression,1,drums,7.21216270753097,6.318133771977614,0.0022625405155913825,0.001668771511473821
demucs,Carlos_Gonzalez_-_A_Place_For_Us,compression_l1,compression,1,bass,3.148038717823946,0.41532548546231907,0.01155470378999679,0.010910142464342187
demucs,Carlos_Gonzalez_-_A_Place_For_Us,compression_l1,compression,1,other,6.820994192715238,5.846458353700514,-0.06506159761507835,-0.08617148699273791
demucs,Carlos_Gonzalez_-_A_Place_For_Us,compression_l2,compression,2,vocals,7.599378437069577,6.772744959584044,-0.37252405054029847,-0.45031706013490513
demucs,Carlos_Gonzalez_-_A_Place_For_Us,compression_l2,compression,2,drums,7.129338542861298,6.215934570251942,-0.08056162415408075,-0.10053043021419761
demucs,Carlos_Gonzalez_-_A_Place_For_Us,compression_l2,compression,2,bass,3.090169187383192,0.3148976177658519,-0.04631482665075737,-0.08951772523212498
demucs,Carlos_Gonzalez_-_A_Place_For_Us,compression_l2,compression,2,other,6.6509356296297195,5.635840888949178,-0.23512016070059705,-0.29678895174407405
demucs,Carlos_Gonzalez_-_A_Place_For_Us,compression_l3,compression,3,vocals,7.496748736741054,6.64784423590816,-0.47515375086882106,-0.575217783810789
demucs,Carlos_Gonzalez_-_A_Place_For_Us,compression_l3,compression,3,drums,7.103781240181444,6.186480034936769,-0.10611892683393442,-0.12998496552937144
demucs,Carlos_Gonzalez_-_A_Place_For_Us,compression_l3,compression,3,bass,3.1168717041826524,0.35035038250056694,-0.019612309851297027,-0.05406496049740994
demucs,Carlos_Gonzalez_-_A_Place_For_Us,compression_l3,compression,3,other,6.6080629753645725,5.577778856068141,-0.277992814965744,-0.3548509846251111
demucs,Carlos_Gonzalez_-_A_Place_For_Us,compression_l4,compression,4,vocals,7.555310911566837,6.719265769024595,-0.41659157604303854,-0.5037962506943536
demucs,Carlos_Gonzalez_-_A_Place_For_Us,compression_l4,compression,4,drums,7.059351983336547,6.136170684755925,-0.15054818367883183,-0.18029431571021526
demucs,Carlos_Gonzalez_-_A_Place_For_Us,compression_l4,compression,4,bass,3.0433789420855186,0.2323076241074512,-0.09310507194843076,-0.17210771889052567
demucs,Carlos_Gonzalez_-_A_Place_For_Us,compression_l4,compression,4,other,6.681701765892004,5.672613255287759,-0.2043540244383122,-0.2600165854054932
demucs,Carlos_Gonzalez_-_A_Place_For_Us,delay_l1,delay,1,vocals,7.665522043060693,6.859343278815869,-0.30638044454918223,-0.36371874090307976
demucs,Carlos_Gonzalez_-_A_Place_For_Us,delay_l1,delay,1,drums,7.19086294294383,6.290265977058683,-0.01903722407154884,-0.02619902340745739
demucs,Carlos_Gonzalez_-_A_Place_For_Us,delay_l1,delay,1,bass,3.1363420194899283,0.38786679537512847,-0.00014199454402108458,-0.01654854762284841
demucs,Carlos_Gonzalez_-_A_Place_For_Us,delay_l1,delay,1,other,6.686512541418361,5.6907368776323946,-0.1995432489119553,-0.24189296306085772
demucs,Carlos_Gonzalez_-_A_Place_For_Us,delay_l2,delay,2,vocals,6.85711448614779,5.8762578931431975,-1.1147880014620855,-1.3468041265757513
demucs,Carlos_Gonzalez_-_A_Place_For_Us,delay_l2,delay,2,drums,7.087039122635527,6.157215493745557,-0.12286104437985124,-0.1592495067205828
demucs,Carlos_Gonzalez_-_A_Place_For_Us,delay_l2,delay,2,bass,3.1000837964592005,0.32355187062247265,-0.03640021757474887,-0.08086347237550423
demucs,Carlos_Gonzalez_-_A_Place_For_Us,delay_l2,delay,2,other,6.120891466028602,5.037190694981005,-0.7651643243017148,-0.8954391457122473
demucs,Carlos_Gonzalez_-_A_Place_For_Us,delay_l3,delay,3,vocals,6.086463381619272,4.919371220887213,-1.8854391059906028,-2.3036907988317354
demucs,Carlos_Gonzalez_-_A_Place_For_Us,delay_l3,delay,3,drums,6.889502169132598,5.923998982674225,-0.32039799788278067,-0.39246601779191526
demucs,Carlos_Gonzalez_-_A_Place_For_Us,delay_l3,delay,3,bass,3.058363467934966,0.23936033278960725,-0.07812054609898356,-0.16505501020836963
demucs,Carlos_Gonzalez_-_A_Place_For_Us,delay_l3,delay,3,other,5.535163332800812,4.349723929746963,-1.350892457529505,-1.5829059109462893
demucs,Carlos_Gonzalez_-_A_Place_For_Us,delay_l4,delay,4,vocals,5.336224359770236,3.9287623310453785,-2.635678127839639,-3.2942996886735703
demucs,Carlos_Gonzalez_-_A_Place_For_Us,delay_l4,delay,4,drums,6.85572617936627,5.872805361638694,-0.35417398764910857,-0.4436596388274463
demucs,Carlos_Gonzalez_-_A_Place_For_Us,delay_l4,delay,4,bass,3.064816585733254,0.25871095169183744,-0.0716674283006955,-0.14570439130613944
demucs,Carlos_Gonzalez_-_A_Place_For_Us,delay_l4,delay,4,other,4.876062916046565,3.6128639893416596,-2.0099928742837516,-2.3197658513515926
demucs,Carlos_Gonzalez_-_A_Place_For_Us,original,original,0,vocals,7.971902487609875,7.223062019718949,0.0,0.0
demucs,Carlos_Gonzalez_-_A_Place_For_Us,original,original,0,drums,7.209900167015379,6.31646500046614,0.0,0.0
demucs,Carlos_Gonzalez_-_A_Place_For_Us,original,original,0,bass,3.1364840140339494,0.4044153429979769,0.0,0.0
demucs,Carlos_Gonzalez_-_A_Place_For_Us,original,original,0,other,6.886055790330317,5.932629840693252,0.0,0.0
demucs,Carlos_Gonzalez_-_A_Place_For_Us,reverb_l1,reverb,1,vocals,7.2467581680395465,6.3580688211234,-0.7251443195703287,-0.864993198595549
demucs,Carlos_Gonzalez_-_A_Place_For_Us,reverb_l1,reverb,1,drums,7.183163108967277,6.283344272375354,-0.026737058048101225,-0.033120728090786145
demucs,Carlos_Gonzalez_-_A_Place_For_Us,reverb_l1,reverb,1,bass,1.870668900872305,-1.4280414603642708,-1.2658151131616444,-1.8324568033622477
demucs,Carlos_Gonzalez_-_A_Place_For_Us,reverb_l1,reverb,1,other,6.775384301925627,5.811992820445298,-0.11067148840468999,-0.12063702024795386
demucs,Carlos_Gonzalez_-_A_Place_For_Us,reverb_l2,reverb,2,vocals,4.157852718773779,2.108620506910204,-3.814049768836096,-5.114441512808744
demucs,Carlos_Gonzalez_-_A_Place_For_Us,reverb_l2,reverb,2,drums,7.102087177087016,6.179153617673246,-0.10781298992836241,-0.1373113827928938
demucs,Carlos_Gonzalez_-_A_Place_For_Us,reverb_l2,reverb,2,bass,-3.098296943651549,-7.2786133300599785,-6.234780957685498,-7.683028673057955
demucs,Carlos_Gonzalez_-_A_Place_For_Us,reverb_l2,reverb,2,other,6.375448010219906,5.424108870278443,-0.5106077801104103,-0.5085209704148097
demucs,Carlos_Gonzalez_-_A_Place_For_Us,reverb_l3,reverb,3,vocals,3.110286124005345,0.24613904738516604,-4.86161636360453,-6.9769229723337824
demucs,Carlos_Gonzalez_-_A_Place_For_Us,reverb_l3,reverb,3,drums,7.13717415314732,6.223305525904985,-0.07272601386805899,-0.09315947456115481
demucs,Carlos_Gonzalez_-_A_Place_For_Us,reverb_l3,reverb,3,bass,-4.607487791264167,-9.028892525408006,-7.743971805298116,-9.433307868405983
demucs,Carlos_Gonzalez_-_A_Place_For_Us,reverb_l3,reverb,3,other,6.334505261808145,5.406851776991685,-0.5515505285221716,-0.5257780637015674
demucs,Carlos_Gonzalez_-_A_Place_For_Us,reverb_l4,reverb,4,vocals,2.919059987570897,-0.14274702059343242,-5.052842500038978,-7.3658090403123815
demucs,Carlos_Gonzalez_-_A_Place_For_Us,reverb_l4,reverb,4,drums,7.15300026243774,6.2446556124000105,-0.05689990457763905,-0.07180938806612946
demucs,Carlos_Gonzalez_-_A_Place_For_Us,reverb_l4,reverb,4,bass,-4.859713351819673,-9.300465880505307,-7.9961973658536225,-9.704881223503284
demucs,Carlos_Gonzalez_-_A_Place_For_Us,reverb_l4,reverb,4,other,6.281168544356581,5.352396730064008,-0.6048872459737353,-0.5802331106292442
spleeter,Cristina_Vane_-_So_Easy,bitcrush_l1,bitcrush,1,vocals,8.201269674381695,7.490173199029072,-0.6476655525653126,-0.753819132609471
spleeter,Cristina_Vane_-_So_Easy,bitcrush_l1,bitcrush,1,drums,9.575158611842589,9.068646066094166,-0.08128770236008442,-0.09065194581568647
spleeter,Cristina_Vane_-_So_Easy,bitcrush_l1,bitcrush,1,bass,3.731478888158482,1.3582191200838336,-0.007195101613277188,-0.013985383645223948
spleeter,Cristina_Vane_-_So_Easy,bitcrush_l1,bitcrush,1,other,3.7827951717928405,1.7868543199282794,-0.11672668922894935,-0.14721621571985444
spleeter,Cristina_Vane_-_So_Easy,bitcrush_l2,bitcrush,2,vocals,8.204324144847439,7.493782798228281,-0.6446110820995692,-0.7502095334102616
spleeter,Cristina_Vane_-_So_Easy,bitcrush_l2,bitcrush,2,drums,9.57538820311701,9.068937267662335,-0.08105811108566385,-0.09036074424751739
spleeter,Cristina_Vane_-_So_Easy,bitcrush_l2,bitcrush,2,bass,3.730232609493048,1.356166690679586,-0.008441380278711108,-0.016037813049471605
spleeter,Cristina_Vane_-_So_Easy,bitcrush_l2,bitcrush,2,other,3.7836773930873773,1.7866343137657947,-0.11584446793441261,-0.14743622188233907
spleeter,Cristina_Vane_-_So_Easy,bitcrush_l3,bitcrush,3,vocals,8.201650679426457,7.490820008659419,-0.6472845475205506,-0.7531723229791236
spleeter,Cristina_Vane_-_So_Easy,bitcrush_l3,bitcrush,3,drums,9.56878434814701,9.061743780263791,-0.08766196605566279,-0.09755423164606114
spleeter,Cristina_Vane_-_So_Easy,bitcrush_l3,bitcrush,3,bass,3.7329070264998676,1.3613261693783696,-0.005766963271891523,-0.010878334350687968
spleeter,Cristina_Vane_-_So_Easy,bitcrush_l3,bitcrush,3,other,3.791287556285681,1.788059997506276,-0.10823430473610873,-0.14601053814185772
spleeter,Cristina_Vane_-_So_Easy,bitcrush_l4,bitcrush,4,vocals,7.9990922333211,7.2507853699752545,-0.8498429936259075,-0.9932069616632884
spleeter,Cristina_Vane_-_So_Easy,bitcrush_l4,bitcrush,4,drums,9.471532672748292,8.952845436522223,-0.18491364145438105,-0.20645257538762962
spleeter,Cristina_Vane_-_So_Easy,bitcrush_l4,bitcrush,4,bass,3.7330831113930634,1.3714319206311243,-0.005590878378695763,-0.000772583097933266
spleeter,Cristina_Vane_-_So_Easy,bitcrush_l4,bitcrush,4,other,3.7120240051763043,1.6646105365425026,-0.18749785584548562,-0.26945999910563123
spleeter,Cristina_Vane_-_So_Easy,compression_l1,compression,1,vocals,8.794423436755313,8.182240402992454,-0.05451179019169494,-0.06175192864608903
spleeter,Cristina_Vane_-_So_Easy,compression_l1,compression,1,drums,9.634333736042963,9.134700708055682,-0.02211257815971024,-0.02459730385417025
spleeter,Cristina_Vane_-_So_Easy,compression_l1,compression,1,bass,3.725557149436422,1.3501572862241433,-0.013116840335336999,-0.02204721750491423
spleeter,Cristina_Vane_-_So_Easy,compression_l1,compression,1,other,3.9025009196429608,1.9220393476384745,0.0029790586211708714,-0.0120311880096593
spleeter,Cristina_Vane_-_So_Easy,compression_l2,compression,2,vocals,8.665447390429291,8.03471277450312,-0.18348783651771683,-0.20927955713542268
spleeter,Cristina_Vane_-_So_Easy,compression_l2,compression,2,drums,9.585439459962982,9.08029404870859,-0.07100685423969111,-0.0790039632012629
spleeter,Cristina_Vane_-_So_Easy,compression_l2,compression,2,bass,3.685389572237008,1.2838639582093907,-0.05328441753475133,-0.08834054551966686
spleeter,Cristina_Vane_-_So_Easy,compression_l2,compression,2,other,3.9051590684388433,1.8964613791981564,0.005637207417053425,-0.03760915644997742
spleeter,Cristina_Vane_-_So_Easy,compression_l3,compression,3,vocals,8.559060611492404,7.912369425466268,-0.2898746154546039,-0.3316229061722744
spleeter,Cristina_Vane_-_So_Easy,compression_l3,compression,3,drums,9.540462045003475,9.030120261431534,-0.11598426919919902,-0.12917775047831803
spleeter,Cristina_Vane_-_So_Easy,compression_l3,compression,3,bass,3.6638890771026023,1.2472266822686944,-0.07478491266915688,-0.12497782146036318
spleeter,Cristina_Vane_-_So_Easy,compression_l3,compression,3,other,3.8919537694215283,1.8733264268339016,-0.007568091600261617,-0.0607441088142322
spleeter,Cristina_Vane_-_So_Easy,compression_l4,compression,4,vocals,8.541275991519088,7.892118312717834,-0.30765923542791995,-0.351874018920709
spleeter,Cristina_Vane_-_So_Easy,compression_l4,compression,4,drums,9.524211877692235,9.010992703967428,-0.13223443651043887,-0.14830530794242414
spleeter,Cristina_Vane_-_So_Easy,compression_l4,compression,4,bass,3.6572046812584125,1.2410629215701534,-0.08146930851334666,-0.13114158215890415
spleeter,Cristina_Vane_-_So_Easy,compression_l4,compression,4,other,3.8950791387561634,1.8858680900670826,-0.004442722265626475,-0.048202445581051245
spleeter,Cristina_Vane_-_So_Easy,delay_l1,delay,1,vocals,8.612981000897275,7.969962003525586,-0.23595422604973315,-0.274030328112957
spleeter,Cristina_Vane_-_So_Easy,delay_l1,delay,1,drums,9.603707071099928,9.100092559949385,-0.0527392431027458,-0.05920545196046767
spleeter,Cristina_Vane_-_So_Easy,delay_l1,delay,1,bass,3.743820843935206,1.3888149426029077,0.005146854163446957,0.016610438873850164
spleeter,Cristina_Vane_-_So_Easy,delay_l1,delay,1,other,3.7916610694137636,1.7825205594138327,-0.10786079160802631,-0.1515499762343011
spleeter,Cristina_Vane_-_So_Easy,delay_l2,delay,2,vocals,7.472255461355296,6.62384653383161,-1.376679765591712,-1.6201457978069325
spleeter,Cristina_Vane_-_So_Easy,delay_l2,delay,2,drums,9.546726989072518,9.036104041892077,-0.10971932513015581,-0.1231939700177751
spleeter,Cristina_Vane_-_So_Easy,delay_l2,delay,2,bass,3.77218061374003,1.4442521878686527,0.033506623968270866,0.07204768413959517
spleeter,Cristina_Vane_-_So_Easy,delay_l2,delay,2,other,3.301554824092645,1.1398840172483606,-0.5979670369291448,-0.7941865183997732
spleeter,Cristina_Vane_-_So_Easy,delay_l3,delay,3,vocals,6.571667003665148,5.513599753861338,-2.27726822328186,-2.730392577777205
spleeter,Cristina_Vane_-_So_Easy,delay_l3,delay,3,drums,9.522372444575906,9.008444353241224,-0.13407386962676782,-0.15085365866862865
spleeter,Cristina_Vane_-_So_Easy,delay_l3,delay,3,bass,3.7384795790891667,1.390288784136164,-0.00019441068259240524,0.018084280407106412
spleeter,Cristina_Vane_-_So_Easy,delay_l3,delay,3,other,2.836012411817345,0.5293863533457132,-1.063509449204445,-1.4046841823024208
spleeter,Cristina_Vane_-_So_Easy,delay_l4,delay,4,vocals,5.902872321827796,4.645635657052633,-2.946062905119212,-3.5983566745859097
spleeter,Cristina_Vane_-_So_Easy,delay_l4,delay,4,drums,9.442950761711302,8.918917336630635,-0.21349555249137175,-0.24038067527921747
spleeter,Cristina_Vane_-_So_Easy,delay_l4,delay,4,bass,3.7063675154633953,1.3221047602502567,-0.032306474308363864,-0.05009974347880086
spleeter,Cristina_Vane_-_So_Easy,delay_l4,delay,4,other,2.3976599685705295,-0.0031972481054554384,-1.5018618924512603,-1.9372677837535892
spleeter,Cristina_Vane_-_So_Easy,original,original,0,vocals,8.848935226947008,8.243992331638543,0.0,0.0
spleeter,Cristina_Vane_-_So_Easy,original,original,0,drums,9.656446314202674,9.159298011909852,0.0,0.0
spleeter,Cristina_Vane_-_So_Easy,original,original,0,bass,3.738673989771759,1.3722045037290576,0.0,0.0
spleeter,Cristina_Vane_-_So_Easy,original,original,0,other,3.89952186102179,1.9340705356481338,0.0,0.0
spleeter,Cristina_Vane_-_So_Easy,reverb_l1,reverb,1,vocals,8.783809676523296,8.169436525448411,-0.06512555042371204,-0.07455580619013169
spleeter,Cristina_Vane_-_So_Easy,reverb_l1,reverb,1,drums,9.60449452127995,9.101001892880847,-0.05195179292272378,-0.058296119029005666
spleeter,Cristina_Vane_-_So_Easy,reverb_l1,reverb,1,bass,3.776937680934042,1.446192262233952,0.038263691162282676,0.07398775850489447
spleeter,Cristina_Vane_-_So_Easy,reverb_l1,reverb,1,other,3.8937100272091385,1.8957542091433999,-0.005811833812651379,-0.03831632650473393
spleeter,Cristina_Vane_-_So_Easy,reverb_l2,reverb,2,vocals,8.14488572868669,7.422496539622038,-0.7040494982603178,-0.8214957920165045
spleeter,Cristina_Vane_-_So_Easy,reverb_l2,reverb,2,drums,9.547816830886811,9.037396446169087,-0.10862948331586253,-0.1219015657407656
spleeter,Cristina_Vane_-_So_Easy,reverb_l2,reverb,2,bass,3.786012014094855,1.4831516449137896,0.04733802432309586,0.11094714118473203
spleeter,Cristina_Vane_-_So_Easy,reverb_l2,reverb,2,other,3.5840065173554017,1.4894048064125778,-0.3155153436663882,-0.44466572923555603
spleeter,Cristina_Vane_-_So_Easy,reverb_l3,reverb,3,vocals,7.6792804837967585,6.871552594771346,-1.1696547431502493,-1.3724397368671966
spleeter,Cristina_Vane_-_So_Easy,reverb_l3,reverb,3,drums,9.586022739148083,9.080238482030206,-0.07042357505459051,-0.07905952987964682
spleeter,Cristina_Vane_-_So_Easy,reverb_l3,reverb,3,bass,3.779037692425706,1.4681557843818127,0.04036370265394673,0.09595128065275516
spleeter,Cristina_Vane_-_So_Easy,reverb_l3,reverb,3,other,3.3049846436847523,1.182107387712766,-0.5945372173370376,-0.7519631479353679
spleeter,Cristina_Vane_-_So_Easy,reverb_l4,reverb,4,vocals,7.5983831967908255,6.77567135920375,-1.2505520301561823,-1.4683209724347925
spleeter,Cristina_Vane_-_So_Easy,reverb_l4,reverb,4,drums,9.605912334864094,9.102562019583791,-0.050533979338579726,-0.05673599232606108
spleeter,Cristina_Vane_-_So_Easy,reverb_l4,reverb,4,bass,3.7814903571231966,1.4639279945602446,0.04281636735143746,0.09172349083118703
spleeter,Cristina_Vane_-_So_Easy,reverb_l4,reverb,4,other,3.250011967975298,1.143259586881449,-0.649509893046492,-0.7908109487666848
demucs,Cristina_Vane_-_So_Easy,bitcrush_l1,bitcrush,1,vocals,10.509638002625907,10.106938255052977,-0.3826005055044863,-0.4170248706617823
demucs,Cristina_Vane_-_So_Easy,bitcrush_l1,bitcrush,1,drums,13.663005212202123,13.472295119829042,-0.10213787034811617,-0.10688340952129494
demucs,Cristina_Vane_-_So_Easy,bitcrush_l1,bitcrush,1,bass,6.905765262907549,5.916204881555308,0.045705384827779305,0.05783981363682322
demucs,Cristina_Vane_-_So_Easy,bitcrush_l1,bitcrush,1,other,5.765688880907312,4.500293917544371,-0.07394948752034392,-0.07292104383759401
demucs,Cristina_Vane_-_So_Easy,bitcrush_l2,bitcrush,2,vocals,10.505374108540275,10.10255549008309,-0.3868643995901184,-0.4214076356316703
demucs,Cristina_Vane_-_So_Easy,bitcrush_l2,bitcrush,2,drums,13.625202645352521,13.432862455849355,-0.13994043719771732,-0.14631607350098186
demucs,Cristina_Vane_-_So_Easy,bitcrush_l2,bitcrush,2,bass,6.839405399200484,5.831992853885788,-0.020654478879285065,-0.02637221403269674
demucs,Cristina_Vane_-_So_Easy,bitcrush_l2,bitcrush,2,other,5.7220274813813,4.444255439226864,-0.11761088704635636,-0.12895952215510142
demucs,Cristina_Vane_-_So_Easy,bitcrush_l3,bitcrush,3,vocals,10.500396039855067,10.096160320677921,-0.39184246827532654,-0.42780280503683876
demucs,Cristina_Vane_-_So_Easy,bitcrush_l3,bitcrush,3,drums,13.633855393626162,13.441943062575861,-0.13128768892407727,-0.1372354667744755
demucs,Cristina_Vane_-_So_Easy,bitcrush_l3,bitcrush,3,bass,6.8618465439465615,5.860419467868782,0.0017866658667919921,0.0020543999502971033
demucs,Cristina_Vane_-_So_Easy,bitcrush_l3,bitcrush,3,other,5.758034876733065,4.485159580926727,-0.08160349169459113,-0.08805538045523864
demucs,Cristina_Vane_-_So_Easy,bitcrush_l4,bitcrush,4,vocals,10.12692994131855,9.68540536904558,-0.7653085668118429,-0.8385577566691804
demucs,Cristina_Vane_-_So_Easy,bitcrush_l4,bitcrush,4,drums,13.406215252784728,13.203548121102068,-0.35892782976551096,-0.3756304082482682
demucs,Cristina_Vane_-_So_Easy,bitcrush_l4,bitcrush,4,bass,6.7981301938650684,5.78081830321056,-0.06192968421470102,-0.07754676470792532
demucs,Cristina_Vane_-_So_Easy,bitcrush_l4,bitcrush,4,other,5.66421695888597,4.368141321536601,-0.17542140954168595,-0.20507363984536386
demucs,Cristina_Vane_-_So_Easy,compression_l1,compression,1,vocals,10.86308971342426,10.492325237739148,-0.029148794706133074,-0.03163788797561118
demucs,Cristina_Vane_-_So_Easy,compression_l1,compression,1,drums,13.744026358046309,13.557217689168802,-0.021116724503929873,-0.02196084018153499
demucs,Cristina_Vane_-_So_Easy,compression_l1,compression,1,bass,6.848152582017653,5.843230890106673,-0.011907296062116046,-0.015134177811812144
demucs,Cristina_Vane_-_So_Easy,compression_l1,compression,1,other,5.826249234385142,4.557463265054046,-0.013389134042514073,-0.015751696327919618
demucs,Cristina_Vane_-_So_Easy,compression_l2,compression,2,vocals,10.721321504103996,10.338461673222097,-0.1709170040263981,-0.18550145249266237
demucs,Cristina_Vane_-_So_Easy,compression_l2,compression,2,drums,13.677797623266281,13.488043208507692,-0.08734545928395754,-0.09113532084264442
demucs,Cristina_Vane_-_So_Easy,compression_l2,compression,2,bass,6.90606208267437,5.916138213008346,0.04600220459460047,0.05777314508986109
demucs,Cristina_Vane_-_So_Easy,compression_l2,compression,2,other,5.81881356628979,4.5371316419465515,-0.020824802137866527,-0.03608331943541376
demucs,Cristina_Vane_-_So_Easy,compression_l3,compression,3,vocals,10.643521512127341,10.254337218071807,-0.24871699600305242,-0.26962590764295236
demucs,Cristina_Vane_-_So_Easy,compression_l3,compression,3,drums,13.633363777150016,13.441211181647713,-0.1317793054002223,-0.13796734770262375
demucs,Cristina_Vane_-_So_Easy,compression_l3,compression,3,bass,6.886829158912276,5.892329415096267,0.026769280832506404,0.03396434717778174
demucs,Cristina_Vane_-_So_Easy,compression_l3,compression,3,other,5.803525100958352,4.5121326486546085,-0.03611326746930388,-0.06108231272735676
demucs,Cristina_Vane_-_So_Easy,compression_l4,compression,4,vocals,10.566404374535727,10.201036321885823,-0.3258341335946664,-0.32292680382893657
demucs,Cristina_Vane_-_So_Easy,compression_l4,compression,4,drums,13.59430845755024,13.400500469856297,-0.17083462499999946,-0.1786780594940396
demucs,Cristina_Vane_-_So_Easy,compression_l4,compression,4,bass,6.87704655519524,5.879811608429607,0.016986677115470528,0.02144654051112216
demucs,Cristina_Vane_-_So_Easy,compression_l4,compression,4,other,5.814856008026736,4.526138621160709,-0.024782360400919856,-0.047076340221256174
demucs,Cristina_Vane_-_So_Easy,delay_l1,delay,1,vocals,10.445734221812625,10.034990460169265,-0.4465042863177686,-0.4889726655454947
demucs,Cristina_Vane_-_So_Easy,delay_l1,delay,1,drums,13.719377445179974,13.53159592187794,-0.0457656373702644,-0.04758260747239618
demucs,Cristina_Vane_-_So_Easy,delay_l1,delay,1,bass,6.922177028339155,5.936357591583171,0.062117150259385134,0.0779925236646859
demucs,Cristina_Vane_-_So_Easy,delay_l1,delay,1,other,5.702970974052597,4.397577416388114,-0.13666739437505893,-0.17563754499385098
demucs,Cristina_Vane_-_So_Easy,delay_l2,delay,2,vocals,9.346056130321637,8.81830871153056,-1.5461823778087567,-1.705654414184199
demucs,Cristina_Vane_-_So_Easy,delay_l2,delay,2,drums,13.616506961603235,13.424246609820674,-0.1486361209470033,-0.15493191952966257
demucs,Cristina_Vane_-_So_Easy,delay_l2,delay,2,bass,6.906860347945882,5.91693230906423,0.046800469866112415,0.058567241145745186
demucs,Cristina_Vane_-_So_Easy,delay_l2,delay,2,other,5.26295498625214,3.827873120549059,-0.5766833821755162,-0.7453418408329062
demucs,Cristina_Vane_-_So_Easy,delay_l3,delay,3,vocals,8.385205949232464,7.743147311961456,-2.5070325588979294,-2.7808158137533034
demucs,Cristina_Vane_-_So_Easy,delay_l3,delay,3,drums,13.502434755376155,13.304701181355815,-0.2627083271740833,-0.2744773479945213
demucs,Cristina_Vane_-_So_Easy,delay_l3,delay,3,bass,6.87962473269783,5.882643391776135,0.01956485461806068,0.02427832385764983
demucs,Cristina_Vane_-_So_Easy,delay_l3,delay,3,other,4.754617357922781,3.201004495492498,-1.0850210105048754,-1.3722104658894674
demucs,Cristina_Vane_-_So_Easy,delay_l4,delay,4,vocals,7.71442703098054,6.969040856973311,-3.177811477149854,-3.554922268741449
demucs,Cristina_Vane_-_So_Easy,delay_l4,delay,4,drums,13.468475207302713,13.269220990630291,-0.29666787524752536,-0.3099575387200453
demucs,Cristina_Vane_-_So_Easy,delay_l4,delay,4,bass,6.8988200386334855,5.906891176779487,0.038760160553716005,0.04852610886100184
demucs,Cristina_Vane_-_So_Easy,delay_l4,delay,4,other,4.387800402838048,2.7137997347642777,-1.4518379655896085,-1.8594152266176875
demucs,Cristina_Vane_-_So_Easy,original,original,0,vocals,10.892238508130394,10.52396312571476,0.0,0.0
demucs,Cristina_Vane_-_So_Easy,original,original,0,drums,13.765143082550239,13.579178529350337,0.0,0.0
demucs,Cristina_Vane_-_So_Easy,original,original,0,bass,6.8600598780797695,5.858365067918485,0.0,0.0
demucs,Cristina_Vane_-_So_Easy,original,original,0,other,5.839638368427656,4.573214961381965,0.0,0.0
demucs,Cristina_Vane_-_So_Easy,reverb_l1,reverb,1,vocals,10.620614467013452,10.226825920668505,-0.27162404111694194,-0.29713720504625485
demucs,Cristina_Vane_-_So_Easy,reverb_l1,reverb,1,drums,13.73545865832925,13.548273351555785,-0.029684424220988603,-0.030905177794551264
demucs,Cristina_Vane_-_So_Easy,reverb_l1,reverb,1,bass,6.93903229508452,5.9581208793481,0.0789724170047501,0.0997558114296151
demucs,Cristina_Vane_-_So_Easy,reverb_l1,reverb,1,other,5.749230923838446,4.465249240471389,-0.09040744458921068,-0.10796572091057666
demucs,Cristina_Vane_-_So_Easy,reverb_l2,reverb,2,vocals,9.754617857263964,9.2817752909039,-1.1376206508664293,-1.24218783481086
demucs,Cristina_Vane_-_So_Easy,reverb_l2,reverb,2,drums,13.748286278443857,13.56190938970207,-0.01685680410638213,-0.01726913964826693
demucs,Cristina_Vane_-_So_Easy,reverb_l2,reverb,2,bass,6.9281023705005325,5.944053975609982,0.06804249242076299,0.08568890769149728
demucs,Cristina_Vane_-_So_Easy,reverb_l2,reverb,2,other,5.395778649325517,4.038565028788482,-0.4438597191021394,-0.5346499325934833
demucs,Cristina_Vane_-_So_Easy,reverb_l3,reverb,3,vocals,9.688173564600685,9.221048984989745,-1.2040649435297084,-1.302914140725015
demucs,Cristina_Vane_-_So_Easy,reverb_l3,reverb,3,drums,13.802336958000001,13.618388562976856,0.037193875449762714,0.03921003362651909
demucs,Cristina_Vane_-_So_Easy,reverb_l3,reverb,3,bass,6.943099107539268,5.962443101371634,0.08303922945949882,0.10407803345314903
demucs,Cristina_Vane_-_So_Easy,reverb_l3,reverb,3,other,5.3920566025570915,4.046192492344658,-0.44758176587056475,-0.5270224690373073
demucs,Cristina_Vane_-_So_Easy,reverb_l4,reverb,4,vocals,9.517249864118599,9.036770617353847,-1.374988644011795,-1.4871925083609128
demucs,Cristina_Vane_-_So_Easy,reverb_l4,reverb,4,drums,13.818921997677688,13.635561151949805,0.05377891512744881,0.056382622599468135
demucs,Cristina_Vane_-_So_Easy,reverb_l4,reverb,4,bass,6.934569701942106,5.9516807104859595,0.07450982386233651,0.09331564256747438
demucs,Cristina_Vane_-_So_Easy,reverb_l4,reverb,4,other,5.290093079651632,3.9227736059960487,-0.5495452887760246,-0.6504413553859165
spleeter,Detsky_Sad_-_Walkie_Talkie,bitcrush_l1,bitcrush,1,vocals,3.3177062215806625,2.5201003535897577,-0.20699764407133658,-0.4454288332930809
spleeter,Detsky_Sad_-_Walkie_Talkie,bitcrush_l1,bitcrush,1,drums,4.943788751108763,3.2673315115359536,-0.01475333842765103,-0.021533045085453395
spleeter,Detsky_Sad_-_Walkie_Talkie,bitcrush_l1,bitcrush,1,bass,1.4281328844655004,-4.058857916646362,0.05469522149846484,0.19705688076927075
spleeter,Detsky_Sad_-_Walkie_Talkie,bitcrush_l1,bitcrush,1,other,1.2485932292167414,-0.6181795520650872,-0.014169777458530985,0.00712415819923784
spleeter,Detsky_Sad_-_Walkie_Talkie,bitcrush_l2,bitcrush,2,vocals,3.316384416608536,2.5170266693805243,-0.20831944904346322,-0.4485025175023143
spleeter,Detsky_Sad_-_Walkie_Talkie,bitcrush_l2,bitcrush,2,drums,4.943475604168971,3.2668745057630026,-0.01506648536744315,-0.02199005085840433
spleeter,Detsky_Sad_-_Walkie_Talkie,bitcrush_l2,bitcrush,2,bass,1.4289903659127736,-4.055662052748728,0.05555270294573811,0.2002527446669049
spleeter,Detsky_Sad_-_Walkie_Talkie,bitcrush_l2,bitcrush,2,other,1.248427568211836,-0.6179017443422075,-0.014335438463436434,0.007401965922117615
spleeter,Detsky_Sad_-_Walkie_Talkie,bitcrush_l3,bitcrush,3,vocals,3.31515250888786,2.514651817651325,-0.20955135676413894,-0.45087736923151356
spleeter,Detsky_Sad_-_Walkie_Talkie,bitcrush_l3,bitcrush,3,drums,4.943680208992914,3.267175906121982,-0.014861880543500128,-0.021688650499425144
spleeter,Detsky_Sad_-_Walkie_Talkie,bitcrush_l3,bitcrush,3,bass,1.4284110257321716,-4.0574488507580915,0.05497336276513609,0.19846594665754136
spleeter,Detsky_Sad_-_Walkie_Talkie,bitcrush_l3,bitcrush,3,other,1.249590530146326,-0.6158537521466421,-0.013172476528946486,0.00944995811768301
spleeter,Detsky_Sad_-_Walkie_Talkie,bitcrush_l4,bitcrush,4,vocals,3.3118329458420144,2.456006618788124,-0.21287091980998474,-0.5095225680947144
spleeter,Detsky_Sad_-_Walkie_Talkie,bitcrush_l4,bitcrush,4,drums,4.932457952859729,3.2505228670924327,-0.026084136676685077,-0.03834168952897432
spleeter,Detsky_Sad_-_Walkie_Talkie,bitcrush_l4,bitcrush,4,bass,1.4530815122572347,-3.9706592581353717,0.07964384929019919,0.28525553928026115
spleeter,Detsky_Sad_-_Walkie_Talkie,bitcrush_l4,bitcrush,4,other,1.238286278759306,-0.6228282078745742,-0.024476727915966334,0.0024755023897509165
spleeter,Detsky_Sad_-_Walkie_Talkie,compression_l1,compression,1,vocals,3.4155950069328926,2.8058522222439968,-0.10910885871910647,-0.15967696463884185
spleeter,Detsky_Sad_-_Walkie_Talkie,compression_l1,compression,1,drums,4.939073963019963,3.2601212345004678,-0.019468126516451356,-0.02874332212093922
spleeter,Detsky_Sad_-_Walkie_Talkie,compression_l1,compression,1,bass,1.3686563300238026,-4.274086005857363,-0.004781332943232908,-0.018171208441730258
spleeter,Detsky_Sad_-_Walkie_Talkie,compression_l1,compression,1,other,1.262898696399284,-0.630981162578974,0.00013568972401167834,-0.00567745231464889
spleeter,Detsky_Sad_-_Walkie_Talkie,compression_l2,compression,2,vocals,3.236109509483345,2.5204627834392292,-0.2885943561686539,-0.44506640344360937
spleeter,Detsky_Sad_-_Walkie_Talkie,compression_l2,compression,2,drums,4.914884555233991,3.224319790676786,-0.04365753430242325,-0.06454476594462077
spleeter,Detsky_Sad_-_Walkie_Talkie,compression_l2,compression,2,bass,1.378926290095512,-4.234971318600106,0.00548862712847642,0.020943478815526717
spleeter,Detsky_Sad_-_Walkie_Talkie,compression_l2,compression,2,other,1.2723620027856213,-0.627559725659186,0.009598996110348867,-0.0022560153948609774
spleeter,Detsky_Sad_-_Walkie_Talkie,compression_l3,compression,3,vocals,3.3091175553072465,2.4382017878030067,-0.21558631034475262,-0.527327399079832
spleeter,Detsky_Sad_-_Walkie_Talkie,compression_l3,compression,3,drums,4.87701980341461,3.168232886320102,-0.08152228612180412,-0.12063167030130506
spleeter,Detsky_Sad_-_Walkie_Talkie,compression_l3,compression,3,bass,1.2269176508673376,-4.793508862467718,-0.1465200120996979,-0.537594065052085
spleeter,Detsky_Sad_-_Walkie_Talkie,compression_l3,compression,3,other,1.2419909985202673,-0.6259330110604598,-0.02077200815500513,-0.0006293007961347685
spleeter,Detsky_Sad_-_Walkie_Talkie,compression_l4,compression,4,vocals,3.1698129774844768,1.9985614801860387,-0.35489088816752234,-0.9669677066967999
spleeter,Detsky_Sad_-_Walkie_Talkie,compression_l4,compression,4,drums,4.664851502674141,2.868111490836314,-0.29369058686227323,-0.42075306578509286
spleeter,Detsky_Sad_-_Walkie_Talkie,compression_l4,compression,4,bass,0.6247976285015656,-8.063469075361386,-0.7486400344654699,-3.807554277945753
spleeter,Detsky_Sad_-_Walkie_Talkie,compression_l4,compression,4,other,1.055335745495171,-0.8851203269321052,-0.20742726118010135,-0.2598166166677801
spleeter,Detsky_Sad_-_Walkie_Talkie,delay_l1,delay,1,vocals,3.351244320102125,2.6888915705231105,-0.17345954554987397,-0.27663761635972817
spleeter,Detsky_Sad_-_Walkie_Talkie,delay_l1,delay,1,drums,4.952796956276782,3.280532010972591,-0.005745133259631885,-0.008332545648816136
spleeter,Detsky_Sad_-_Walkie_Talkie,delay_l1,delay,1,bass,1.4450859721518918,-3.9904701948907917,0.07164830918485632,0.26544460252484114
spleeter,Detsky_Sad_-_Walkie_Talkie,delay_l1,delay,1,other,1.2825045512837785,-0.628938839187497,0.01974154460850608,-0.0036351289231719708
spleeter,Detsky_Sad_-_Walkie_Talkie,delay_l2,delay,2,vocals,3.050621605866474,2.146989792528003,-0.4740822597855252,-0.8185393943548358
spleeter,Detsky_Sad_-_Walkie_Talkie,delay_l2,delay,2,drums,4.918719836777788,3.2300740522027254,-0.0398222527586265,-0.05879050441868161
spleeter,Detsky_Sad_-_Walkie_Talkie,delay_l2,delay,2,bass,1.3587408093001412,-4.2860879230390765,-0.014696853666894327,-0.030173125623443653
spleeter,Detsky_Sad_-_Walkie_Talkie,delay_l2,delay,2,other,1.2550010806614444,-0.675042943510017,-0.007761926013827969,-0.04973923324569196
spleeter,Detsky_Sad_-_Walkie_Talkie,delay_l3,delay,3,vocals,2.650889004791899,1.476652335189902,-0.8738148608601,-1.4888768516929367
spleeter,Detsky_Sad_-_Walkie_Talkie,delay_l3,delay,3,drums,4.885224985475367,3.1806634754599776,-0.07331710406104719,-0.10820108116142935
spleeter,Detsky_Sad_-_Walkie_Talkie,delay_l3,delay,3,bass,1.2770192954730566,-4.55920899395905,-0.09641836749397892,-0.30329419654341727
spleeter,Detsky_Sad_-_Walkie_Talkie,delay_l3,delay,3,other,1.1562199874033208,-0.8129407455810077,-0.10654301927195164,-0.18763703531668263
spleeter,Detsky_Sad_-_Walkie_Talkie,delay_l4,delay,4,vocals,2.485967480043012,1.020994025470892,-1.038736385608987,-1.9445351614119466
spleeter,Detsky_Sad_-_Walkie_Talkie,delay_l4,delay,4,drums,4.82859833547346,3.0963888479943193,-0.12994375406295422,-0.19247570862708763
spleeter,Detsky_Sad_-_Walkie_Talkie,delay_l4,delay,4,bass,1.1857375999432496,-4.87957876759063,-0.18770006302378595,-0.6236639701749969
spleeter,Detsky_Sad_-_Walkie_Talkie,delay_l4,delay,4,other,1.0563754785300337,-0.9160432588897425,-0.20638752814523875,-0.2907395486254174
spleeter,Detsky_Sad_-_Walkie_Talkie,original,original,0,vocals,3.524703865651999,2.9655291868828386,0.0,0.0
spleeter,Detsky_Sad_-_Walkie_Talkie,original,original,0,drums,4.958542089536414,3.288864556621407,0.0,0.0
spleeter,Detsky_Sad_-_Walkie_Talkie,original,original,0,bass,1.3734376629670355,-4.255914797415633,0.0,0.0
spleeter,Detsky_Sad_-_Walkie_Talkie,original,original,0,other,1.2627630066752724,-0.6253037102643251,0.0,0.0
spleeter,Detsky_Sad_-_Walkie_Talkie,reverb_l1,reverb,1,vocals,3.383196929376704,2.8003770459717643,-0.1415069362752952,-0.16515214091107433
spleeter,Detsky_Sad_-_Walkie_Talkie,reverb_l1,reverb,1,drums,4.971258324892797,3.3080085858871384,0.012716235356382555,0.019144029265731444
spleeter,Detsky_Sad_-_Walkie_Talkie,reverb_l1,reverb,1,bass,1.470759720047676,-3.9080003057326844,0.09732205708064057,0.3479144916829484
spleeter,Detsky_Sad_-_Walkie_Talkie,reverb_l1,reverb,1,other,1.2884136577748166,-0.6294496264465754,0.02565065109954423,-0.004145916182250353
spleeter,Detsky_Sad_-_Walkie_Talkie,reverb_l2,reverb,2,vocals,3.1802584412116612,2.364441343377084,-0.3444454244403379,-0.6010878435057547
spleeter,Detsky_Sad_-_Walkie_Talkie,reverb_l2,reverb,2,drums,4.957201898382801,3.286614323936299,-0.0013401911536137234,-0.0022502326851081556
spleeter,Detsky_Sad_-_Walkie_Talkie,reverb_l2,reverb,2,bass,1.36557661148619,-4.272278967199711,-0.007861051480845482,-0.01636416978407773
spleeter,Detsky_Sad_-_Walkie_Talkie,reverb_l2,reverb,2,other,1.2264333684740505,-0.7201196673531736,-0.036329638201221925,-0.09481595708884849
spleeter,Detsky_Sad_-_Walkie_Talkie,reverb_l3,reverb,3,vocals,3.3477065267762574,2.5489229523018944,-0.17699733887574176,-0.41660623458094426
spleeter,Detsky_Sad_-_Walkie_Talkie,reverb_l3,reverb,3,drums,4.9814200142352165,3.3220441421743048,0.022877924698802232,0.033179585552897795
spleeter,Detsky_Sad_-_Walkie_Talkie,reverb_l3,reverb,3,bass,1.3999775792662195,-4.140977137470017,0.026539916299183952,0.11493765994561578
spleeter,Detsky_Sad_-_Walkie_Talkie,reverb_l3,reverb,3,other,1.2154976741084136,-0.7210355815717373,-0.04726533256685883,-0.09573187130741223
spleeter,Detsky_Sad_-_Walkie_Talkie,reverb_l4,reverb,4,vocals,3.450571335493891,2.712660874380916,-0.07413253015810817,-0.25286831250192243
spleeter,Detsky_Sad_-_Walkie_Talkie,reverb_l4,reverb,4,drums,4.992126245976402,3.3376785499161388,0.03358415643998747,0.048813993294731794
spleeter,Detsky_Sad_-_Walkie_Talkie,reverb_l4,reverb,4,bass,1.372647547893896,-4.23843378319879,-0.0007901150731395301,0.017481014216842894
spleeter,Detsky_Sad_-_Walkie_Talkie,reverb_l4,reverb,4,other,1.223001636519884,-0.7128278058701576,-0.0397613701553885,-0.08752409560583252
demucs,Detsky_Sad_-_Walkie_Talkie,bitcrush_l1,bitcrush,1,vocals,4.6820708266963305,3.9155687363086766,-0.12648696280641136,-0.35088937125796793
demucs,Detsky_Sad_-_Walkie_Talkie,bitcrush_l1,bitcrush,1,drums,5.907166176462989,4.646236694862318,-0.01594369849645272,-0.019111189753859392
demucs,Detsky_Sad_-_Walkie_Talkie,bitcrush_l1,bitcrush,1,bass,3.8649849150734585,1.5790306764461417,0.0040533813169232324,-0.012718174809133842
demucs,Detsky_Sad_-_Walkie_Talkie,bitcrush_l1,bitcrush,1,other,2.4319772860987054,0.677308173872528,-0.1308366486122292,-0.1293649649563393
demucs,Detsky_Sad_-_Walkie_Talkie,bitcrush_l2,bitcrush,2,vocals,4.667614412824428,3.90365123423238,-0.14094337667831347,-0.3628068733342644
demucs,Detsky_Sad_-_Walkie_Talkie,bitcrush_l2,bitcrush,2,drums,5.884285962028151,4.614437234632833,-0.03882391293129128,-0.05091064998334449
demucs,Detsky_Sad_-_Walkie_Talkie,bitcrush_l2,bitcrush,2,bass,3.891828296281959,1.6146398496415992,0.030896762525423505,0.02289099838632369
demucs,Detsky_Sad_-_Walkie_Talkie,bitcrush_l2,bitcrush,2,other,2.373806704859043,0.5930710612047273,-0.18900722985189145,-0.21360207762413996
demucs,Detsky_Sad_-_Walkie_Talkie,bitcrush_l3,bitcrush,3,vocals,4.603125054261085,3.8809673583225237,-0.20543273524165695,-0.38549074924412086
demucs,Detsky_Sad_-_Walkie_Talkie,bitcrush_l3,bitcrush,3,drums,5.899261150153686,4.635670814422175,-0.02384872480575595,-0.02967707019400212
demucs,Detsky_Sad_-_Walkie_Talkie,bitcrush_l3,bitcrush,3,bass,3.994270445794214,1.791612220551699,0.1333389120376789,0.19986336929642357
demucs,Detsky_Sad_-_Walkie_Talkie,bitcrush_l3,bitcrush,3,other,2.4753909638738367,0.6674771990458073,-0.08742297083709794,-0.13919593978306
demucs,Detsky_Sad_-_Walkie_Talkie,bitcrush_l4,bitcrush,4,vocals,4.464729207102463,3.6009251929141515,-0.34382858240027847,-0.6655329146524931
demucs,Detsky_Sad_-_Walkie_Talkie,bitcrush_l4,bitcrush,4,drums,5.845689459795649,4.564159253437511,-0.07742041516379317,-0.10118863117866628
demucs,Detsky_Sad_-_Walkie_Talkie,bitcrush_l4,bitcrush,4,bass,3.8806785095289436,1.6040274428616392,0.01974697577240825,0.012278591606363687
demucs,Detsky_Sad_-_Walkie_Talkie,bitcrush_l4,bitcrush,4,other,2.337956624564009,0.5388268366943786,-0.22485731014692556,-0.2678463021344887
demucs,Detsky_Sad_-_Walkie_Talkie,compression_l1,compression,1,vocals,4.638960903171265,4.065579129995093,-0.16959688633147696,-0.20087897757155115
demucs,Detsky_Sad_-_Walkie_Talkie,compression_l1,compression,1,drums,5.962676629842325,4.717268130067696,0.03956675488288308,0.05192024545151863
demucs,Detsky_Sad_-_Walkie_Talkie,compression_l1,compression,1,bass,4.146052336377072,2.0358212221451275,0.28512080262053674,0.44407237088985196
demucs,Detsky_Sad_-_Walkie_Talkie,compression_l1,compression,1,other,2.5211599526247426,0.7209940742643921,-0.04165398208619209,-0.08567906456447516
demucs,Detsky_Sad_-_Walkie_Talkie,compression_l2,compression,2,vocals,4.247433879241807,3.598095380992695,-0.5611239102609344,-0.6683627265739496
demucs,Detsky_Sad_-_Walkie_Talkie,compression_l2,compression,2,drums,5.9118710422690866,4.649573341208828,-0.011238832690355416,-0.01577454340734974
demucs,Detsky_Sad_-_Walkie_Talkie,compression_l2,compression,2,bass,3.8742792093839693,1.5963304479601703,0.013347675627433997,0.004581596704894775
demucs,Detsky_Sad_-_Walkie_Talkie,compression_l2,compression,2,other,2.5267224631616347,0.6921331286215217,-0.036091471549299925,-0.11454001020734561
demucs,Detsky_Sad_-_Walkie_Talkie,compression_l3,compression,3,vocals,4.302776226015527,3.5736599689065844,-0.5057815634872149,-0.6927981386600601
demucs,Detsky_Sad_-_Walkie_Talkie,compression_l3,compression,3,drums,5.9148286259212215,4.65251580957708,-0.008281249038220473,-0.012832075039097113
demucs,Detsky_Sad_-_Walkie_Talkie,compression_l3,compression,3,bass,3.945451524992329,1.706863735967098,0.08451999123579368,0.11511488471182241
demucs,Detsky_Sad_-_Walkie_Talkie,compression_l3,compression,3,other,2.487100595056103,0.6202836783994292,-0.07571333965483174,-0.18638946042943805
demucs,Detsky_Sad_-_Walkie_Talkie,compression_l4,compression,4,vocals,4.174698609373509,3.252161627238579,-0.6338591801292326,-1.0142964803280656
demucs,Detsky_Sad_-_Walkie_Talkie,compression_l4,compression,4,drums,5.982491425087751,4.737312501450454,0.05938155012830926,0.07196461683427646
demucs,Detsky_Sad_-_Walkie_Talkie,compression_l4,compression,4,bass,4.513063588544274,2.6562421098312905,0.6521320547877383,1.064493258576015
demucs,Detsky_Sad_-_Walkie_Talkie,compression_l4,compression,4,other,2.5586277582967556,0.7208391846978477,-0.004186176414179066,-0.08583395413101957
demucs,Detsky_Sad_-_Walkie_Talkie,delay_l1,delay,1,vocals,4.435456189011183,3.7802097923500098,-0.3731016004915588,-0.4862483152166348
demucs,Detsky_Sad_-_Walkie_Talkie,delay_l1,delay,1,drums,5.93168783784697,4.675974001473831,0.008577962887527768,0.010626116857653578
demucs,Detsky_Sad_-_Walkie_Talkie,delay_l1,delay,1,bass,3.999977615395326,1.7952891492179242,0.13904608163879084,0.2035402979626486
demucs,Detsky_Sad_-_Walkie_Talkie,delay_l1,delay,1,other,2.5261277685222256,0.7059471515654894,-0.03668616618870901,-0.10072598726337789
demucs,Detsky_Sad_-_Walkie_Talkie,delay_l2,delay,2,vocals,3.8920940106707262,3.036448004000337,-0.9164637788320156,-1.2300101035663076
demucs,Detsky_Sad_-_Walkie_Talkie,delay_l2,delay,2,drums,5.814668662921726,4.519935640878772,-0.10844121203771628,-0.1454122437374057
demucs,Detsky_Sad_-_Walkie_Talkie,delay_l2,delay,2,bass,3.8972306427858197,1.6596877116192135,0.03629910902928435,0.06793886036393793
demucs,Detsky_Sad_-_Walkie_Talkie,delay_l2,delay,2,other,2.4840660860509307,0.5837203594548216,-0.07874784866000395,-0.22295277937404567
demucs,Detsky_Sad_-_Walkie_Talkie,delay_l3,delay,3,vocals,3.5904491581451548,2.519883201121792,-1.218108631357587,-1.7465749064448524
demucs,Detsky_Sad_-_Walkie_Talkie,delay_l3,delay,3,drums,5.830678212597284,4.539059764435521,-0.09243166236215838,-0.12628812018065627
demucs,Detsky_Sad_-_Walkie_Talkie,delay_l3,delay,3,bass,3.776722439597975,1.4183406997606696,-0.08420909415856048,-0.17340815149460598
demucs,Detsky_Sad_-_Walkie_Talkie,delay_l3,delay,3,other,2.4371153298907973,0.5188459620627163,-0.1256986048201374,-0.287827176766151
demucs,Detsky_Sad_-_Walkie_Talkie,delay_l4,delay,4,vocals,3.451898903082611,2.2796199341774432,-1.356658886420131,-1.9868381733892013
demucs,Detsky_Sad_-_Walkie_Talkie,delay_l4,delay,4,drums,5.712473198437367,4.374928949037217,-0.21063667652207485,-0.2904189355789599
demucs,Detsky_Sad_-_Walkie_Talkie,delay_l4,delay,4,bass,3.452057077831186,0.9530693478915709,-0.40887445592534943,-0.6386795033637046
demucs,Detsky_Sad_-_Walkie_Talkie,delay_l4,delay,4,other,2.431698289461526,0.48062073221750656,-0.13111564524940844,-0.3260524066113607
demucs,Detsky_Sad_-_Walkie_Talkie,original,original,0,vocals,4.808557789502742,4.266458107566645,0.0,0.0
demucs,Detsky_Sad_-_Walkie_Talkie,original,original,0,drums,5.923109874959442,4.665347884616177,0.0,0.0
demucs,Detsky_Sad_-_Walkie_Talkie,original,original,0,bass,3.8609315337565353,1.5917488512552755,0.0,0.0
demucs,Detsky_Sad_-_Walkie_Talkie,original,original,0,other,2.5628139347109347,0.8066731388288673,0.0,0.0
demucs,Detsky_Sad_-_Walkie_Talkie,reverb_l1,reverb,1,vocals,4.503688788089785,3.882730685952796,-0.3048690014129569,-0.38372742161384865
demucs,Detsky_Sad_-_Walkie_Talkie,reverb_l1,reverb,1,drums,5.847834676139485,4.563640604737015,-0.07527519881995737,-0.10170727987916273
demucs,Detsky_Sad_-_Walkie_Talkie,reverb_l1,reverb,1,bass,3.600330033493839,1.1594262254909748,-0.26060150026269646,-0.4323226257643007
demucs,Detsky_Sad_-_Walkie_Talkie,reverb_l1,reverb,1,other,2.5409876028001097,0.7196642769109285,-0.021826331910824948,-0.08700886191793877
demucs,Detsky_Sad_-_Walkie_Talkie,reverb_l2,reverb,2,vocals,4.074009934934992,3.2018942432766755,-0.73454785456775,-1.064563864289969
demucs,Detsky_Sad_-_Walkie_Talkie,reverb_l2,reverb,2,drums,5.82954480009696,4.538529250230363,-0.09356507486248233,-0.1268186343858142
demucs,Detsky_Sad_-_Walkie_Talkie,reverb_l2,reverb,2,bass,3.3091068906862944,0.6333576301780862,-0.5518246430702409,-0.9583912210771893
demucs,Detsky_Sad_-_Walkie_Talkie,reverb_l2,reverb,2,other,2.499865183897225,0.6477945537326858,-0.06294875081370988,-0.15887858509618147
demucs,Detsky_Sad_-_Walkie_Talkie,reverb_l3,reverb,3,vocals,4.152248970855865,3.170788811540451,-0.6563088186468766,-1.0956692960261938
demucs,Detsky_Sad_-_Walkie_Talkie,reverb_l3,reverb,3,drums,5.956447801367279,4.7100462449453815,0.03333792640783706,0.044698360329204156
demucs,Detsky_Sad_-_Walkie_Talkie,reverb_l3,reverb,3,bass,3.815075672177306,1.4847880645964846,-0.04585586157922927,-0.10696078665879094
demucs,Detsky_Sad_-_Walkie_Talkie,reverb_l3,reverb,3,other,2.4657964725420074,0.6531132400061683,-0.09701746216892726,-0.15355989882269894
demucs,Detsky_Sad_-_Walkie_Talkie,reverb_l4,reverb,4,vocals,4.237047091914977,3.212228592154189,-0.5715106975877644,-1.0542295154124557
demucs,Detsky_Sad_-_Walkie_Talkie,reverb_l4,reverb,4,drums,5.931998827664612,4.6784143545061605,0.00888895270516965,0.013066469889983168
demucs,Detsky_Sad_-_Walkie_Talkie,reverb_l4,reverb,4,bass,3.6991137287417275,1.2905064802337467,-0.1618178050148078,-0.30124237102152884
demucs,Detsky_Sad_-_Walkie_Talkie,reverb_l4,reverb,4,other,2.437722164212066,0.6290334405372155,-0.12509177049886855,-0.17763969829165172
spleeter,Enda_Reilly_-_Cur_An_Long_Ag_Seol,bitcrush_l1,bitcrush,1,vocals,7.953780061822916,7.227761590622622,-0.3819421049643834,-0.4534609580866924
spleeter,Enda_Reilly_-_Cur_An_Long_Ag_Seol,bitcrush_l1,bitcrush,1,drums,4.973657983888185,3.7140030056125877,0.021625196541977587,0.024050253804134947
spleeter,Enda_Reilly_-_Cur_An_Long_Ag_Seol,bitcrush_l1,bitcrush,1,bass,3.552217264196511,2.1969459615124416,0.02932903149625643,0.024968312570529783
spleeter,Enda_Reilly_-_Cur_An_Long_Ag_Seol,bitcrush_l1,bitcrush,1,other,5.553221551936044,4.390681110976806,-0.0926923286981225,-0.10507496361107904
spleeter,Enda_Reilly_-_Cur_An_Long_Ag_Seol,bitcrush_l2,bitcrush,2,vocals,7.954742931124108,7.228862733685607,-0.38097923566319114,-0.4523598150237076
spleeter,Enda_Reilly_-_Cur_An_Long_Ag_Seol,bitcrush_l2,bitcrush,2,drums,4.98041126297782,3.723575992948211,0.028378475631612332,0.03362324113975834
spleeter,Enda_Reilly_-_Cur_An_Long_Ag_Seol,bitcrush_l2,bitcrush,2,bass,3.5574325069023516,2.2012088925852034,0.034544274202096936,0.02923124364329155
spleeter,Enda_Reilly_-_Cur_An_Long_Ag_Seol,bitcrush_l2,bitcrush,2,other,5.553496499049251,4.390523423276961,-0.09241738158491586,-0.1052326513109243
spleeter,Enda_Reilly_-_Cur_An_Long_Ag_Seol,bitcrush_l3,bitcrush,3,vocals,7.978290396966243,7.258300756055553,-0.35743176982105584,-0.42292179265376184
spleeter,Enda_Reilly_-_Cur_An_Long_Ag_Seol,bitcrush_l3,bitcrush,3,drums,5.0004190035803395,3.7450493372344402,0.04838621623413175,0.0550965854259875
spleeter,Enda_Reilly_-_Cur_An_Long_Ag_Seol,bitcrush_l3,bitcrush,3,bass,3.573437535484553,2.20533012277536,0.050549302784298256,0.033352473833448304
spleeter,Enda_Reilly_-_Cur_An_Long_Ag_Seol,bitcrush_l3,bitcrush,3,other,5.577333487981609,4.412767125409072,-0.06858039265255744,-0.08298894917881317
spleeter,Enda_Reilly_-_Cur_An_Long_Ag_Seol,bitcrush_l4,bitcrush,4,vocals,7.730982402945388,6.962850369479372,-0.604739763841911,-0.7183721792299425
spleeter,Enda_Reilly_-_Cur_An_Long_Ag_Seol,bitcrush_l4,bitcrush,4,drums,5.0313625800135,3.8064563155793447,0.07932979266729223,0.116503563770892
spleeter,Enda_Reilly_-_Cur_An_Long_Ag_Seol,bitcrush_l4,bitcrush,4,bass,3.599092088553648,2.2315926040566403,0.07620385585339351,0.059614955114728474
spleeter,Enda_Reilly_-_Cur_An_Long_Ag_Seol,bitcrush_l4,bitcrush,4,other,5.400816787148758,4.218151977847589,-0.2450970934854091,-0.27760409674029596
spleeter,Enda_Reilly_-_Cur_An_Long_Ag_Seol,compression_l1,compression,1,vocals,7.950981324679923,7.22998580971786,-0.3847408421073766,-0.45123673899145444
spleeter,Enda_Reilly_-_Cur_An_Long_Ag_Seol,compression_l1,compression,1,drums,4.940646295071244,3.6797616815213736,-0.0113864922749638,-0.010191070287079107
spleeter,Enda_Reilly_-_Cur_An_Long_Ag_Seol,compression_l1,compression,1,bass,3.5157342051696236,2.156171075125923,-0.007154027530630991,-0.015806573815988934
spleeter,Enda_Reilly_-_Cur_An_Long_Ag_Seol,compression_l1,compression,1,other,5.419799099763996,4.2050605081276755,-0.22611478087017023,-0.2906955664602098
spleeter,Enda_Reilly_-_Cur_An_Long_Ag_Seol,compression_l2,compression,2,vocals,7.670372990490036,6.885777616772995,-0.665349176297263,-0.795444931936319
spleeter,Enda_Reilly_-_Cur_An_Long_Ag_Seol,compression_l2,compression,2,drums,4.869259788364554,3.5628472784758265,-0.08277299898165413,-0.12710547333262623
spleeter,Enda_Reilly_-_Cur_An_Long_Ag_Seol,compression_l2,compression,2,bass,3.4825615974948834,2.1045742864760344,-0.040326635205371275,-0.06740336246587741
spleeter,Enda_Reilly_-_Cur_An_Long_Ag_Seol,compression_l2,compression,2,other,5.349919488531285,4.067997270229472,-0.29599439210288203,-0.4277588043584135
spleeter,Enda_Reilly_-_Cur_An_Long_Ag_Seol,compression_l3,compression,3,vocals,7.03759307272963,6.090307846260678,-1.2981290940576695,-1.5909147024486368
spleeter,Enda_Reilly_-_Cur_An_Long_Ag_Seol,compression_l3,compression,3,drums,4.220504000524812,2.53147922691919,-0.7315287868213955,-1.1584735248892626
spleeter,Enda_Reilly_-_Cur_An_Long_Ag_Seol,compression_l3,compression,3,bass,2.977932310694777,1.664440557077391,-0.5449559220054776,-0.5075370918645208
spleeter,Enda_Reilly_-_Cur_An_Long_Ag_Seol,compression_l3,compression,3,other,5.166757759968692,3.867275695304569,-0.47915612066547464,-0.6284803792833165
spleeter,Enda_Reilly_-_Cur_An_Long_Ag_Seol,compression_l4,compression,4,vocals,6.582035070512115,5.509906569003942,-1.7536870962751845,-2.1713159797053727
spleeter,Enda_Reilly_-_Cur_An_Long_Ag_Seol,compression_l4,compression,4,drums,3.8334643750212347,1.904355510500021,-1.118568412324973,-1.7855972413084318
spleeter,Enda_Reilly_-_Cur_An_Long_Ag_Seol,compression_l4,compression,4,bass,2.612231049644635,1.3471789339763542,-0.9106571830556196,-0.8247987149655576
spleeter,Enda_Reilly_-_Cur_An_Long_Ag_Seol,compression_l4,compression,4,other,4.869140234299008,3.575312753113318,-0.7767736463351582,-0.9204433214745671
spleeter,Enda_Reilly_-_Cur_An_Long_Ag_Seol,delay_l1,delay,1,vocals,8.07617026714163,7.372838380846792,-0.25955189964566827,-0.3083841678625223
spleeter,Enda_Reilly_-_Cur_An_Long_Ag_Seol,delay_l1,delay,1,drums,5.0553315940031975,3.8265865612298695,0.10329880665698976,0.13663380942141679
spleeter,Enda_Reilly_-_Cur_An_Long_Ag_Seol,delay_l1,delay,1,bass,3.624055074651537,2.2900056429208444,0.10116684195128256,0.1180279939789326
spleeter,Enda_Reilly_-_Cur_An_Long_Ag_Seol,delay_l1,delay,1,other,5.532400915333458,4.341509524856624,-0.11351296530070876,-0.15424654973126106
spleeter,Enda_Reilly_-_Cur_An_Long_Ag_Seol,delay_l2,delay,2,vocals,6.793154062199166,5.780544541737934,-1.542568104588133,-1.90067800697138
spleeter,Enda_Reilly_-_Cur_An_Long_Ag_Seol,delay_l2,delay,2,drums,5.165913365577946,4.002653176321162,0.21388057823173856,0.31270042451270896
spleeter,Enda_Reilly_-_Cur_An_Long_Ag_Seol,delay_l2,delay,2,bass,3.7274773758696336,2.3958436264553296,0.20458914316937893,0.22386597751341775
spleeter,Enda_Reilly_-_Cur_An_Long_Ag_Seol,delay_l2,delay,2,other,4.653184240240748,3.3208234267885532,-0.9927296403934189,-1.174932647799332
spleeter,Enda_Reilly_-_Cur_An_Long_Ag_Seol,delay_l3,delay,3,vocals,5.754375347780437,4.41334499049348,-2.5813468190068622,-3.267877558215835
spleeter,Enda_Reilly_-_Cur_An_Long_Ag_Seol,delay_l3,delay,3,drums,5.158511620644126,3.973908067128156,0.20647883329791838,0.2839553153197034
spleeter,Enda_Reilly_-_Cur_An_Long_Ag_Seol,delay_l3,delay,3,bass,3.7305169068007404,2.362620907627334,0.2076286741004858,0.1906432586854221
spleeter,Enda_Reilly_-_Cur_An_Long_Ag_Seol,delay_l3,delay,3,other,3.896851604641627,2.4229995890505744,-1.7490622759925398,-2.072756485537311
spleeter,Enda_Reilly_-_Cur_An_Long_Ag_Seol,delay_l4,delay,4,vocals,4.967689471241545,3.31114915531543,-3.368032695545754,-4.370073393393884
spleeter,Enda_Reilly_-_Cur_An_Long_Ag_Seol,delay_l4,delay,4,drums,5.268635293286422,4.1393802194083325,0.31660250594021466,0.4494274675998797
spleeter,Enda_Reilly_-_Cur_An_Long_Ag_Seol,delay_l4,delay,4,bass,3.8410277530011787,2.4642367255376305,0.3181395203009241,0.2922590765957187
spleeter,Enda_Reilly_-_Cur_An_Long_Ag_Seol,delay_l4,delay,4,other,3.2490148333734146,1.771273218550333,-2.396899047260752,-2.724482856037552
spleeter,Enda_Reilly_-_Cur_An_Long_Ag_Seol,original,original,0,vocals,8.3357221667873,7.681222548709314,0.0,0.0
spleeter,Enda_Reilly_-_Cur_An_Long_Ag_Seol,original,original,0,drums,4.952032787346208,3.6899527518084527,0.0,0.0
spleeter,Enda_Reilly_-_Cur_An_Long_Ag_Seol,original,original,0,bass,3.5228882327002546,2.171977648941912,0.0,0.0
spleeter,Enda_Reilly_-_Cur_An_Long_Ag_Seol,original,original,0,other,5.645913880634167,4.495756074587885,0.0,0.0
spleeter,Enda_Reilly_-_Cur_An_Long_Ag_Seol,reverb_l1,reverb,1,vocals,7.4293588389409,6.586214938955036,-0.9063633278463987,-1.095007609754278
spleeter,Enda_Reilly_-_Cur_An_Long_Ag_Seol,reverb_l1,reverb,1,drums,4.934103128879103,3.70133795473604,-0.01792965846710448,0.011385202927587379
spleeter,Enda_Reilly_-_Cur_An_Long_Ag_Seol,reverb_l1,reverb,1,bass,3.3050122877743866,1.940882965636198,-0.21787594492586804,-0.2310946833057137
spleeter,Enda_Reilly_-_Cur_An_Long_Ag_Seol,reverb_l1,reverb,1,other,5.385691733651794,4.174947715368273,-0.26022214698237267,-0.3208083592196127
spleeter,Enda_Reilly_-_Cur_An_Long_Ag_Seol,reverb_l2,reverb,2,vocals,3.9064745550945865,1.6483233935063815,-4.429247611692713,-6.032899155202933
spleeter,Enda_Reilly_-_Cur_An_Long_Ag_Seol,reverb_l2,reverb,2,drums,4.7044500201752735,3.359892605272257,-0.2475827671709343,-0.33006014653619564
spleeter,Enda_Reilly_-_Cur_An_Long_Ag_Seol,reverb_l2,reverb,2,bass,1.738527911316212,0.32122670988514235,-1.7843603213840427,-1.8507509390567694
spleeter,Enda_Reilly_-_Cur_An_Long_Ag_Seol,reverb_l2,reverb,2,other,4.471596259613094,3.14476004656305,-1.174317621021073,-1.3509960280248352
spleeter,Enda_Reilly_-_Cur_An_Long_Ag_Seol,reverb_l3,reverb,3,vocals,2.9260646887914294,-0.1665385988309509,-5.40965747799587,-7.8477611475402655
spleeter,Enda_Reilly_-_Cur_An_Long_Ag_Seol,reverb_l3,reverb,3,drums,4.759682137663644,3.498254140088604,-0.192350649682564,-0.1916986117198487
spleeter,Enda_Reilly_-_Cur_An_Long_Ag_Seol,reverb_l3,reverb,3,bass,1.0561053968960237,-0.3642485470797787,-2.466782835804231,-2.5362261960216905
spleeter,Enda_Reilly_-_Cur_An_Long_Ag_Seol,reverb_l3,reverb,3,other,4.380097501591469,3.125548058872095,-1.2658163790426977,-1.3702080157157903
spleeter,Enda_Reilly_-_Cur_An_Long_Ag_Seol,reverb_l4,reverb,4,vocals,2.866872707355281,-0.2900925146327539,-5.468849459432018,-7.971315063342068
spleeter,Enda_Reilly_-_Cur_An_Long_Ag_Seol,reverb_l4,reverb,4,drums,4.787623518732306,3.5427039276259227,-0.16440926861390182,-0.14724882418253005
spleeter,Enda_Reilly_-_Cur_An_Long_Ag_Seol,reverb_l4,reverb,4,bass,1.0160949217322865,-0.4071535394861363,-2.506793310967968,-2.579131188428048
spleeter,Enda_Reilly_-_Cur_An_Long_Ag_Seol,reverb_l4,reverb,4,other,4.417535958769142,3.1847712967099957,-1.2283779218650244,-1.3109847778778896
demucs,Enda_Reilly_-_Cur_An_Long_Ag_Seol,bitcrush_l1,bitcrush,1,vocals,11.326218875202779,10.996702468523804,-0.1653249430833661,-0.17784901552893118
demucs,Enda_Reilly_-_Cur_An_Long_Ag_Seol,bitcrush_l1,bitcrush,1,drums,13.331737813855348,13.127817729847306,-0.24360128137427317,-0.25447402786008944
demucs,Enda_Reilly_-_Cur_An_Long_Ag_Seol,bitcrush_l1,bitcrush,1,bass,10.607411639927216,10.222486699276192,-0.13898459716821598,-0.1505195299237041
demucs,Enda_Reilly_-_Cur_An_Long_Ag_Seol,bitcrush_l1,bitcrush,1,other,9.018395996141754,8.44458057598247,-0.05577014529590052,-0.05834169799668487
demucs,Enda_Reilly_-_Cur_An_Long_Ag_Seol,bitcrush_l2,bitcrush,2,vocals,11.351807491401793,11.024812168130476,-0.13973632688435167,-0.1497393159222593
demucs,Enda_Reilly_-_Cur_An_Long_Ag_Seol,bitcrush_l2,bitcrush,2,drums,13.388437678621566,13.18715999969281,-0.18690141660805537,-0.19513175801458615
demucs,Enda_Reilly_-_Cur_An_Long_Ag_Seol,bitcrush_l2,bitcrush,2,bass,10.6223996210148,10.239705482460316,-0.12399661608063184,-0.1333007467395806
demucs,Enda_Reilly_-_Cur_An_Long_Ag_Seol,bitcrush_l2,bitcrush,2,other,9.055479349657249,8.485355813461616,-0.018686791780405443,-0.017566460517539184
demucs,Enda_Reilly_-_Cur_An_Long_Ag_Seol,bitcrush_l3,bitcrush,3,vocals,11.266914761223754,10.932697701939428,-0.22462905706239056,-0.24185378211330644
demucs,Enda_Reilly_-_Cur_An_Long_Ag_Seol,bitcrush_l3,bitcrush,3,drums,13.34987071421805,13.146849513151896,-0.22546838101157185,-0.23544224455550022
demucs,Enda_Reilly_-_Cur_An_Long_Ag_Seol,bitcrush_l3,bitcrush,3,bass,10.611052941400992,10.225899016145366,-0.13534329569444026,-0.14710721305453056
demucs,Enda_Reilly_-_Cur_An_Long_Ag_Seol,bitcrush_l3,bitcrush,3,other,8.984744659657897,8.406635688358438,-0.08942148177975717,-0.09628658562071735
demucs,Enda_Reilly_-_Cur_An_Long_Ag_Seol,bitcrush_l4,bitcrush,4,vocals,10.686639916044214,10.299132529221326,-0.8049039022419304,-0.8754189548314084
demucs,Enda_Reilly_-_Cur_An_Long_Ag_Seol,bitcrush_l4,bitcrush,4,drums,13.191104878419825,12.981604814750687,-0.3842342168097961,-0.4006869429567086
demucs,Enda_Reilly_-_Cur_An_Long_Ag_Seol,bitcrush_l4,bitcrush,4,bass,10.577544420398581,10.190874190166952,-0.16885181669685068,-0.18213203903294506
demucs,Enda_Reilly_-_Cur_An_Long_Ag_Seol,bitcrush_l4,bitcrush,4,other,8.596242113896091,7.983225416143199,-0.4779240275415635,-0.5196968578359566
demucs,Enda_Reilly_-_Cur_An_Long_Ag_Seol,compression_l1,compression,1,vocals,11.425991299229484,11.107292464857881,-0.06555251905666104,-0.06725901919485366
demucs,Enda_Reilly_-_Cur_An_Long_Ag_Seol,compression_l1,compression,1,drums,13.626786837761571,13.436145428937103,0.05144774253195017,0.053853671229706634
demucs,Enda_Reilly_-_Cur_An_Long_Ag_Seol,compression_l1,compression,1,bass,10.724231675304988,10.348492362224578,-0.02216456179044357,-0.024513866975318876
demucs,Enda_Reilly_-_Cur_An_Long_Ag_Seol,compression_l1,compression,1,other,9.026697868169586,8.446233888639599,-0.04746827326806802,-0.056688385339557
demucs,Enda_Reilly_-_Cur_An_Long_Ag_Seol,compression_l2,compression,2,vocals,10.954174434862868,10.598568062410925,-0.5373693834232771,-0.5759834216418103
demucs,Enda_Reilly_-_Cur_An_Long_Ag_Seol,compression_l2,compression,2,drums,13.328109331412124,13.12304256103802,-0.24722976381749717,-0.2592491966693764
demucs,Enda_Reilly_-_Cur_An_Long_Ag_Seol,compression_l2,compression,2,bass,10.440233006666162,10.03832798386572,-0.3061632304292701,-0.33467824533417634
demucs,Enda_Reilly_-_Cur_An_Long_Ag_Seol,compression_l2,compression,2,other,8.734784269322398,8.111054198929837,-0.33938187211525594,-0.3918680750493184
demucs,Enda_Reilly_-_Cur_An_Long_Ag_Seol,compression_l3,compression,3,vocals,10.42614870690947,10.019812865394739,-1.0653951113766755,-1.154738618657996
demucs,Enda_Reilly_-_Cur_An_Long_Ag_Seol,compression_l3,compression,3,drums,13.13023570257407,12.914211302499147,-0.4451033926555503,-0.4680804552082485
demucs,Enda_Reilly_-_Cur_An_Long_Ag_Seol,compression_l3,compression,3,bass,10.292086631068567,9.876928632820286,-0.45430960602686454,-0.49607759637961024
demucs,Enda_Reilly_-_Cur_An_Long_Ag_Seol,compression_l3,compression,3,other,8.438628298026318,7.770735361102805,-0.6355378434113366,-0.732186912876351
demucs,Enda_Reilly_-_Cur_An_Long_Ag_Seol,compression_l4,compression,4,vocals,10.360277155585653,9.944984092109753,-1.131266662700492,-1.2295673919429824
demucs,Enda_Reilly_-_Cur_An_Long_Ag_Seol,compression_l4,compression,4,drums,12.946419650762719,12.720281600563634,-0.6289194444669022,-0.6620101571437615
demucs,Enda_Reilly_-_Cur_An_Long_Ag_Seol,compression_l4,compression,4,bass,10.253892757859262,9.835400446946942,-0.49250347923617,-0.537605782252955
demucs,Enda_Reilly_-_Cur_An_Long_Ag_Seol,compression_l4,compression,4,other,8.494651181923041,7.8370435970584795,-0.5795149595146132,-0.6658786769206761
demucs,Enda_Reilly_-_Cur_An_Long_Ag_Seol,delay_l1,delay,1,vocals,10.562273452511867,10.163230805230866,-0.9292703657742774,-1.0113206788218694
demucs,Enda_Reilly_-_Cur_An_Long_Ag_Seol,delay_l1,delay,1,drums,13.306845071046297,13.10225966589593,-0.26849402418332424,-0.2800320918114654
demucs,Enda_Reilly_-_Cur_An_Long_Ag_Seol,delay_l1,delay,1,bass,10.587447311813825,10.204003791165322,-0.15894892528160653,-0.1690024380345747
demucs,Enda_Reilly_-_Cur_An_Long_Ag_Seol,delay_l1,delay,1,other,8.530907308878861,7.8861020020220245,-0.5432588325587933,-0.6168202719571312
demucs,Enda_Reilly_-_Cur_An_Long_Ag_Seol,delay_l2,delay,2,vocals,8.956971696814076,8.384790233422367,-2.5345721214720687,-2.7897612506303684
demucs,Enda_Reilly_-_Cur_An_Long_Ag_Seol,delay_l2,delay,2,drums,13.356155330086096,13.153675124093947,-0.21918376514352467,-0.22861663361344853
demucs,Enda_Reilly_-_Cur_An_Long_Ag_Seol,delay_l2,delay,2,bass,10.55378613540469,10.162667643907426,-0.19261010169074133,-0.21033858529247063
demucs,Enda_Reilly_-_Cur_An_Long_Ag_Seol,delay_l2,delay,2,other,7.353981752483879,6.58459493689695,-1.7201843889537756,-1.9183273370822054
demucs,Enda_Reilly_-_Cur_An_Long_Ag_Seol,delay_l3,delay,3,vocals,7.918977836220018,7.176526546859197,-3.572565982066127,-3.998024937193538
demucs,Enda_Reilly_-_Cur_An_Long_Ag_Seol,delay_l3,delay,3,drums,13.208869822685312,13.000014280864377,-0.3664692725443093,-0.3822774768430186
demucs,Enda_Reilly_-_Cur_An_Long_Ag_Seol,delay_l3,delay,3,bass,10.316050597183416,9.90358024866903,-0.4303456399120158,-0.4694259805308665
demucs,Enda_Reilly_-_Cur_An_Long_Ag_Seol,delay_l3,delay,3,other,6.473211721755236,5.556502489658255,-2.6009544196824184,-2.9464197843209003
demucs,Enda_Reilly_-_Cur_An_Long_Ag_Seol,delay_l4,delay,4,vocals,7.398698057640047,6.57879799662974,-4.092845760646098,-4.595753487422995
demucs,Enda_Reilly_-_Cur_An_Long_Ag_Seol,delay_l4,delay,4,drums,13.13266768553293,12.91982585697905,-0.4426714096966915,-0.46246590072834515
demucs,Enda_Reilly_-_Cur_An_Long_Ag_Seol,delay_l4,delay,4,bass,10.194997128295523,9.768901424376843,-0.5513991087999095,-0.604104804823054
demucs,Enda_Reilly_-_Cur_An_Long_Ag_Seol,delay_l4,delay,4,other,6.091752803201001,5.164365864174018,-2.982413338236653,-3.338556409805138
demucs,Enda_Reilly_-_Cur_An_Long_Ag_Seol,original,original,0,vocals,11.491543818286145,11.174551484052735,0.0,0.0
demucs,Enda_Reilly_-_Cur_An_Long_Ag_Seol,original,original,0,drums,13.575339095229621,13.382291757707396,0.0,0.0
demucs,Enda_Reilly_-_Cur_An_Long_Ag_Seol,original,original,0,bass,10.746396237095432,10.373006229199897,0.0,0.0
demucs,Enda_Reilly_-_Cur_An_Long_Ag_Seol,original,original,0,other,9.074166141437654,8.502922273979156,0.0,0.0
demucs,Enda_Reilly_-_Cur_An_Long_Ag_Seol,reverb_l1,reverb,1,vocals,10.140557780166368,9.699446192171271,-1.3509860381197765,-1.475105291881464
demucs,Enda_Reilly_-_Cur_An_Long_Ag_Seol,reverb_l1,reverb,1,drums,13.655614475183278,13.466302477116061,0.08027537995365641,0.08401071940866522
demucs,Enda_Reilly_-_Cur_An_Long_Ag_Seol,reverb_l1,reverb,1,bass,10.391337990957323,9.989932347153514,-0.35505824613810866,-0.38307388204638215
demucs,Enda_Reilly_-_Cur_An_Long_Ag_Seol,reverb_l1,reverb,1,other,8.428838727535167,7.779379152439962,-0.6453274139024874,-0.7235431215391941
demucs,Enda_Reilly_-_Cur_An_Long_Ag_Seol,reverb_l2,reverb,2,vocals,6.5829242989192345,5.560687645167331,-4.90861951936691,-5.613863838885404
demucs,Enda_Reilly_-_Cur_An_Long_Ag_Seol,reverb_l2,reverb,2,drums,13.362999609995676,13.16252142122024,-0.21233948523394552,-0.21977033648715505
demucs,Enda_Reilly_-_Cur_An_Long_Ag_Seol,reverb_l2,reverb,2,bass,6.960955147258963,6.39796301776869,-3.7854410898364694,-3.975043211431206
demucs,Enda_Reilly_-_Cur_An_Long_Ag_Seol,reverb_l2,reverb,2,other,7.421649196951735,6.675173903517024,-1.6525169444859191,-1.8277483704621318
demucs,Enda_Reilly_-_Cur_An_Long_Ag_Seol,reverb_l3,reverb,3,vocals,4.599610127580427,2.8203194201488113,-6.891933690705717,-8.354232063903924
demucs,Enda_Reilly_-_Cur_An_Long_Ag_Seol,reverb_l3,reverb,3,drums,13.568528276034495,13.37753919502184,-0.006810819195125717,-0.004752562685556683
demucs,Enda_Reilly_-_Cur_An_Long_Ag_Seol,reverb_l3,reverb,3,bass,4.842975536035946,4.249828356850964,-5.903420701059486,-6.123177872348933
demucs,Enda_Reilly_-_Cur_An_Long_Ag_Seol,reverb_l3,reverb,3,other,7.040228682407198,6.291261530203002,-2.033937459030456,-2.2116607437761537
demucs,Enda_Reilly_-_Cur_An_Long_Ag_Seol,reverb_l4,reverb,4,vocals,4.194723476229598,2.166652540776494,-7.296820342056547,-9.007898943276242
demucs,Enda_Reilly_-_Cur_An_Long_Ag_Seol,reverb_l4,reverb,4,drums,13.45407103251804,13.258255064176016,-0.12126806271158053,-0.12403669353138014
demucs,Enda_Reilly_-_Cur_An_Long_Ag_Seol,reverb_l4,reverb,4,bass,4.331797896829271,3.7364785183666482,-6.414598340266161,-6.636527710833248
demucs,Enda_Reilly_-_Cur_An_Long_Ag_Seol,reverb_l4,reverb,4,other,7.158076815470475,6.419086879800061,-1.9160893259671798,-2.0838353941790944
spleeter,Forkupines_-_Semantics,bitcrush_l1,bitcrush,1,vocals,6.256641257998109,5.100435372841839,-0.809397233794587,-1.0440911725957625
spleeter,Forkupines_-_Semantics,bitcrush_l1,bitcrush,1,drums,9.644136024535456,9.147832058725736,-0.057507363154252644,-0.0629942503510339
spleeter,Forkupines_-_Semantics,bitcrush_l1,bitcrush,1,bass,3.6258093716161204,1.2083560489060314,-0.05072269004313368,-0.0852651657328003
spleeter,Forkupines_-_Semantics,bitcrush_l1,bitcrush,1,other,4.921023306304676,3.5403128557563313,-0.08232971134956202,-0.08571929118009702
spleeter,Forkupines_-_Semantics,bitcrush_l2,bitcrush,2,vocals,6.255770673185806,5.099218380187585,-0.8102678186068903,-1.0453081652500167
spleeter,Forkupines_-_Semantics,bitcrush_l2,bitcrush,2,drums,9.645556372710654,9.149413482755953,-0.05608701497905422,-0.061412826320816905
spleeter,Forkupines_-_Semantics,bitcrush_l2,bitcrush,2,bass,3.628958260244961,1.2139006039532638,-0.047573801414293015,-0.0797206106855679
spleeter,Forkupines_-_Semantics,bitcrush_l2,bitcrush,2,other,4.9214187776013425,3.540602719179597,-0.08193424005289529,-0.08542942775683127
spleeter,Forkupines_-_Semantics,bitcrush_l3,bitcrush,3,vocals,6.247154521756824,5.087484823196594,-0.8188839700358725,-1.0570417222410073
spleeter,Forkupines_-_Semantics,bitcrush_l3,bitcrush,3,drums,9.643549985264334,9.147232426540064,-0.05809340242537431,-0.06359388253670595
spleeter,Forkupines_-_Semantics,bitcrush_l3,bitcrush,3,bass,3.6239278934283514,1.20524906138169,-0.05260416823090264,-0.08837215325714176
spleeter,Forkupines_-_Semantics,bitcrush_l3,bitcrush,3,other,4.917881332845038,3.5367146197692465,-0.08547168480919964,-0.08931752716718178
spleeter,Forkupines_-_Semantics,bitcrush_l4,bitcrush,4,vocals,6.113533425319054,4.911130298785372,-0.9525050664736421,-1.2333962466522292
spleeter,Forkupines_-_Semantics,bitcrush_l4,bitcrush,4,drums,9.627478028182448,9.12900683600828,-0.07416535950726022,-0.08181947306849047
spleeter,Forkupines_-_Semantics,bitcrush_l4,bitcrush,4,bass,3.6283870936644536,1.2085584990554301,-0.0481449679948005,-0.08506271558340162
spleeter,Forkupines_-_Semantics,bitcrush_l4,bitcrush,4,other,4.861389109984013,3.4705346522336007,-0.14196390767022482,-0.1554974947028276
spleeter,Forkupines_-_Semantics,compression_l1,compression,1,vocals,6.913810505102492,5.955763611753517,-0.1522279866902041,-0.18876293368408437
spleeter,Forkupines_-_Semantics,compression_l1,compression,1,drums,9.688641459375795,9.196138809219589,-0.01300192831391378,-0.014687499857181763
spleeter,Forkupines_-_Semantics,compression_l1,compression,1,bass,3.6937627639116237,1.324538864789124,0.017230702252369667,0.030917650150292353
spleeter,Forkupines_-_Semantics,compression_l1,compression,1,other,4.975953616395011,3.583552647398002,-0.027399401259226686,-0.042479499538426335
spleeter,Forkupines_-_Semantics,compression_l2,compression,2,vocals,6.646443215504471,5.61710082664672,-0.41959527628822535,-0.527425718790882
spleeter,Forkupines_-_Semantics,compression_l2,compression,2,drums,9.614070353038237,9.112567345560695,-0.08757303465147181,-0.09825896351607533
spleeter,Forkupines_-_Semantics,compression_l2,compression,2,bass,3.698874049211259,1.324720698790657,0.022341987552005005,0.031099484151825285
spleeter,Forkupines_-_Semantics,compression_l2,compression,2,other,4.958130980174641,3.551964030799734,-0.04522203747959708,-0.07406811613669406
spleeter,Forkupines_-_Semantics,compression_l3,compression,3,vocals,6.460931627935263,5.377777153701401,-0.6051068638574328,-0.7667493917362007
spleeter,Forkupines_-_Semantics,compression_l3,compression,3,drums,9.51763984017851,9.00568005103344,-0.18400354751119785,-0.20514625804332987
spleeter,Forkupines_-_Semantics,compression_l3,compression,3,bass,3.5832703849088143,1.1251726409378164,-0.09326167675043973,-0.1684485737010153
spleeter,Forkupines_-_Semantics,compression_l3,compression,3,other,4.905810792974837,3.4900831004064834,-0.0975422246794011,-0.13594904652994488
spleeter,Forkupines_-_Semantics,compression_l4,compression,4,vocals,6.033854302839244,4.819053151445716,-1.032184188953452,-1.325473393991886
spleeter,Forkupines_-_Semantics,compression_l4,compression,4,drums,8.70425223796915,8.136618780658965,-0.9973911497205581,-1.074207528417805
spleeter,Forkupines_-_Semantics,compression_l4,compression,4,bass,1.4595127029719923,-3.911416601424775,-2.2170193586872617,-5.205037816063607
spleeter,Forkupines_-_Semantics,compression_l4,compression,4,other,3.7549016722640993,2.2136079664833606,-1.2484513453901385,-1.4124241804530677
spleeter,Forkupines_-_Semantics,delay_l1,delay,1,vocals,6.706908712266186,5.686613104724606,-0.35912977952651026,-0.45791344071299545
spleeter,Forkupines_-_Semantics,delay_l1,delay,1,drums,9.7056264921041,9.215724442366817,0.003983104414391647,0.0048981332900464025
spleeter,Forkupines_-_Semantics,delay_l1,delay,1,bass,3.6837726779905196,1.3105927847936683,0.0072406163312654925,0.016971570154836524
spleeter,Forkupines_-_Semantics,delay_l1,delay,1,other,4.9536034240551015,3.5489549107194387,-0.04974959359913633,-0.07707723621698959
spleeter,Forkupines_-_Semantics,delay_l2,delay,2,vocals,6.182724360895224,4.992786862588579,-0.8833141308974719,-1.1517396828490227
spleeter,Forkupines_-_Semantics,delay_l2,delay,2,drums,9.645094770043862,9.148499083919186,-0.05654861764584673,-0.06232722515758482
spleeter,Forkupines_-_Semantics,delay_l2,delay,2,bass,3.596467467123168,1.1477301676007599,-0.08006459453608628,-0.14589104703807187
spleeter,Forkupines_-_Semantics,delay_l2,delay,2,other,4.699994612593739,3.251046240699324,-0.30335840506049916,-0.37498590623710415
spleeter,Forkupines_-_Semantics,delay_l3,delay,3,vocals,5.348298476271003,3.850014742296279,-1.7177400155216933,-2.2945118031413227
spleeter,Forkupines_-_Semantics,delay_l3,delay,3,drums,9.587335750091732,9.086210014058802,-0.11430763759797635,-0.12461629501796878
spleeter,Forkupines_-_Semantics,delay_l3,delay,3,bass,3.43127748537483,0.8369230849182479,-0.24525457628442426,-0.4566981297205839
spleeter,Forkupines_-_Semantics,delay_l3,delay,3,other,4.350618931164321,2.8474664048101825,-0.6527340864899172,-0.7785657421262457
spleeter,Forkupines_-_Semantics,delay_l4,delay,4,vocals,4.644489538036748,2.826145181854627,-2.4215489537559485,-3.318381363582975
spleeter,Forkupines_-_Semantics,delay_l4,delay,4,drums,9.612175683579117,9.111707557780807,-0.08946770411059113,-0.09911875129596304
spleeter,Forkupines_-_Semantics,delay_l4,delay,4,bass,3.610004832943721,1.1476143555140708,-0.06652722871553296,-0.14600685912476097
spleeter,Forkupines_-_Semantics,delay_l4,delay,4,other,4.081680787576531,2.5397918156146195,-0.9216722300777072,-1.0862403313218087
spleeter,Forkupines_-_Semantics,original,original,0,vocals,7.066038491792696,6.144526545437602,0.0,0.0
spleeter,Forkupines_-_Semantics,original,original,0,drums,9.701643387689709,9.21082630907677,0.0,0.0
spleeter,Forkupines_-_Semantics,original,original,0,bass,3.676532061659254,1.2936212146388317,0.0,0.0
spleeter,Forkupines_-_Semantics,original,original,0,other,5.003353017654238,3.6260321469364283,0.0,0.0
spleeter,Forkupines_-_Semantics,reverb_l1,reverb,1,vocals,6.832950906344577,5.850951311046507,-0.23308758544811958,-0.2935752343910947
spleeter,Forkupines_-_Semantics,reverb_l1,reverb,1,drums,9.684733561501762,9.192547019087005,-0.016909826187946564,-0.018279289989765246
spleeter,Forkupines_-_Semantics,reverb_l1,reverb,1,bass,3.6805282883394623,1.3065179374135936,0.00399622668020827,0.012896722774761837
spleeter,Forkupines_-_Semantics,reverb_l1,reverb,1,other,4.980062211800049,3.594021597660006,-0.023290805854188967,-0.03201054927642222
spleeter,Forkupines_-_Semantics,reverb_l2,reverb,2,vocals,6.01815680262343,4.776002270087792,-1.047881689169266,-1.3685242753498095
spleeter,Forkupines_-_Semantics,reverb_l2,reverb,2,drums,9.64979143654552,9.156586657660327,-0.05185195114418839,-0.05423965141644338
spleeter,Forkupines_-_Semantics,reverb_l2,reverb,2,bass,3.5682774208117363,1.0908289520679662,-0.10825464084751779,-0.20279226257086558
spleeter,Forkupines_-_Semantics,reverb_l2,reverb,2,other,4.793502283359842,3.3667798619224443,-0.20985073429439538,-0.259252285013984
spleeter,Forkupines_-_Semantics,reverb_l3,reverb,3,vocals,5.622206449134338,4.232140537090059,-1.4438320426583582,-1.9123860083475428
spleeter,Forkupines_-_Semantics,reverb_l3,reverb,3,drums,9.667131433059083,9.17683909161629,-0.0345119546306254,-0.03398721746047961
spleeter,Forkupines_-_Semantics,reverb_l3,reverb,3,bass,3.3839403013247833,0.7277564126501923,-0.29259176033447076,-0.5658648019886394
spleeter,Forkupines_-_Semantics,reverb_l3,reverb,3,other,4.655484104941481,3.2196886084473246,-0.347868912712757,-0.40634353848910365
spleeter,Forkupines_-_Semantics,reverb_l4,reverb,4,vocals,5.653853143231898,4.275231296171944,-1.412185348560798,-1.869295249265658
spleeter,Forkupines_-_Semantics,reverb_l4,reverb,4,drums,9.70160937372645,9.214698573633758,-3.401396325841688e-05,0.0038722645569873038
spleeter,Forkupines_-_Semantics,reverb_l4,reverb,4,bass,3.3825165730240156,0.7227950752888412,-0.2940154886352384,-0.5708261393499905
spleeter,Forkupines_-_Semantics,reverb_l4,reverb,4,other,4.6645331249734445,3.2426886267886013,-0.33881989268079327,-0.383343520147827
demucs,Forkupines_-_Semantics,bitcrush_l1,bitcrush,1,vocals,8.174999031165243,7.457802693302444,-0.3037477688984822,-0.3630773956470392
demucs,Forkupines_-_Semantics,bitcrush_l1,bitcrush,1,drums,12.656845437271333,12.4146643519283,-0.069089296094063,-0.0730251582070558
demucs,Forkupines_-_Semantics,bitcrush_l1,bitcrush,1,bass,7.4666751475557795,6.61790932840756,0.04868471081701653,0.059949202141146074
demucs,Forkupines_-_Semantics,bitcrush_l1,bitcrush,1,other,6.607851149614036,5.553826068511835,-0.059446633057588905,-0.06466812386463783
demucs,Forkupines_-_Semantics,bitcrush_l2,bitcrush,2,vocals,8.17280648454718,7.455202328008282,-0.3059403155165441,-0.3656777609412014
demucs,Forkupines_-_Semantics,bitcrush_l2,bitcrush,2,drums,12.658857429499053,12.41680465231367,-0.06707730386634303,-0.07088485782168519
demucs,Forkupines_-_Semantics,bitcrush_l2,bitcrush,2,bass,7.417905530570426,6.557563385063965,-8.49061683370067e-05,-0.00039674120244903577
demucs,Forkupines_-_Semantics,bitcrush_l2,bitcrush,2,other,6.611809710221351,5.559409984490157,-0.05548807245027376,-0.05908420788631563
demucs,Forkupines_-_Semantics,bitcrush_l3,bitcrush,3,vocals,8.149413312740402,7.427605531978072,-0.3293334873233231,-0.3932745569714111
demucs,Forkupines_-_Semantics,bitcrush_l3,bitcrush,3,drums,12.655873889278379,12.413630819577063,-0.07006084408701696,-0.07405869055829228
demucs,Forkupines_-_Semantics,bitcrush_l3,bitcrush,3,bass,7.450672122086836,6.598593802773517,0.0326816853480727,0.04063367650710337
demucs,Forkupines_-_Semantics,bitcrush_l3,bitcrush,3,other,6.60348518079373,5.549481936081441,-0.06381260187789461,-0.06901225629503216
demucs,Forkupines_-_Semantics,bitcrush_l4,bitcrush,4,vocals,8.013662226318697,7.266918915700132,-0.46508457374502754,-0.553961173249351
demucs,Forkupines_-_Semantics,bitcrush_l4,bitcrush,4,drums,12.63184053063287,12.388219567049587,-0.094094202732526,-0.09946994308576862
demucs,Forkupines_-_Semantics,bitcrush_l4,bitcrush,4,bass,7.443827338294756,6.589486349129132,0.025836901555993386,0.031526222862718
demucs,Forkupines_-_Semantics,bitcrush_l4,bitcrush,4,other,6.572010922328458,5.509954659203413,-0.09528686034316713,-0.10853953317305987
demucs,Forkupines_-_Semantics,compression_l1,compression,1,vocals,8.347685557233959,7.666638203822504,-0.13106124282976594,-0.15424188512697956
demucs,Forkupines_-_Semantics,compression_l1,compression,1,drums,12.684531510144199,12.443942043946663,-0.04140322322119694,-0.04374746618869274
demucs,Forkupines_-_Semantics,compression_l1,compression,1,bass,7.379837233435352,6.512462430257193,-0.038153203303410876,-0.045497696009221045
demucs,Forkupines_-_Semantics,compression_l1,compression,1,other,6.634116787091423,5.575586205509941,-0.033180995580202044,-0.04290798686653208
demucs,Forkupines_-_Semantics,compression_l2,compression,2,vocals,8.190522208770762,7.483480418044883,-0.28822459129296263,-0.3373996709045999
demucs,Forkupines_-_Semantics,compression_l2,compression,2,drums,12.6798070696397,12.438966959586416,-0.0461276637256951,-0.04872255054893948
demucs,Forkupines_-_Semantics,compression_l2,compression,2,bass,7.426459865883244,6.56776332977577,0.008469429144480678,0.009803203509355818
demucs,Forkupines_-_Semantics,compression_l2,compression,2,other,6.604853195943013,5.537898030971659,-0.06244458672861164,-0.08059616140481385
demucs,Forkupines_-_Semantics,compression_l3,compression,3,vocals,8.11572115822002,7.393737761214161,-0.3630256418437039,-0.42714232773532235
demucs,Forkupines_-_Semantics,compression_l3,compression,3,drums,12.665676783261546,12.424066283220407,-0.06025795010384982,-0.06362322691494882
demucs,Forkupines_-_Semantics,compression_l3,compression,3,bass,7.3857448416330875,6.518546252087239,-0.032245595105675484,-0.03941387417917497
demucs,Forkupines_-_Semantics,compression_l3,compression,3,other,6.582132850488779,5.510311586109664,-0.08516493218284626,-0.10818260626680942
demucs,Forkupines_-_Semantics,compression_l4,compression,4,vocals,8.240645066952283,7.535113076134262,-0.23810173311144212,-0.28576701281522077
demucs,Forkupines_-_Semantics,compression_l4,compression,4,drums,12.649963222140212,12.407389200872611,-0.07597151122518397,-0.08030030926274456
demucs,Forkupines_-_Semantics,compression_l4,compression,4,bass,7.371628071668745,6.502526955721772,-0.04636236507001801,-0.055433170544641364
demucs,Forkupines_-_Semantics,compression_l4,compression,4,other,6.61852213033908,5.557368107532035,-0.04877565233254444,-0.06112608484443793
demucs,Forkupines_-_Semantics,delay_l1,delay,1,vocals,7.999162317667453,7.254747426019468,-0.4795844823962714,-0.5661326629300154
demucs,Forkupines_-_Semantics,delay_l1,delay,1,drums,12.68424220789983,12.443620150645812,-0.041692525465565566,-0.04406935948954427
demucs,Forkupines_-_Semantics,delay_l1,delay,1,bass,7.400608061711296,6.537492995476384,-0.01738237502746731,-0.020467130790029486
demucs,Forkupines_-_Semantics,delay_l1,delay,1,other,6.531915503062003,5.446443269992443,-0.13538227960962157,-0.17205092238403008
demucs,Forkupines_-_Semantics,delay_l2,delay,2,vocals,7.446638439453881,6.58757471842323,-1.0321083606098433,-1.2333053705262529
demucs,Forkupines_-_Semantics,delay_l2,delay,2,drums,12.66586661348658,12.424225197681679,-0.06006811987881555,-0.0634643124536769
demucs,Forkupines_-_Semantics,delay_l2,delay,2,bass,7.48235699531849,6.6352122122549435,0.06436655857972706,0.07725208598852973
demucs,Forkupines_-_Semantics,delay_l2,delay,2,other,6.3770162798126915,5.248126929060927,-0.2902815028589334,-0.37036726331554615
demucs,Forkupines_-_Semantics,delay_l3,delay,3,vocals,6.702229716434381,5.658273347050381,-1.7765170836293436,-2.1626067418991024
demucs,Forkupines_-_Semantics,delay_l3,delay,3,drums,12.602716573344662,12.357421843752016,-0.12321816002073405,-0.13026766638333953
demucs,Forkupines_-_Semantics,delay_l3,delay,3,bass,7.423591484067725,6.565832727898258,0.005601047328961606,0.007872601631843779
demucs,Forkupines_-_Semantics,delay_l3,delay,3,other,6.082270562058736,4.870143804554006,-0.585027220612889,-0.7483503878224669
demucs,Forkupines_-_Semantics,delay_l4,delay,4,vocals,6.318522447807553,5.164644829595719,-2.160224352256172,-2.656235259353764
demucs,Forkupines_-_Semantics,delay_l4,delay,4,drums,12.562847287753234,12.315222573595214,-0.16308744561216137,-0.17246693654014145
demucs,Forkupines_-_Semantics,delay_l4,delay,4,bass,7.381616165426298,6.514005723250893,-0.03637427131246529,-0.04395440301552078
demucs,Forkupines_-_Semantics,delay_l4,delay,4,other,5.944383429106929,4.682881403742309,-0.722914353564696,-0.9356127886341641
demucs,Forkupines_-_Semantics,original,original,0,vocals,8.478746800063725,7.820880088949483,0.0,0.0
demucs,Forkupines_-_Semantics,original,original,0,drums,12.725934733365396,12.487689510135356,0.0,0.0
demucs,Forkupines_-_Semantics,original,original,0,bass,7.417990436738763,6.557960126266414,0.0,0.0
demucs,Forkupines_-_Semantics,original,original,0,other,6.667297782671625,5.618494192376473,0.0,0.0
demucs,Forkupines_-_Semantics,reverb_l1,reverb,1,vocals,8.25307518364243,7.554238602347447,-0.22567161642129463,-0.2666414866020359
demucs,Forkupines_-_Semantics,reverb_l1,reverb,1,drums,12.706035900112472,12.46666491818685,-0.019898833252923964,-0.021024591948505034
demucs,Forkupines_-_Semantics,reverb_l1,reverb,1,bass,7.386620584041813,6.521406521998191,-0.03136985269695014,-0.03655360426822263
demucs,Forkupines_-_Semantics,reverb_l1,reverb,1,other,6.6105557855152055,5.5466134716654025,-0.056741997156419366,-0.07188072071107054
demucs,Forkupines_-_Semantics,reverb_l2,reverb,2,vocals,7.340224338697736,6.455338087146467,-1.138522461365989,-1.365542001803016
demucs,Forkupines_-_Semantics,reverb_l2,reverb,2,drums,12.683437934860478,12.442773092986801,-0.042496798504917166,-0.044916417148554544
demucs,Forkupines_-_Semantics,reverb_l2,reverb,2,bass,7.19062129851662,6.275803485093826,-0.22736913822214344,-0.28215664117258754
demucs,Forkupines_-_Semantics,reverb_l2,reverb,2,other,6.365666444690708,5.239848657600458,-0.30163133798091657,-0.37864553477601515
demucs,Forkupines_-_Semantics,reverb_l3,reverb,3,vocals,6.902751013125191,5.912770329926741,-1.5759957869385337,-1.908109759022742
demucs,Forkupines_-_Semantics,reverb_l3,reverb,3,drums,12.702257481097925,12.462662377599871,-0.023677252267470195,-0.025027132535484498
demucs,Forkupines_-_Semantics,reverb_l3,reverb,3,bass,7.164431301139262,6.243817859334079,-0.2535591355995006,-0.3141422669323344
demucs,Forkupines_-_Semantics,reverb_l3,reverb,3,other,6.205350741988385,5.046407489389683,-0.4619470406832402,-0.5720867029867902
demucs,Forkupines_-_Semantics,reverb_l4,reverb,4,vocals,6.900949330717152,5.911829923319818,-1.5777974693465726,-1.9090501656296652
demucs,Forkupines_-_Semantics,reverb_l4,reverb,4,drums,12.724260084193318,12.485907148473053,-0.0016746491720773804,-0.0017823616623022787
demucs,Forkupines_-_Semantics,reverb_l4,reverb,4,bass,7.196471319095168,6.285719494414322,-0.2215191176435951,-0.2722406318520916
demucs,Forkupines_-_Semantics,reverb_l4,reverb,4,other,6.1907194648201935,5.030896797958486,-0.47657831785143134,-0.5875973944179869
spleeter,Georgia_Wonder_-_Siren,bitcrush_l1,bitcrush,1,vocals,4.894652288665387,3.3780413004559846,-0.20495396135236632,-0.3158358793830929
spleeter,Georgia_Wonder_-_Siren,bitcrush_l1,bitcrush,1,drums,6.00898298122397,4.758770431652371,-0.036239680417742726,-0.05017318806050142
spleeter,Georgia_Wonder_-_Siren,bitcrush_l1,bitcrush,1,bass,7.491969901289116,6.647673938449751,-0.004959701079795487,-0.005299682290207386
spleeter,Georgia_Wonder_-_Siren,bitcrush_l1,bitcrush,1,other,5.393696524772489,3.9168586261371328,-0.011071675744620535,-0.015349031171211003
spleeter,Georgia_Wonder_-_Siren,bitcrush_l2,bitcrush,2,vocals,4.893584000194249,3.3763036788929583,-0.20602224982350492,-0.31757350094611914
spleeter,Georgia_Wonder_-_Siren,bitcrush_l2,bitcrush,2,drums,6.008593623160875,4.75822119665632,-0.03662903848083765,-0.050722423056551946
spleeter,Georgia_Wonder_-_Siren,bitcrush_l2,bitcrush,2,bass,7.491835717229377,6.647540392057958,-0.005093885139534571,-0.005433228682000468
spleeter,Georgia_Wonder_-_Siren,bitcrush_l2,bitcrush,2,other,5.39343380984231,3.9164786120098265,-0.011334390674799799,-0.015729045298517264
spleeter,Georgia_Wonder_-_Siren,bitcrush_l3,bitcrush,3,vocals,4.883531567796026,3.359707942819558,-0.21607468222172788,-0.3341692370195193
spleeter,Georgia_Wonder_-_Siren,bitcrush_l3,bitcrush,3,drums,6.006692245637041,4.755594542594382,-0.03853041600467222,-0.05334907711849013
spleeter,Georgia_Wonder_-_Siren,bitcrush_l3,bitcrush,3,bass,7.49256017927415,6.6484350506827745,-0.004369423094761515,-0.004538570057183833
spleeter,Georgia_Wonder_-_Siren,bitcrush_l3,bitcrush,3,other,5.3911622176155305,3.913483567808671,-0.013605982901578884,-0.018724089499672747
spleeter,Georgia_Wonder_-_Siren,bitcrush_l4,bitcrush,4,vocals,4.7737088154476846,3.177616418845801,-0.32589743457006914,-0.5162607609932763
spleeter,Georgia_Wonder_-_Siren,bitcrush_l4,bitcrush,4,drums,5.96788058858576,4.70287167201674,-0.07734207305595309,-0.10607194769613226
spleeter,Georgia_Wonder_-_Siren,bitcrush_l4,bitcrush,4,bass,7.487206024683651,6.642011737659935,-0.009723577685260665,-0.010961883080023327
spleeter,Georgia_Wonder_-_Siren,bitcrush_l4,bitcrush,4,other,5.381199521975905,3.9008234641029653,-0.02356867854120459,-0.03138419320537844
spleeter,Georgia_Wonder_-_Siren,compression_l1,compression,1,vocals,4.957732174068044,3.500922402955295,-0.14187407594971013,-0.1929547768837825
spleeter,Georgia_Wonder_-_Siren,compression_l1,compression,1,drums,6.029889385594181,4.788325978082874,-0.015333276047531541,-0.020617641629998573
spleeter,Georgia_Wonder_-_Siren,compression_l1,compression,1,bass,7.494723042321331,6.650062737740959,-0.0022065600475809077,-0.00291088299899922
spleeter,Georgia_Wonder_-_Siren,compression_l1,compression,1,other,5.33453049954052,3.8341616924378537,-0.07023770097658932,-0.09804596487049011
spleeter,Georgia_Wonder_-_Siren,compression_l2,compression,2,vocals,4.690536705983678,3.0875925271321414,-0.40906954403407614,-0.6062846527069361
spleeter,Georgia_Wonder_-_Siren,compression_l2,compression,2,drums,5.981131553810465,4.722421615136348,-0.06409110783124827,-0.08652200457652448
spleeter,Georgia_Wonder_-_Siren,compression_l2,compression,2,bass,7.478955517358937,6.632838043427002,-0.017974085009974772,-0.020135577312956343
spleeter,Georgia_Wonder_-_Siren,compression_l2,compression,2,other,5.2123426893882225,3.665793364060182,-0.19242551112888684,-0.2664142932481619
spleeter,Georgia_Wonder_-_Siren,compression_l3,compression,3,vocals,4.471412700636396,2.7111551483299956,-0.6281935493813577,-0.9827220315090819
spleeter,Georgia_Wonder_-_Siren,compression_l3,compression,3,drums,5.906432071991036,4.620876192983157,-0.13879058965067692,-0.18806742672971488
spleeter,Georgia_Wonder_-_Siren,compression_l3,compression,3,bass,7.436997021369733,6.586391749618793,-0.05993258099917842,-0.06658187112116565
spleeter,Georgia_Wonder_-_Siren,compression_l3,compression,3,other,5.125278632146103,3.5493892413404216,-0.27948956837100614,-0.3828184159679222
spleeter,Georgia_Wonder_-_Siren,compression_l4,compression,4,vocals,4.405426010582079,2.499033233016846,-0.6941802394356751,-1.1948439468222314
spleeter,Georgia_Wonder_-_Siren,compression_l4,compression,4,drums,5.765767687284789,4.429829896313643,-0.27945497435692346,-0.37911372339922966
spleeter,Georgia_Wonder_-_Siren,compression_l4,compression,4,bass,7.281771738076406,6.407954659854567,-0.2151578642925056,-0.24501896088539166
spleeter,Georgia_Wonder_-_Siren,compression_l4,compression,4,other,5.1067531117922496,3.5565450556733835,-0.2980150887248598,-0.37566260163496024
spleeter,Georgia_Wonder_-_Siren,delay_l1,delay,1,vocals,4.92113603905035,3.423104520739768,-0.17847021096740345,-0.27077265909930937
spleeter,Georgia_Wonder_-_Siren,delay_l1,delay,1,drums,6.035396950304779,4.79561302912619,-0.009825711336933551,-0.013330590586682511
spleeter,Georgia_Wonder_-_Siren,delay_l1,delay,1,bass,7.514900873158213,6.677369098983741,0.017971270789301386,0.02439547824378252
spleeter,Georgia_Wonder_-_Siren,delay_l1,delay,1,other,5.30889564765488,3.7970927252241764,-0.09587255286222973,-0.13511493208416736
spleeter,Georgia_Wonder_-_Siren,delay_l2,delay,2,vocals,4.667294529544404,2.9942395541342,-0.43231172047334976,-0.6996376257048773
spleeter,Georgia_Wonder_-_Siren,delay_l2,delay,2,drums,5.983462565692722,4.725222348579388,-0.06176009594899057,-0.08372127113348427
spleeter,Georgia_Wonder_-_Siren,delay_l2,delay,2,bass,7.494818051114195,6.6546166281246535,-0.002111551254716737,0.0016430073846951387
spleeter,Georgia_Wonder_-_Siren,delay_l2,delay,2,other,5.19746271364129,3.6443841366372216,-0.2073054868758195,-0.28782352067112216
spleeter,Georgia_Wonder_-_Siren,delay_l3,delay,3,vocals,4.398671760809615,2.51188105522695,-0.700934489208139,-1.1819961246121276
spleeter,Georgia_Wonder_-_Siren,delay_l3,delay,3,drums,5.9648993165479824,4.7002660618223375,-0.0803233450937304,-0.10867755789053479
spleeter,Georgia_Wonder_-_Siren,delay_l3,delay,3,bass,7.504459038371042,6.665670424613217,0.007529436002130296,0.012696803873258666
spleeter,Georgia_Wonder_-_Siren,delay_l3,delay,3,other,5.074291320509708,3.4929475464497344,-0.33047688000740116,-0.4392601108586094
spleeter,Georgia_Wonder_-_Siren,delay_l4,delay,4,vocals,4.136386008960208,2.0526391309533247,-0.9632202410575461,-1.6412380488857528
spleeter,Georgia_Wonder_-_Siren,delay_l4,delay,4,drums,5.926005730879775,4.647300166705413,-0.11921693076193751,-0.16164345300745975
spleeter,Georgia_Wonder_-_Siren,delay_l4,delay,4,bass,7.509942675312491,6.670027302564825,0.013013072943579118,0.01705368182486655
spleeter,Georgia_Wonder_-_Siren,delay_l4,delay,4,other,4.925394436194324,3.305442927370426,-0.47937376432278533,-0.6267647299379178
spleeter,Georgia_Wonder_-_Siren,original,original,0,vocals,5.099606250017754,3.6938771798390775,0.0,0.0
spleeter,Georgia_Wonder_-_Siren,original,original,0,drums,6.045222661641713,4.808943619712872,0.0,0.0
spleeter,Georgia_Wonder_-_Siren,original,original,0,bass,7.496929602368912,6.652973620739958,0.0,0.0
spleeter,Georgia_Wonder_-_Siren,original,original,0,other,5.404768200517109,3.9322076573083438,0.0,0.0
spleeter,Georgia_Wonder_-_Siren,reverb_l1,reverb,1,vocals,5.041302606444128,3.610922674557581,-0.05830364357362594,-0.08295450528149662
spleeter,Georgia_Wonder_-_Siren,reverb_l1,reverb,1,drums,6.042916235580378,4.8060206445994025,-0.0023064260613345766,-0.002922975113469839
spleeter,Georgia_Wonder_-_Siren,reverb_l1,reverb,1,bass,7.48696765689211,6.6414948709009245,-0.009961945476801404,-0.011478749839033853
spleeter,Georgia_Wonder_-_Siren,reverb_l1,reverb,1,other,5.38050864965471,3.897760960540383,-0.02425955086239906,-0.03444669676796064
spleeter,Georgia_Wonder_-_Siren,reverb_l2,reverb,2,vocals,4.6753509713229136,3.022597086675496,-0.42425527869484014,-0.6712800931635816
spleeter,Georgia_Wonder_-_Siren,reverb_l2,reverb,2,drums,6.0399128058635245,4.8006679171983535,-0.0053098557781883216,-0.008275702514518812
spleeter,Georgia_Wonder_-_Siren,reverb_l2,reverb,2,bass,7.401740955891171,6.542522765955724,-0.09518864647774095,-0.11045085478423466
spleeter,Georgia_Wonder_-_Siren,reverb_l2,reverb,2,other,5.218317961969252,3.6741181557542744,-0.1864502385478577,-0.2580895015540694
spleeter,Georgia_Wonder_-_Siren,reverb_l3,reverb,3,vocals,4.398357008530199,2.5395729285264226,-0.7012492414875551,-1.154304251312655
spleeter,Georgia_Wonder_-_Siren,reverb_l3,reverb,3,drums,6.068134351031091,4.837917098350479,0.022911689389378154,0.028973478637606576
spleeter,Georgia_Wonder_-_Siren,reverb_l3,reverb,3,bass,7.312034080776875,6.435756228085722,-0.18489552159203715,-0.217217392654236
spleeter,Georgia_Wonder_-_Siren,reverb_l3,reverb,3,other,5.0609882320770625,3.4711170144702925,-0.3437799684400469,-0.46109064283805123
spleeter,Georgia_Wonder_-_Siren,reverb_l4,reverb,4,vocals,4.338347387824357,2.437255669402149,-0.7612588621933964,-1.2566215104369283
spleeter,Georgia_Wonder_-_Siren,reverb_l4,reverb,4,drums,6.079295760384409,4.853017032338921,0.03407309874269604,0.04407341262604891
spleeter,Georgia_Wonder_-_Siren,reverb_l4,reverb,4,bass,7.29882324918468,6.4193246733396165,-0.1981063531842322,-0.2336489474003418
spleeter,Georgia_Wonder_-_Siren,reverb_l4,reverb,4,other,5.021450181345173,3.424716978284455,-0.3833180191719361,-0.5074906790238889
demucs,Georgia_Wonder_-_Siren,bitcrush_l1,bitcrush,1,vocals,5.602313388148739,4.227039196760071,-0.3761230109398559,-0.5372788153829671
demucs,Georgia_Wonder_-_Siren,bitcrush_l1,bitcrush,1,drums,10.601542605634897,10.206984149895868,-0.12527221140380362,-0.1368160447233535
demucs,Georgia_Wonder_-_Siren,bitcrush_l1,bitcrush,1,bass,12.160348501949754,11.887914531129272,-0.047303397116921886,-0.05034195615238524
demucs,Georgia_Wonder_-_Siren,bitcrush_l1,bitcrush,1,other,6.616154036438595,5.564744057781795,-0.19185602131295365,-0.22978611825308093
demucs,Georgia_Wonder_-_Siren,bitcrush_l2,bitcrush,2,vocals,5.606534823100433,4.236200361455918,-0.3719015759881614,-0.5281176506871201
demucs,Georgia_Wonder_-_Siren,bitcrush_l2,bitcrush,2,drums,10.614716090650738,10.221217649258191,-0.1120987263879627,-0.12258254536103053
demucs,Georgia_Wonder_-_Siren,bitcrush_l2,bitcrush,2,bass,12.136962059399064,11.863007182157574,-0.07068983966761166,-0.07524930512408368
demucs,Georgia_Wonder_-_Siren,bitcrush_l2,bitcrush,2,other,6.6211698429689,5.570441339308664,-0.18684021478264867,-0.22408883672621194
demucs,Georgia_Wonder_-_Siren,bitcrush_l3,bitcrush,3,vocals,5.532210845783176,4.131738659657619,-0.44622555330541847,-0.6325793524854193
demucs,Georgia_Wonder_-_Siren,bitcrush_l3,bitcrush,3,drums,10.587603495405059,10.191824497577757,-0.13921132163364192,-0.15197569704146474
demucs,Georgia_Wonder_-_Siren,bitcrush_l3,bitcrush,3,bass,12.153372437451688,11.880464347578634,-0.05427946161498731,-0.05779213970302344
demucs,Georgia_Wonder_-_Siren,bitcrush_l3,bitcrush,3,other,6.562764139286298,5.499198896875191,-0.24524591846525112,-0.2953312791596847
demucs,Georgia_Wonder_-_Siren,bitcrush_l4,bitcrush,4,vocals,5.255222710429105,3.7330894202868556,-0.7232136886594898,-1.0312285918561823
demucs,Georgia_Wonder_-_Siren,bitcrush_l4,bitcrush,4,drums,10.542898335182455,10.142687932672484,-0.18391648185624554,-0.20111226194673826
demucs,Georgia_Wonder_-_Siren,bitcrush_l4,bitcrush,4,bass,12.139660249296522,11.865973177848637,-0.06799164977015337,-0.0722833094330202
demucs,Georgia_Wonder_-_Siren,bitcrush_l4,bitcrush,4,other,6.4247474805313045,5.338496627685842,-0.38326257722024426,-0.4560335483490334
demucs,Georgia_Wonder_-_Siren,compression_l1,compression,1,vocals,6.01044114490671,4.8015273943919095,0.03200474581811541,0.03720938224887149
demucs,Georgia_Wonder_-_Siren,compression_l1,compression,1,drums,10.651503040005444,10.26135042274683,-0.07531177703325653,-0.08244977187239222
demucs,Georgia_Wonder_-_Siren,compression_l1,compression,1,bass,12.14902596280194,11.875898323048839,-0.05862593626473611,-0.062358164232819036
demucs,Georgia_Wonder_-_Siren,compression_l1,compression,1,other,6.849903780106358,5.846583017737196,0.041893722354808816,0.05205284170232005
demucs,Georgia_Wonder_-_Siren,compression_l2,compression,2,vocals,5.773080583824174,4.4948625562852405,-0.20535581526442037,-0.2694554558577975
demucs,Georgia_Wonder_-_Siren,compression_l2,compression,2,drums,10.586679289201108,10.19048045584833,-0.1401355278375931,-0.15331973877089133
demucs,Georgia_Wonder_-_Siren,compression_l2,compression,2,bass,12.149540045453088,11.87641067422064,-0.05811185361358717,-0.06184581306101755
demucs,Georgia_Wonder_-_Siren,compression_l2,compression,2,other,6.714866774751026,5.6771298766599845,-0.09314328300052299,-0.11740029937489105
demucs,Georgia_Wonder_-_Siren,compression_l3,compression,3,vocals,5.650745395122842,4.3132443051910405,-0.3276910039657528,-0.45107370695199744
demucs,Georgia_Wonder_-_Siren,compression_l3,compression,3,drums,10.52693079994139,10.12512995757909,-0.19988401709731107,-0.21867023704013278
demucs,Georgia_Wonder_-_Siren,compression_l3,compression,3,bass,12.162931717118115,11.890662111940918,-0.04472018194856098,-0.04759437534073996
demucs,Georgia_Wonder_-_Siren,compression_l3,compression,3,other,6.700721128995976,5.662123703023656,-0.1072889287555725,-0.1324064730112191
demucs,Georgia_Wonder_-_Siren,compression_l4,compression,4,vocals,5.74186236098405,4.426997725288081,-0.23657403810454447,-0.33732028685495674
demucs,Georgia_Wonder_-_Siren,compression_l4,compression,4,drums,10.425856553031993,10.015690233394407,-0.30095826400670767,-0.32810996122481484
demucs,Georgia_Wonder_-_Siren,compression_l4,compression,4,bass,12.150325162127602,11.877297517549533,-0.057326736939073086,-0.06095896973212511
demucs,Georgia_Wonder_-_Siren,compression_l4,compression,4,other,6.769745036305106,5.750333824768916,-0.03826502144644284,-0.04419635126595978
demucs,Georgia_Wonder_-_Siren,delay_l1,delay,1,vocals,5.920826177550999,4.664970423784624,-0.05761022153759576,-0.09934758835841428
demucs,Georgia_Wonder_-_Siren,delay_l1,delay,1,drums,10.704710585081623,10.319624470234487,-0.022104231957078113,-0.02417572438473492
demucs,Georgia_Wonder_-_Siren,delay_l1,delay,1,bass,12.200895500707094,11.931056475769477,-0.006756398359581084,-0.007200011512180637
demucs,Georgia_Wonder_-_Siren,delay_l1,delay,1,other,6.787912720893469,5.769787229565022,-0.020097336858079906,-0.024742946469853422
demucs,Georgia_Wonder_-_Siren,delay_l2,delay,2,vocals,5.395148797933109,3.9402838391342225,-0.5832876011554857,-0.8240341730088154
demucs,Georgia_Wonder_-_Siren,delay_l2,delay,2,drums,10.66152763640672,10.272244177352384,-0.06528718063198014,-0.07155601726683791
demucs,Georgia_Wonder_-_Siren,delay_l2,delay,2,bass,12.1697367214154,11.897917466846962,-0.037915177651274945,-0.04033902043469517
demucs,Georgia_Wonder_-_Siren,delay_l2,delay,2,other,6.455674202514226,5.353115836944969,-0.3523358552373228,-0.44141433908990635
demucs,Georgia_Wonder_-_Siren,delay_l3,delay,3,vocals,5.154289964334717,3.5764799514514594,-0.8241464347538772,-1.1878380606915786
demucs,Georgia_Wonder_-_Siren,delay_l3,delay,3,drums,10.570969151398126,10.17407017883576,-0.1558456656405749,-0.16973001578346114
demucs,Georgia_Wonder_-_Siren,delay_l3,delay,3,bass,12.145779397778334,11.872436834982443,-0.06187250128834165,-0.06581965229921494
demucs,Georgia_Wonder_-_Siren,delay_l3,delay,3,other,6.321732831986738,5.19381728758166,-0.4862772257648107,-0.6007128884532156
demucs,Georgia_Wonder_-_Siren,delay_l4,delay,4,vocals,5.024159577478731,3.4008306921074833,-0.9542768216098638,-1.3634873200355546
demucs,Georgia_Wonder_-_Siren,delay_l4,delay,4,drums,10.465694430592734,10.058307386126089,-0.2611203864459668,-0.2854928084931334
demucs,Georgia_Wonder_-_Siren,delay_l4,delay,4,bass,12.11386325961609,11.838578662026304,-0.09378863945058491,-0.09967782525535362
demucs,Georgia_Wonder_-_Siren,delay_l4,delay,4,other,6.242554213371361,5.120627469279598,-0.565455844380188,-0.6739027067552774
demucs,Georgia_Wonder_-_Siren,original,original,0,vocals,5.9784363990885945,4.764318012143038,0.0,0.0
demucs,Georgia_Wonder_-_Siren,original,original,0,drums,10.7268148170387,10.343800194619222,0.0,0.0
demucs,Georgia_Wonder_-_Siren,original,original,0,bass,12.207651899066676,11.938256487281658,0.0,0.0
demucs,Georgia_Wonder_-_Siren,original,original,0,other,6.808010057751549,5.7945301760348755,0.0,0.0
demucs,Georgia_Wonder_-_Siren,reverb_l1,reverb,1,vocals,5.983361603096125,4.745270601073482,0.004925204007530937,-0.019047411069555764
demucs,Georgia_Wonder_-_Siren,reverb_l1,reverb,1,drums,10.688937041726255,10.30237610231148,-0.037877775312445294,-0.041424092307741134
demucs,Georgia_Wonder_-_Siren,reverb_l1,reverb,1,bass,12.1396201329738,11.865860830101392,-0.06803176609287576,-0.07239565718026597
demucs,Georgia_Wonder_-_Siren,reverb_l1,reverb,1,other,6.817309116803391,5.808561187913238,0.009299059051842029,0.01403101187836242
demucs,Georgia_Wonder_-_Siren,reverb_l2,reverb,2,vocals,5.213783656492581,3.6583418823206375,-0.7646527425960139,-1.1059761298224005
demucs,Georgia_Wonder_-_Siren,reverb_l2,reverb,2,drums,10.793394221195081,10.416036237369724,0.0665794041563803,0.072236042750502
demucs,Georgia_Wonder_-_Siren,reverb_l2,reverb,2,bass,12.137890746865295,11.86403099037394,-0.06976115220138013,-0.07422549690771696
demucs,Georgia_Wonder_-_Siren,reverb_l2,reverb,2,other,6.308548496175408,5.201950946265863,-0.4994615615761404,-0.5925792297690124
demucs,Georgia_Wonder_-_Siren,reverb_l3,reverb,3,vocals,4.471604469437988,2.5599075762284,-1.5068319296506063,-2.204410435914638
demucs,Georgia_Wonder_-_Siren,reverb_l3,reverb,3,drums,10.794472579140887,10.417893168757686,0.06765776210218633,0.07409297413846438
demucs,Georgia_Wonder_-_Siren,reverb_l3,reverb,3,bass,12.010458095545037,11.728226533389998,-0.19719380352163896,-0.21002995389165946
demucs,Georgia_Wonder_-_Siren,reverb_l3,reverb,3,other,5.6980024844680415,4.506545993770786,-1.1100075732835073,-1.2879841822640898
demucs,Georgia_Wonder_-_Siren,reverb_l4,reverb,4,vocals,3.794967411006977,1.4594991812753089,-2.1834689880816174,-3.3048188308677293
demucs,Georgia_Wonder_-_Siren,reverb_l4,reverb,4,drums,10.869852761669911,10.499647292132433,0.14303794463121022,0.15584709751321135
demucs,Georgia_Wonder_-_Siren,reverb_l4,reverb,4,bass,12.005217757522717,11.722605036747533,-0.202434141543959,-0.21565145053412493
demucs,Georgia_Wonder_-_Siren,reverb_l4,reverb,4,other,5.165521940933051,3.9535698073617302,-1.6424881168184982,-1.8409603686731453
spleeter,Girls_Under_Glass_-_We_Feel_Alright,bitcrush_l1,bitcrush,1,vocals,4.83948019110595,3.2014671262359555,-0.32492595492870624,-0.4855922992618913
spleeter,Girls_Under_Glass_-_We_Feel_Alright,bitcrush_l1,bitcrush,1,drums,6.4715273637725454,5.375320232755454,-0.0030424486684443863,-0.004535594194250869
spleeter,Girls_Under_Glass_-_We_Feel_Alright,bitcrush_l1,bitcrush,1,bass,3.8390661401633768,1.5246752818274545,-0.0026993257699836626,-0.004556125531905764
spleeter,Girls_Under_Glass_-_We_Feel_Alright,bitcrush_l1,bitcrush,1,other,5.651134193634614,4.468338427786739,0.011076132923809823,0.023139063793335524
spleeter,Girls_Under_Glass_-_We_Feel_Alright,bitcrush_l2,bitcrush,2,vocals,4.83931119937985,3.2009288973904915,-0.3250949466548061,-0.48613052810735535
spleeter,Girls_Under_Glass_-_We_Feel_Alright,bitcrush_l2,bitcrush,2,drums,6.4716359172043605,5.37541194315593,-0.002933895236629347,-0.0044438837937752496
spleeter,Girls_Under_Glass_-_We_Feel_Alright,bitcrush_l2,bitcrush,2,bass,3.8394630773555347,1.5253613368246688,-0.0023023885778257203,-0.003870070534691461
spleeter,Girls_Under_Glass_-_We_Feel_Alright,bitcrush_l2,bitcrush,2,other,5.651249794348131,4.468530466085648,0.011191733637327062,0.02333110209224465
spleeter,Girls_Under_Glass_-_We_Feel_Alright,bitcrush_l3,bitcrush,3,vocals,4.834994070963889,3.1932572792134604,-0.329412075070767,-0.49380214628438646
spleeter,Girls_Under_Glass_-_We_Feel_Alright,bitcrush_l3,bitcrush,3,drums,6.47200211289903,5.375951299301366,-0.002567699541959456,-0.003904527648339595
spleeter,Girls_Under_Glass_-_We_Feel_Alright,bitcrush_l3,bitcrush,3,bass,3.83935112003227,1.5251724890497822,-0.0024143459010903534,-0.004058918309578052
spleeter,Girls_Under_Glass_-_We_Feel_Alright,bitcrush_l3,bitcrush,3,other,5.649781310893401,4.466970638333737,0.009723250182596566,0.02177127434033377
spleeter,Girls_Under_Glass_-_We_Feel_Alright,bitcrush_l4,bitcrush,4,vocals,4.705137077447558,2.9913740120212684,-0.4592690685870977,-0.6956854134765784
spleeter,Girls_Under_Glass_-_We_Feel_Alright,bitcrush_l4,bitcrush,4,drums,6.467340933849392,5.36999504907387,-0.0072288785915981535,-0.009860777875835502
spleeter,Girls_Under_Glass_-_We_Feel_Alright,bitcrush_l4,bitcrush,4,bass,3.8433911895707986,1.532318140175811,0.0016257236374381812,0.003086732816450777
spleeter,Girls_Under_Glass_-_We_Feel_Alright,bitcrush_l4,bitcrush,4,other,5.620089013525211,4.435844279019206,-0.019969047185592892,-0.009355084974196792
spleeter,Girls_Under_Glass_-_We_Feel_Alright,compression_l1,compression,1,vocals,5.015011796310186,3.464600657858842,-0.14939434972446985,-0.22245876763900485
spleeter,Girls_Under_Glass_-_We_Feel_Alright,compression_l1,compression,1,drums,6.4697481899686995,5.373729914591413,-0.004821622472290343,-0.006125912358291963
spleeter,Girls_Under_Glass_-_We_Feel_Alright,compression_l1,compression,1,bass,3.840025220481741,1.5262412857708392,-0.0017402454516193266,-0.0029901215885210775
spleeter,Girls_Under_Glass_-_We_Feel_Alright,compression_l1,compression,1,other,5.630155783106909,4.432407598851417,-0.009902277603894838,-0.012791765141986211
spleeter,Girls_Under_Glass_-_We_Feel_Alright,compression_l2,compression,2,vocals,4.7638537044619955,3.077649690829649,-0.40055244157266046,-0.6094097346681977
spleeter,Girls_Under_Glass_-_We_Feel_Alright,compression_l2,compression,2,drums,6.448744228511326,5.346796070440417,-0.025825583929663942,-0.03305975650928783
spleeter,Girls_Under_Glass_-_We_Feel_Alright,compression_l2,compression,2,bass,3.8295059419429576,1.508427175291869,-0.012259523990402865,-0.02080423206749127
spleeter,Girls_Under_Glass_-_We_Feel_Alright,compression_l2,compression,2,other,5.622524611617918,4.42781885267888,-0.01753344909288579,-0.01738051131452334
spleeter,Girls_Under_Glass_-_We_Feel_Alright,compression_l3,compression,3,vocals,4.666021702873789,2.9152771462400713,-0.49838444316086683,-0.7717822792577755
spleeter,Girls_Under_Glass_-_We_Feel_Alright,compression_l3,compression,3,drums,6.42083763953464,5.311126312688436,-0.053732172906349795,-0.06872951426126939
spleeter,Girls_Under_Glass_-_We_Feel_Alright,compression_l3,compression,3,bass,3.8161230663555585,1.4857588169189608,-0.0256423995778019,-0.04347259044039942
spleeter,Girls_Under_Glass_-_We_Feel_Alright,compression_l3,compression,3,other,5.626460310832413,4.4405855828270475,-0.013597749878391241,-0.0046137811663555794
spleeter,Girls_Under_Glass_-_We_Feel_Alright,compression_l4,compression,4,vocals,4.650344126297932,2.885512316641006,-0.5140620197367243,-0.8015471088568407
spleeter,Girls_Under_Glass_-_We_Feel_Alright,compression_l4,compression,4,drums,6.114782863690791,4.942616376703902,-0.359786948750199,-0.43723945024580324
spleeter,Girls_Under_Glass_-_We_Feel_Alright,compression_l4,compression,4,bass,3.3269539762941096,0.6137730048341234,-0.5148114896392508,-0.9154584025252368
spleeter,Girls_Under_Glass_-_We_Feel_Alright,compression_l4,compression,4,other,5.230429258283474,4.005965586290745,-0.40962880242733046,-0.4392337777026585
spleeter,Girls_Under_Glass_-_We_Feel_Alright,delay_l1,delay,1,vocals,4.80573332269265,3.1623804336905565,-0.35867282334200556,-0.5246789918072903
spleeter,Girls_Under_Glass_-_We_Feel_Alright,delay_l1,delay,1,drums,6.447541549028574,5.348467322257308,-0.02702826341241593,-0.03138850469239696
spleeter,Girls_Under_Glass_-_We_Feel_Alright,delay_l1,delay,1,bass,3.8269123611772664,1.5039673544533065,-0.014853104756094027,-0.025264052906053713
spleeter,Girls_Under_Glass_-_We_Feel_Alright,delay_l1,delay,1,other,5.571799293222264,4.353104994057799,-0.06825876748854043,-0.09209436993560427
spleeter,Girls_Under_Glass_-_We_Feel_Alright,delay_l2,delay,2,vocals,4.39581709233202,2.4662826453451285,-0.7685890537026356,-1.2207767801527183
spleeter,Girls_Under_Glass_-_We_Feel_Alright,delay_l2,delay,2,drums,6.442240827039019,5.342256534435961,-0.032328985401971266,-0.037599292513744054
spleeter,Girls_Under_Glass_-_We_Feel_Alright,delay_l2,delay,2,bass,3.7857682278165816,1.4334513734547383,-0.055997238116778814,-0.09578003390462198
spleeter,Girls_Under_Glass_-_We_Feel_Alright,delay_l2,delay,2,other,5.414378816989204,4.183617128000008,-0.22567924372159975,-0.26158223599339525
spleeter,Girls_Under_Glass_-_We_Feel_Alright,delay_l3,delay,3,vocals,3.8863111803263664,1.6078866642251706,-1.2780949657082896,-2.0791727612726763
spleeter,Girls_Under_Glass_-_We_Feel_Alright,delay_l3,delay,3,drums,6.43508946386652,5.331561757078235,-0.039480348574469915,-0.04829406987146978
spleeter,Girls_Under_Glass_-_We_Feel_Alright,delay_l3,delay,3,bass,3.7887482679597904,1.4394961267978674,-0.053017197973570074,-0.08973528056149283
spleeter,Girls_Under_Glass_-_We_Feel_Alright,delay_l3,delay,3,other,5.2656045061790735,4.026085520199026,-0.3744535545317307,-0.4191138437943769
spleeter,Girls_Under_Glass_-_We_Feel_Alright,delay_l4,delay,4,vocals,3.469480811714794,0.8758643219712663,-1.694925334319862,-2.8111951035265808
spleeter,Girls_Under_Glass_-_We_Feel_Alright,delay_l4,delay,4,drums,6.395664857142666,5.2854415875985685,-0.07890495529832364,-0.09441423935113669
spleeter,Girls_Under_Glass_-_We_Feel_Alright,delay_l4,delay,4,bass,3.6712968738083447,1.2345580821611162,-0.17046859212501575,-0.2946733251982441
spleeter,Girls_Under_Glass_-_We_Feel_Alright,delay_l4,delay,4,other,5.024752988371627,3.7879940137201547,-0.6153050723391775,-0.6572053502732484
spleeter,Girls_Under_Glass_-_We_Feel_Alright,original,original,0,vocals,5.164406146034656,3.687059425497847,0.0,0.0
spleeter,Girls_Under_Glass_-_We_Feel_Alright,original,original,0,drums,6.47456981244099,5.379855826949705,0.0,0.0
spleeter,Girls_Under_Glass_-_We_Feel_Alright,original,original,0,bass,3.8417654659333604,1.5292314073593603,0.0,0.0
spleeter,Girls_Under_Glass_-_We_Feel_Alright,original,original,0,other,5.640058060710804,4.445199363993403,0.0,0.0
spleeter,Girls_Under_Glass_-_We_Feel_Alright,reverb_l1,reverb,1,vocals,3.1822407642002264,0.3958766323345212,-1.9821653818344296,-3.2911827931633257
spleeter,Girls_Under_Glass_-_We_Feel_Alright,reverb_l1,reverb,1,drums,6.339619539938366,5.2123236601864145,-0.13495027250262392,-0.16753216676329075
spleeter,Girls_Under_Glass_-_We_Feel_Alright,reverb_l1,reverb,1,bass,3.4014655689714384,0.7909369441189712,-0.44029989696192207,-0.738294463240389
spleeter,Girls_Under_Glass_-_We_Feel_Alright,reverb_l1,reverb,1,other,5.6765107884215915,4.515076902172371,0.036452727710787336,0.06987753817896802
spleeter,Girls_Under_Glass_-_We_Feel_Alright,reverb_l2,reverb,2,vocals,0.5513107104430797,-8.672642831742717,-4.6130954355915765,-12.359702257240563
spleeter,Girls_Under_Glass_-_We_Feel_Alright,reverb_l2,reverb,2,drums,6.169640015255143,5.001919472599935,-0.3049297971858467,-0.37793635434977
spleeter,Girls_Under_Glass_-_We_Feel_Alright,reverb_l2,reverb,2,bass,2.4633886465851904,-0.7027185456739147,-1.37837681934817,-2.2319499530332747
spleeter,Girls_Under_Glass_-_We_Feel_Alright,reverb_l2,reverb,2,other,5.717407089898435,4.67661029608229,0.07734902918763087,0.2314109320888873
spleeter,Girls_Under_Glass_-_We_Feel_Alright,reverb_l3,reverb,3,vocals,0.21528284165286843,-12.937118667703443,-4.9491233043817875,-16.62417809320129
spleeter,Girls_Under_Glass_-_We_Feel_Alright,reverb_l3,reverb,3,drums,6.153969025574273,4.981637427955133,-0.32060078686671645,-0.39821839899457245
spleeter,Girls_Under_Glass_-_We_Feel_Alright,reverb_l3,reverb,3,bass,2.240722400238556,-1.0293033333203487,-1.6010430656948045,-2.558534740679709
spleeter,Girls_Under_Glass_-_We_Feel_Alright,reverb_l3,reverb,3,other,5.714303573854242,4.718895680460328,0.07424551314343741,0.2736963164669248
spleeter,Girls_Under_Glass_-_We_Feel_Alright,reverb_l4,reverb,4,vocals,0.20131695339706854,-13.234176588041077,-4.963089192637588,-16.921236013538923
spleeter,Girls_Under_Glass_-_We_Feel_Alright,reverb_l4,reverb,4,drums,6.156422464281098,4.985402844936468,-0.31814734815989176,-0.3944529820132372
spleeter,Girls_Under_Glass_-_We_Feel_Alright,reverb_l4,reverb,4,bass,2.218739160149841,-1.0650574380107145,-1.6230263057835193,-2.594288845370075
spleeter,Girls_Under_Glass_-_We_Feel_Alright,reverb_l4,reverb,4,other,5.711963656962752,4.717829105124725,0.07190559625194748,0.2726297411313219
demucs,Girls_Under_Glass_-_We_Feel_Alright,bitcrush_l1,bitcrush,1,vocals,6.4090934604341,5.293718532979074,0.007538674983961435,0.005521332753360753
demucs,Girls_Under_Glass_-_We_Feel_Alright,bitcrush_l1,bitcrush,1,drums,8.851110345380881,8.248797163389606,0.006580099279499763,0.008179666803957986
demucs,Girls_Under_Glass_-_We_Feel_Alright,bitcrush_l1,bitcrush,1,bass,5.291339926842598,3.8582719159248584,-0.0262888076411123,-0.03779618058395773
demucs,Girls_Under_Glass_-_We_Feel_Alright,bitcrush_l1,bitcrush,1,other,6.104327355027537,4.883398406603256,-0.03191305278590484,-0.041387244367816045
demucs,Girls_Under_Glass_-_We_Feel_Alright,bitcrush_l2,bitcrush,2,vocals,6.406330621188245,5.2912233142831475,0.004775835738106693,0.003026114057433915
demucs,Girls_Under_Glass_-_We_Feel_Alright,bitcrush_l2,bitcrush,2,drums,8.864163327727812,8.2641836330532,0.019633081626430737,0.023566136467552568
demucs,Girls_Under_Glass_-_We_Feel_Alright,bitcrush_l2,bitcrush,2,bass,5.2891276210144955,3.8477835273165635,-0.0285011134692148,-0.04828456919225266
demucs,Girls_Under_Glass_-_We_Feel_Alright,bitcrush_l2,bitcrush,2,other,6.105217828324782,4.885126192427726,-0.03102257948865983,-0.03965945854334585
demucs,Girls_Under_Glass_-_We_Feel_Alright,bitcrush_l3,bitcrush,3,vocals,6.398224175714832,5.281784772845674,-0.0033306097353067443,-0.006412427380039887
demucs,Girls_Under_Glass_-_We_Feel_Alright,bitcrush_l3,bitcrush,3,drums,8.863419748322572,8.26260503091998,0.01888950222119057,0.021987534334332537
demucs,Girls_Under_Glass_-_We_Feel_Alright,bitcrush_l3,bitcrush,3,bass,5.305986008296999,3.873758522909385,-0.011642726186710917,-0.022309573599430976
demucs,Girls_Under_Glass_-_We_Feel_Alright,bitcrush_l3,bitcrush,3,other,6.120625279933344,4.904980354571823,-0.015615127880098001,-0.019805296399248995
demucs,Girls_Under_Glass_-_We_Feel_Alright,bitcrush_l4,bitcrush,4,vocals,6.222167599404276,5.045902734169961,-0.17938718604586246,-0.24229446605575244
demucs,Girls_Under_Glass_-_We_Feel_Alright,bitcrush_l4,bitcrush,4,drums,8.84884984690419,8.246302355658454,0.0043196008028090205,0.005684859072806248
demucs,Girls_Under_Glass_-_We_Feel_Alright,bitcrush_l4,bitcrush,4,bass,5.2727966773239885,3.827383961139057,-0.04483205715972183,-0.06868413536975915
demucs,Girls_Under_Glass_-_We_Feel_Alright,bitcrush_l4,bitcrush,4,other,6.054800477194467,4.819454767871386,-0.08143993061897437,-0.1053308830996853
demucs,Girls_Under_Glass_-_We_Feel_Alright,compression_l1,compression,1,vocals,6.264393973425709,5.1108972065850065,-0.13716081202442965,-0.17729999364070714
demucs,Girls_Under_Glass_-_We_Feel_Alright,compression_l1,compression,1,drums,8.874399288891844,8.275810770536093,0.02986904279046243,0.035193273950445914
demucs,Girls_Under_Glass_-_We_Feel_Alright,compression_l1,compression,1,bass,5.293703266358966,3.8590115867088794,-0.023925468124744498,-0.03705650979993669
demucs,Girls_Under_Glass_-_We_Feel_Alright,compression_l1,compression,1,other,6.085981616319801,4.858532041484421,-0.050258791493640764,-0.06625360948665104
demucs,Girls_Under_Glass_-_We_Feel_Alright,compression_l2,compression,2,vocals,6.099309826765522,4.892008848795763,-0.302244958684617,-0.39618835142995046
demucs,Girls_Under_Glass_-_We_Feel_Alright,compression_l2,compression,2,drums,8.878231381304063,8.279793950520718,0.0337011352026817,0.0391764539350703
demucs,Girls_Under_Glass_-_We_Feel_Alright,compression_l2,compression,2,bass,5.298017329641124,3.8607473735438127,-0.01961140484258639,-0.03532072296500344
demucs,Girls_Under_Glass_-_We_Feel_Alright,compression_l2,compression,2,other,6.076516074998633,4.846112556768018,-0.05972433281480871,-0.07867309420305357
demucs,Girls_Under_Glass_-_We_Feel_Alright,compression_l3,compression,3,vocals,6.066527247414192,4.845667723196309,-0.33502753803594665,-0.4425294770294048
demucs,Girls_Under_Glass_-_We_Feel_Alright,compression_l3,compression,3,drums,8.832411375232901,8.227096141482392,-0.012118870868480514,-0.013521355103256028
demucs,Girls_Under_Glass_-_We_Feel_Alright,compression_l3,compression,3,bass,5.259655364775283,3.8141210758455513,-0.057973369708427036,-0.08194702066326487
demucs,Girls_Under_Glass_-_We_Feel_Alright,compression_l3,compression,3,other,6.064296537578509,4.83002513338401,-0.0719438702349322,-0.09476051758706205
demucs,Girls_Under_Glass_-_We_Feel_Alright,compression_l4,compression,4,vocals,6.240888989365585,5.071426332561014,-0.16066579608455367,-0.21677086766469955
demucs,Girls_Under_Glass_-_We_Feel_Alright,compression_l4,compression,4,drums,8.84392700418951,8.240927853977167,-0.0006032419118717769,0.0003103573915197444
demucs,Girls_Under_Glass_-_We_Feel_Alright,compression_l4,compression,4,bass,5.293578343844251,3.8603432834759848,-0.02405039063945935,-0.03572481303283137
demucs,Girls_Under_Glass_-_We_Feel_Alright,compression_l4,compression,4,other,6.13744845417898,4.926574966865013,0.0012080463655381735,0.001789315893941712
demucs,Girls_Under_Glass_-_We_Feel_Alright,delay_l1,delay,1,vocals,6.006792322833086,4.762029009464771,-0.3947624626170523,-0.5261681907609423
demucs,Girls_Under_Glass_-_We_Feel_Alright,delay_l1,delay,1,drums,8.835020591461,8.230354682360446,-0.009509654640382337,-0.010262814225201922
demucs,Girls_Under_Glass_-_We_Feel_Alright,delay_l1,delay,1,bass,5.258443507784063,3.817572725314759,-0.059185226699646876,-0.07849537119405703
demucs,Girls_Under_Glass_-_We_Feel_Alright,delay_l1,delay,1,other,6.028451675729302,4.782392806048202,-0.1077887320841393,-0.14239284492286952
demucs,Girls_Under_Glass_-_We_Feel_Alright,delay_l2,delay,2,vocals,5.446795989762543,3.9915172529315694,-0.9547587956875958,-1.2966799472941442
demucs,Girls_Under_Glass_-_We_Feel_Alright,delay_l2,delay,2,drums,8.858456396666863,8.258060717203229,0.013926150565481521,0.01744322061758119
demucs,Girls_Under_Glass_-_We_Feel_Alright,delay_l2,delay,2,bass,5.319808063366677,3.8907686008995985,0.002179328882967013,-0.005299495609217608
demucs,Girls_Under_Glass_-_We_Feel_Alright,delay_l2,delay,2,other,5.979694314613436,4.717355330336165,-0.15654609320000556,-0.20743032063490663
demucs,Girls_Under_Glass_-_We_Feel_Alright,delay_l3,delay,3,vocals,5.01842318984332,3.376031749569461,-1.3831315956068186,-1.9121654506562527
demucs,Girls_Under_Glass_-_We_Feel_Alright,delay_l3,delay,3,drums,8.87042744136455,8.272101518199566,0.025897195263167916,0.0314840216139185
demucs,Girls_Under_Glass_-_We_Feel_Alright,delay_l3,delay,3,bass,5.274730496847737,3.82437896788113,-0.042898237635973224,-0.07168912862768595
demucs,Girls_Under_Glass_-_We_Feel_Alright,delay_l3,delay,3,other,5.837326686320655,4.528475017174129,-0.29891372149278617,-0.39631063379694265
demucs,Girls_Under_Glass_-_We_Feel_Alright,delay_l4,delay,4,vocals,4.6493184482682235,2.8293680498846334,-1.7522363371819152,-2.45882915034108
demucs,Girls_Under_Glass_-_We_Feel_Alright,delay_l4,delay,4,drums,8.859665764435299,8.25955118965307,0.01513551833391702,0.018933693067422652
demucs,Girls_Under_Glass_-_We_Feel_Alright,delay_l4,delay,4,bass,5.306589883702436,3.8703684306734,-0.011038850781273979,-0.025699665835416052
demucs,Girls_Under_Glass_-_We_Feel_Alright,delay_l4,delay,4,other,5.802745783806966,4.483069012744817,-0.3334946240064758,-0.4417166382262545
demucs,Girls_Under_Glass_-_We_Feel_Alright,original,original,0,vocals,6.401554785450139,5.288197200225714,0.0,0.0
demucs,Girls_Under_Glass_-_We_Feel_Alright,original,original,0,drums,8.844530246101382,8.240617496585648,0.0,0.0
demucs,Girls_Under_Glass_-_We_Feel_Alright,original,original,0,bass,5.31762873448371,3.896068096508816,0.0,0.0
demucs,Girls_Under_Glass_-_We_Feel_Alright,original,original,0,other,6.136240407813442,4.924785650971072,0.0,0.0
demucs,Girls_Under_Glass_-_We_Feel_Alright,reverb_l1,reverb,1,vocals,4.596254506517945,2.74576665022294,-1.8053002789321937,-2.5424305500027735
demucs,Girls_Under_Glass_-_We_Feel_Alright,reverb_l1,reverb,1,drums,8.787142705710373,8.17475075848699,-0.057387540391008685,-0.0658667380986575
demucs,Girls_Under_Glass_-_We_Feel_Alright,reverb_l1,reverb,1,bass,4.888842312949626,3.336200734101233,-0.42878642153408464,-0.5598673624075832
demucs,Girls_Under_Glass_-_We_Feel_Alright,reverb_l1,reverb,1,other,5.941096311158609,4.671431785275508,-0.19514409665483257,-0.25335386569556384
demucs,Girls_Under_Glass_-_We_Feel_Alright,reverb_l2,reverb,2,vocals,1.1999139787121476,-4.883455371896578,-5.201640806737991,-10.17165257212229
demucs,Girls_Under_Glass_-_We_Feel_Alright,reverb_l2,reverb,2,drums,8.780941617730406,8.168163627906692,-0.0635886283709759,-0.07245386867895576
demucs,Girls_Under_Glass_-_We_Feel_Alright,reverb_l2,reverb,2,bass,3.708067746242361,1.8691245285184277,-1.6095609882413493,-2.026943567990388
demucs,Girls_Under_Glass_-_We_Feel_Alright,reverb_l2,reverb,2,other,5.805187539727026,4.529529232373276,-0.33105286808641576,-0.39525641859779537
demucs,Girls_Under_Glass_-_We_Feel_Alright,reverb_l3,reverb,3,vocals,0.5654005373859424,-8.420399002455833,-5.836154248064196,-13.708596202681546
demucs,Girls_Under_Glass_-_We_Feel_Alright,reverb_l3,reverb,3,drums,8.760457328337754,8.143919926925939,-0.08407291776362769,-0.09669756965970855
demucs,Girls_Under_Glass_-_We_Feel_Alright,reverb_l3,reverb,3,bass,3.484865241324136,1.6125849136754637,-1.8327634931595744,-2.2834831828333524
demucs,Girls_Under_Glass_-_We_Feel_Alright,reverb_l3,reverb,3,other,5.702551305844611,4.423473615186863,-0.4336891019688309,-0.5013120357842089
demucs,Girls_Under_Glass_-_We_Feel_Alright,reverb_l4,reverb,4,vocals,0.484066577018073,-9.134551663220178,-5.917488208432066,-14.422748863445891
demucs,Girls_Under_Glass_-_We_Feel_Alright,reverb_l4,reverb,4,drums,8.742853449660785,8.123553688492377,-0.10167679644059646,-0.11706380809327044
demucs,Girls_Under_Glass_-_We_Feel_Alright,reverb_l4,reverb,4,bass,3.419200991892831,1.5201797995349196,-1.8984277425908793,-2.375888296973897
demucs,Girls_Under_Glass_-_We_Feel_Alright,reverb_l4,reverb,4,other,5.667479694784088,4.3883242294892035,-0.4687607130293534,-0.5364614214818682
spleeter,Hollow_Ground_-_Ill_Fate,bitcrush_l1,bitcrush,1,vocals,6.0131073515987445,4.801785139152109,-0.26391596672084816,-0.3550828596732867
spleeter,Hollow_Ground_-_Ill_Fate,bitcrush_l1,bitcrush,1,drums,3.3330088862451888,0.6733074369071665,-0.017616136289607454,-0.03064811029104031
spleeter,Hollow_Ground_-_Ill_Fate,bitcrush_l1,bitcrush,1,bass,1.3465771358042802,-3.6545219216285165,0.008204722082822968,0.008934059820649765
spleeter,Hollow_Ground_-_Ill_Fate,bitcrush_l1,bitcrush,1,other,5.482412346586157,4.059598609010881,0.008474355260725375,0.012990958062511382
spleeter,Hollow_Ground_-_Ill_Fate,bitcrush_l2,bitcrush,2,vocals,6.011913802999954,4.800197808992356,-0.26510951531963833,-0.3566701898330402
spleeter,Hollow_Ground_-_Ill_Fate,bitcrush_l2,bitcrush,2,drums,3.3330668215778925,0.6736626996002626,-0.017558200956903747,-0.03029284759794426
spleeter,Hollow_Ground_-_Ill_Fate,bitcrush_l2,bitcrush,2,bass,1.347784551662622,-3.6507734690526714,0.009412137941164689,0.012682512396494872
spleeter,Hollow_Ground_-_Ill_Fate,bitcrush_l2,bitcrush,2,other,5.483458102907528,4.060818562474486,0.009520111582096646,0.014210911526116199
spleeter,Hollow_Ground_-_Ill_Fate,bitcrush_l3,bitcrush,3,vocals,5.994335984243902,4.775458878263789,-0.2826873340756908,-0.3814091205616066
spleeter,Hollow_Ground_-_Ill_Fate,bitcrush_l3,bitcrush,3,drums,3.32936218725987,0.6670308003128536,-0.02126283527492623,-0.0369247468853533
spleeter,Hollow_Ground_-_Ill_Fate,bitcrush_l3,bitcrush,3,bass,1.35031211611822,-3.644984986869147,0.011939702396762897,0.01847099458001944
spleeter,Hollow_Ground_-_Ill_Fate,bitcrush_l3,bitcrush,3,other,5.483562571812359,4.061412993293113,0.009624580486927492,0.014805342344743622
spleeter,Hollow_Ground_-_Ill_Fate,bitcrush_l4,bitcrush,4,vocals,5.780010865870519,4.475127814373953,-0.49701245244907355,-0.681740184451443
spleeter,Hollow_Ground_-_Ill_Fate,bitcrush_l4,bitcrush,4,drums,3.322884157220336,0.6493477770751617,-0.027740865314460184,-0.054607770123045185
spleeter,Hollow_Ground_-_Ill_Fate,bitcrush_l4,bitcrush,4,bass,1.342599860183764,-3.670130242892803,0.004227446462306883,-0.006674261443636809
spleeter,Hollow_Ground_-_Ill_Fate,bitcrush_l4,bitcrush,4,other,5.466163565107341,4.036809094715758,-0.007774426218090547,-0.009798556232611944
spleeter,Hollow_Ground_-_Ill_Fate,compression_l1,compression,1,vocals,6.193251552193956,5.046398281220737,-0.0837717661256363,-0.11046971760465851
spleeter,Hollow_Ground_-_Ill_Fate,compression_l1,compression,1,drums,3.347009748470186,0.6978589195676049,-0.003615274064610041,-0.006096627630601925
spleeter,Hollow_Ground_-_Ill_Fate,compression_l1,compression,1,bass,1.32651703892037,-3.660160464065702,-0.011855374801087226,0.0032955173834641194
spleeter,Hollow_Ground_-_Ill_Fate,compression_l1,compression,1,other,5.464865317968108,4.031374542243728,-0.009072673357323424,-0.015233108704642007
spleeter,Hollow_Ground_-_Ill_Fate,compression_l2,compression,2,vocals,6.0425115376065435,4.848300161470882,-0.23451178071304923,-0.30856783735451376
spleeter,Hollow_Ground_-_Ill_Fate,compression_l2,compression,2,drums,3.341843613056522,0.6907382765723246,-0.008781409478274327,-0.013217270625882294
spleeter,Hollow_Ground_-_Ill_Fate,compression_l2,compression,2,bass,1.327116175743872,-3.653163832126432,-0.011256237977585126,0.010292149322734367
spleeter,Hollow_Ground_-_Ill_Fate,compression_l2,compression,2,other,5.462963615462456,4.027958638265355,-0.01097437586297545,-0.018649012683014554
spleeter,Hollow_Ground_-_Ill_Fate,compression_l3,compression,3,vocals,5.963970394007373,4.7470007392241005,-0.31305292431221954,-0.40986725960129533
spleeter,Hollow_Ground_-_Ill_Fate,compression_l3,compression,3,drums,3.3337831112873175,0.6775038843145519,-0.01684191124747869,-0.02645166288365497
spleeter,Hollow_Ground_-_Ill_Fate,compression_l3,compression,3,bass,1.343495146992626,-3.6433685255730994,0.0051227332711687446,0.020087455876066862
spleeter,Hollow_Ground_-_Ill_Fate,compression_l3,compression,3,other,5.47039785459584,4.040763496187051,-0.0035401367295921915,-0.005844154761319054
spleeter,Hollow_Ground_-_Ill_Fate,compression_l4,compression,4,vocals,6.031057924505406,4.834538573887524,-0.24596539381418658,-0.3223294249378714
spleeter,Hollow_Ground_-_Ill_Fate,compression_l4,compression,4,drums,3.335338984229562,0.6770532119719459,-0.015286038305234229,-0.026902335226260954
spleeter,Hollow_Ground_-_Ill_Fate,compression_l4,compression,4,bass,1.3420055449622645,-3.6715527024995067,0.00363313124080733,-0.008096721050340427
spleeter,Hollow_Ground_-_Ill_Fate,compression_l4,compression,4,other,5.466526748408494,4.039724664900662,-0.0074112429169375105,-0.00688298604770754
spleeter,Hollow_Ground_-_Ill_Fate,delay_l1,delay,1,vocals,5.695915096359885,4.333361863749919,-0.5811082219597079,-0.8235061350754771
spleeter,Hollow_Ground_-_Ill_Fate,delay_l1,delay,1,drums,3.363550424435851,0.725292347063809,0.012925401901054734,0.021336799865602107
spleeter,Hollow_Ground_-_Ill_Fate,delay_l1,delay,1,bass,1.1749635594113144,-3.779975960642215,-0.16340885431014285,-0.11651997919304868
spleeter,Hollow_Ground_-_Ill_Fate,delay_l1,delay,1,other,5.285012398821362,3.7680186360850945,-0.18892559250407004,-0.27858901486327525
spleeter,Hollow_Ground_-_Ill_Fate,delay_l2,delay,2,vocals,4.692494474437835,3.019602890738082,-1.584528843881758,-2.137265108087314
spleeter,Hollow_Ground_-_Ill_Fate,delay_l2,delay,2,drums,3.33370864547873,0.6625064147926063,-0.01691637705606608,-0.04144913240560055
spleeter,Hollow_Ground_-_Ill_Fate,delay_l2,delay,2,bass,1.107148631302837,-3.7593238072149546,-0.2312237824186203,-0.09586782576578834
spleeter,Hollow_Ground_-_Ill_Fate,delay_l2,delay,2,other,5.118626440662708,3.536850120010363,-0.3553115506627238,-0.5097575309380069
spleeter,Hollow_Ground_-_Ill_Fate,delay_l3,delay,3,vocals,3.8339819671222486,1.8906771542692549,-2.443041351197344,-3.266190844556141
spleeter,Hollow_Ground_-_Ill_Fate,delay_l3,delay,3,drums,3.3586427064639732,0.7085379099128392,0.00801768392917701,0.004582362714632304
spleeter,Hollow_Ground_-_Ill_Fate,delay_l3,delay,3,bass,1.058541483427295,-3.8355240642620467,-0.2798309302941622,-0.17206808281288044
spleeter,Hollow_Ground_-_Ill_Fate,delay_l3,delay,3,other,4.96987448740524,3.33009621004364,-0.5040635039201922,-0.7165114409047297
spleeter,Hollow_Ground_-_Ill_Fate,delay_l4,delay,4,vocals,2.999576287063636,0.49437193264168333,-3.2774470312559565,-4.662496066183713
spleeter,Hollow_Ground_-_Ill_Fate,delay_l4,delay,4,drums,3.3188810931940944,0.6228369681266093,-0.031743929340701804,-0.08111857907159759
spleeter,Hollow_Ground_-_Ill_Fate,delay_l4,delay,4,bass,1.0177835682893268,-3.8927399880344793,-0.3205888454321304,-0.229284006585313
spleeter,Hollow_Ground_-_Ill_Fate,delay_l4,delay,4,other,4.8313470569930645,3.140754452532178,-0.6425909343323672,-0.9058531984161915
spleeter,Hollow_Ground_-_Ill_Fate,original,original,0,vocals,6.277023318319593,5.156867998825396,0.0,0.0
spleeter,Hollow_Ground_-_Ill_Fate,original,original,0,drums,3.350625022534796,0.7039555471982069,0.0,0.0
spleeter,Hollow_Ground_-_Ill_Fate,original,original,0,bass,1.3383724137214572,-3.6634559814491663,0.0,0.0
spleeter,Hollow_Ground_-_Ill_Fate,original,original,0,other,5.473937991325432,4.04660765094837,0.0,0.0
spleeter,Hollow_Ground_-_Ill_Fate,reverb_l1,reverb,1,vocals,5.87903601793506,4.584540682179749,-0.3979873003845329,-0.5723273166456471
spleeter,Hollow_Ground_-_Ill_Fate,reverb_l1,reverb,1,drums,3.3791639010412435,0.7383622188921263,0.02853887850644732,0.03440667169391942
spleeter,Hollow_Ground_-_Ill_Fate,reverb_l1,reverb,1,bass,1.1370274556563613,-3.9215745159778908,-0.2013449580650959,-0.25811853452872446
spleeter,Hollow_Ground_-_Ill_Fate,reverb_l1,reverb,1,other,5.289329622073775,3.7777576496908005,-0.1846083692516567,-0.2688500012575692
spleeter,Hollow_Ground_-_Ill_Fate,reverb_l2,reverb,2,vocals,3.362597950595631,0.9848222279929902,-2.9144253677239615,-4.172045770832406
spleeter,Hollow_Ground_-_Ill_Fate,reverb_l2,reverb,2,drums,3.4065625200565735,0.7679684712220568,0.055937497521777235,0.06401292402384995
spleeter,Hollow_Ground_-_Ill_Fate,reverb_l2,reverb,2,bass,0.8048979286301376,-5.024183712414957,-0.5334744850913196,-1.3607277309657908
spleeter,Hollow_Ground_-_Ill_Fate,reverb_l2,reverb,2,other,4.703456070193921,3.0377448065614514,-0.7704819211315108,-1.0088628443869183
spleeter,Hollow_Ground_-_Ill_Fate,reverb_l3,reverb,3,vocals,2.702863658651352,-0.2391467110047621,-3.574159659668241,-5.396014709830158
spleeter,Hollow_Ground_-_Ill_Fate,reverb_l3,reverb,3,drums,3.4197933628181607,0.7919041470785769,0.0691683402833645,0.08794859988037007
spleeter,Hollow_Ground_-_Ill_Fate,reverb_l3,reverb,3,bass,0.8196773683559126,-5.202197191817194,-0.5186950453655446,-1.5387412103680278
spleeter,Hollow_Ground_-_Ill_Fate,reverb_l3,reverb,3,other,4.575017080134347,2.9349538128827257,-0.8989209111910847,-1.111653838065644
spleeter,Hollow_Ground_-_Ill_Fate,reverb_l4,reverb,4,vocals,2.8138413188840437,-0.02164952958504502,-3.463181999435549,-5.178517528410441
spleeter,Hollow_Ground_-_Ill_Fate,reverb_l4,reverb,4,drums,3.4316859852633557,0.8174216028964512,0.08106096272855945,0.1134660556982443
spleeter,Hollow_Ground_-_Ill_Fate,reverb_l4,reverb,4,bass,0.8800843032490884,-5.009102126122875,-0.45828811047236884,-1.345646144673709
spleeter,Hollow_Ground_-_Ill_Fate,reverb_l4,reverb,4,other,4.628560997709334,3.002280273328033,-0.8453769936160977,-1.0443273776203368
demucs,Hollow_Ground_-_Ill_Fate,bitcrush_l1,bitcrush,1,vocals,7.738635187556703,6.938213488066721,-0.03578891912554116,-0.04576190277658476
demucs,Hollow_Ground_-_Ill_Fate,bitcrush_l1,bitcrush,1,drums,6.573435058091955,5.4997069476000995,-0.041737538444361455,-0.05489365045395722
demucs,Hollow_Ground_-_Ill_Fate,bitcrush_l1,bitcrush,1,bass,2.627635095079916,0.030603079855098657,0.018619855193766188,0.0978141950992894
demucs,Hollow_Ground_-_Ill_Fate,bitcrush_l1,bitcrush,1,other,6.616073680625388,5.582806739502825,0.023422385618355968,0.022748043828993758
demucs,Hollow_Ground_-_Ill_Fate,bitcrush_l2,bitcrush,2,vocals,7.759674589585001,6.963481506686416,-0.01474951709724337,-0.02049388415688913
demucs,Hollow_Ground_-_Ill_Fate,bitcrush_l2,bitcrush,2,drums,6.568908722186102,5.496962071228477,-0.04626387435021506,-0.05763852682557946
demucs,Hollow_Ground_-_Ill_Fate,bitcrush_l2,bitcrush,2,bass,2.6047200348467947,-0.049448933882996454,-0.00429520503935521,0.017762181361194285
demucs,Hollow_Ground_-_Ill_Fate,bitcrush_l2,bitcrush,2,other,6.59482503172719,5.554896894282534,0.0021737367201577484,-0.005161801391297516
demucs,Hollow_Ground_-_Ill_Fate,bitcrush_l3,bitcrush,3,vocals,7.727877320129275,6.925258349482515,-0.04654678655296873,-0.058717041360790034
demucs,Hollow_Ground_-_Ill_Fate,bitcrush_l3,bitcrush,3,drums,6.587834676582105,5.519809153305911,-0.027337919954211642,-0.034791444748146105
demucs,Hollow_Ground_-_Ill_Fate,bitcrush_l3,bitcrush,3,bass,2.6664403728424273,0.049878241727108814,0.05742513295627738,0.11708935697129955
demucs,Hollow_Ground_-_Ill_Fate,bitcrush_l3,bitcrush,3,other,6.610275553949705,5.585282084114224,0.017624258942673166,0.02522338844039318
demucs,Hollow_Ground_-_Ill_Fate,bitcrush_l4,bitcrush,4,vocals,7.5217983198374565,6.6763133322003885,-0.25262578684478765,-0.30766205864291685
demucs,Hollow_Ground_-_Ill_Fate,bitcrush_l4,bitcrush,4,drums,6.57126708358245,5.499178777480828,-0.04390551295386658,-0.055421820573228864
demucs,Hollow_Ground_-_Ill_Fate,bitcrush_l4,bitcrush,4,bass,2.6331608671473057,0.011240524345115398,0.024145627261155767,0.07845163958930614
demucs,Hollow_Ground_-_Ill_Fate,bitcrush_l4,bitcrush,4,other,6.621675826109435,5.588314832130253,0.029024531102402662,0.028256136456422
demucs,Hollow_Ground_-_Ill_Fate,compression_l1,compression,1,vocals,7.679424334679842,6.87091964807831,-0.09499977200240206,-0.11305574276499541
demucs,Hollow_Ground_-_Ill_Fate,compression_l1,compression,1,drums,6.593474013168173,5.52836907248825,-0.021698583368143787,-0.02623152556580699
demucs,Hollow_Ground_-_Ill_Fate,compression_l1,compression,1,bass,2.703480937250869,0.011654294688761576,0.09446569736471888,0.07886540993295231
demucs,Hollow_Ground_-_Ill_Fate,compression_l1,compression,1,other,6.655215789229164,5.6285941291331945,0.06256449422213173,0.0685354334593633
demucs,Hollow_Ground_-_Ill_Fate,compression_l2,compression,2,vocals,7.548859927503456,6.712340944769606,-0.22556417917878857,-0.27163444607369946
demucs,Hollow_Ground_-_Ill_Fate,compression_l2,compression,2,drums,6.608449453327143,5.548343927411192,-0.006723143209173443,-0.0062566706428643926
demucs,Hollow_Ground_-_Ill_Fate,compression_l2,compression,2,bass,2.6645873640758904,-0.017982821628033108,0.055572124189740446,0.04922829361615763
demucs,Hollow_Ground_-_Ill_Fate,compression_l2,compression,2,other,6.638132908901113,5.603787524090653,0.04548161389408101,0.04372882841682202
demucs,Hollow_Ground_-_Ill_Fate,compression_l3,compression,3,vocals,7.55031125172226,6.713230790436528,-0.22411285495998445,-0.2707446004067773
demucs,Hollow_Ground_-_Ill_Fate,compression_l3,compression,3,drums,6.580520353541649,5.512813907948663,-0.034652242994667404,-0.041786690105393376
demucs,Hollow_Ground_-_Ill_Fate,compression_l3,compression,3,bass,2.6347369264364486,-0.08284956059596456,0.025721686550298717,-0.01563844535177382
demucs,Hollow_Ground_-_Ill_Fate,compression_l3,compression,3,other,6.611150579505289,5.567619869467666,0.018499284498257218,0.007561173793835252
demucs,Hollow_Ground_-_Ill_Fate,compression_l4,compression,4,vocals,7.656388269395795,6.841661914316136,-0.11803583728644895,-0.1423134765271694
demucs,Hollow_Ground_-_Ill_Fate,compression_l4,compression,4,drums,6.603905262809468,5.539751873635382,-0.01126733372684896,-0.014848724418675019
demucs,Hollow_Ground_-_Ill_Fate,compression_l4,compression,4,bass,2.6578977224278226,0.014944594275142825,0.04888248254167271,0.08215570951933357
demucs,Hollow_Ground_-_Ill_Fate,compression_l4,compression,4,other,6.650748794551459,5.620479407444173,0.05809749954442722,0.06042071177034192
demucs,Hollow_Ground_-_Ill_Fate,delay_l1,delay,1,vocals,7.309160606243562,6.41654175501421,-0.4652635004386818,-0.5674336358290955
demucs,Hollow_Ground_-_Ill_Fate,delay_l1,delay,1,drums,6.618743451667584,5.560290269448702,0.003570855131266981,0.005689671394645046
demucs,Hollow_Ground_-_Ill_Fate,delay_l1,delay,1,bass,2.6341496796600437,-0.004731339439650978,0.025134439773893735,0.06247977580453976
demucs,Hollow_Ground_-_Ill_Fate,delay_l1,delay,1,other,6.599711578781858,5.556287647666799,0.007060283774825926,-0.0037710480070325403
demucs,Hollow_Ground_-_Ill_Fate,delay_l2,delay,2,vocals,6.788553149093803,5.775840248383325,-0.9858709575884408,-1.2081351424599802
demucs,Hollow_Ground_-_Ill_Fate,delay_l2,delay,2,drums,6.606512734861651,5.551097999771502,-0.008659861674665592,-0.003502598282554281
demucs,Hollow_Ground_-_Ill_Fate,delay_l2,delay,2,bass,2.683298323421035,0.03757879962128881,0.07428308353488511,0.10478991486547955
demucs,Hollow_Ground_-_Ill_Fate,delay_l2,delay,2,other,6.594587417534391,5.550916416997866,0.0019361225273586413,-0.009142278675964732
demucs,Hollow_Ground_-_Ill_Fate,delay_l3,delay,3,vocals,6.382271807003866,5.269693435558964,-1.3921522996783784,-1.7142819552843411
demucs,Hollow_Ground_-_Ill_Fate,delay_l3,delay,3,drums,6.619289447552013,5.56601714157114,0.00411685101569681,0.011416543517083433
demucs,Hollow_Ground_-_Ill_Fate,delay_l3,delay,3,bass,2.663934972048346,0.020619317588153524,0.054919732162196144,0.08783043283234426
demucs,Hollow_Ground_-_Ill_Fate,delay_l3,delay,3,other,6.539553857119826,5.479650096639493,-0.05309743788720578,-0.08040859903433795
demucs,Hollow_Ground_-_Ill_Fate,delay_l4,delay,4,vocals,6.01181559300763,4.818033366789592,-1.7626085136746141,-2.165942024053713
demucs,Hollow_Ground_-_Ill_Fate,delay_l4,delay,4,drums,6.567788180195471,5.498040579426094,-0.04738441634084545,-0.05656001862796245
demucs,Hollow_Ground_-_Ill_Fate,delay_l4,delay,4,bass,2.60169123081671,-0.08417264378376492,-0.007324009069439974,-0.01696152853957418
demucs,Hollow_Ground_-_Ill_Fate,delay_l4,delay,4,other,6.461643889362262,5.373235501236415,-0.13100740564477054,-0.1868231944374159
demucs,Hollow_Ground_-_Ill_Fate,original,original,0,vocals,7.774424106682244,6.983975390843305,0.0,0.0
demucs,Hollow_Ground_-_Ill_Fate,original,original,0,drums,6.615172596536317,5.554600598054057,0.0,0.0
demucs,Hollow_Ground_-_Ill_Fate,original,original,0,bass,2.60901523988615,-0.06721111524419074,0.0,0.0
demucs,Hollow_Ground_-_Ill_Fate,original,original,0,other,6.592651295007032,5.560058695673831,0.0,0.0
demucs,Hollow_Ground_-_Ill_Fate,reverb_l1,reverb,1,vocals,7.43366521171952,6.568882910334983,-0.3407588949627245,-0.4150924805083225
demucs,Hollow_Ground_-_Ill_Fate,reverb_l1,reverb,1,drums,6.553737858272671,5.478763879455203,-0.06143473826364598,-0.07583671859885399
demucs,Hollow_Ground_-_Ill_Fate,reverb_l1,reverb,1,bass,2.5860971457934916,-0.13015828628120849,-0.022918094092658325,-0.06294717103701775
demucs,Hollow_Ground_-_Ill_Fate,reverb_l1,reverb,1,other,6.553284075943485,5.494517230307448,-0.03936721906354723,-0.06554146536638328
demucs,Hollow_Ground_-_Ill_Fate,reverb_l2,reverb,2,vocals,6.50412221610568,5.43252631875074,-1.2703018905765644,-1.5514490720925656
demucs,Hollow_Ground_-_Ill_Fate,reverb_l2,reverb,2,drums,6.600942025539891,5.540629895786053,-0.014230570996425662,-0.013970702268003343
demucs,Hollow_Ground_-_Ill_Fate,reverb_l2,reverb,2,bass,2.6409359531887606,-0.0070954307969036965,0.031920713302610704,0.06011568444728704
demucs,Hollow_Ground_-_Ill_Fate,reverb_l2,reverb,2,other,6.565095892835977,5.50843632837884,-0.02755540217105512,-0.05162236729499092
demucs,Hollow_Ground_-_Ill_Fate,reverb_l3,reverb,3,vocals,6.4442901915142805,5.344883548258358,-1.3301339151679636,-1.6390918425849472
demucs,Hollow_Ground_-_Ill_Fate,reverb_l3,reverb,3,drums,6.5948582717748945,5.529277440042994,-0.020314324761422142,-0.025323158011063107
demucs,Hollow_Ground_-_Ill_Fate,reverb_l3,reverb,3,bass,2.6778533350766605,0.018266643237290013,0.06883809519051054,0.08547775848148076
demucs,Hollow_Ground_-_Ill_Fate,reverb_l3,reverb,3,other,6.616740742021183,5.571294105127591,0.024089447014151055,0.011235409453759893
demucs,Hollow_Ground_-_Ill_Fate,reverb_l4,reverb,4,vocals,6.437751201278539,5.3366837784795145,-1.336672905403705,-1.6472916123637908
demucs,Hollow_Ground_-_Ill_Fate,reverb_l4,reverb,4,drums,6.607655708626188,5.550718779597858,-0.007516887910128389,-0.0038818184561986158
demucs,Hollow_Ground_-_Ill_Fate,reverb_l4,reverb,4,bass,2.6636601709158843,0.019021665428297155,0.054644931029734334,0.0862327806724879
demucs,Hollow_Ground_-_Ill_Fate,reverb_l4,reverb,4,other,6.607833398759382,5.560441586777412,0.015182103752350073,0.000382891103581251
spleeter,James_Elder_&_Mark_M_Thompson_-_The_English_Actor,bitcrush_l1,bitcrush,1,vocals,6.3033736460401695,5.148973756915382,-0.3727108318378356,-0.48173240868366207
spleeter,James_Elder_&_Mark_M_Thompson_-_The_English_Actor,bitcrush_l1,bitcrush,1,drums,7.631495850375211,6.818065743163216,-0.051712090301483826,-0.05981928403727821
spleeter,James_Elder_&_Mark_M_Thompson_-_The_English_Actor,bitcrush_l1,bitcrush,1,bass,4.965104987706594,3.3530997265565605,-0.004641131388884112,-0.006416442081931262
spleeter,James_Elder_&_Mark_M_Thompson_-_The_English_Actor,bitcrush_l1,bitcrush,1,other,5.702285586733242,4.5524172499783075,-0.08855989838507927,-0.09802407613889574
spleeter,James_Elder_&_Mark_M_Thompson_-_The_English_Actor,bitcrush_l2,bitcrush,2,vocals,6.304368835223286,5.150268471737202,-0.3717156426547188,-0.480437693861842
spleeter,James_Elder_&_Mark_M_Thompson_-_The_English_Actor,bitcrush_l2,bitcrush,2,drums,7.630381440165067,6.816828872622246,-0.05282650051162818,-0.061056154578248645
spleeter,James_Elder_&_Mark_M_Thompson_-_The_English_Actor,bitcrush_l2,bitcrush,2,bass,4.964269819775664,3.3518665646640695,-0.005476299319814082,-0.00764960397442227
spleeter,James_Elder_&_Mark_M_Thompson_-_The_English_Actor,bitcrush_l2,bitcrush,2,other,5.7031115701363095,4.552822522944087,-0.087733914982012,-0.09761880317311622
spleeter,James_Elder_&_Mark_M_Thompson_-_The_English_Actor,bitcrush_l3,bitcrush,3,vocals,6.338892717590776,5.194838397672637,-0.3371917602872294,-0.4358677679264069
spleeter,James_Elder_&_Mark_M_Thompson_-_The_English_Actor,bitcrush_l3,bitcrush,3,drums,7.625564195458488,6.81199089833436,-0.05764374521820681,-0.06589412886613477
spleeter,James_Elder_&_Mark_M_Thompson_-_The_English_Actor,bitcrush_l3,bitcrush,3,bass,4.959504550862157,3.345092319305847,-0.010241568233321452,-0.014423849332644956
spleeter,James_Elder_&_Mark_M_Thompson_-_The_English_Actor,bitcrush_l3,bitcrush,3,other,5.7341928422262605,4.58572260363465,-0.05665264289206107,-0.06471872248255295
spleeter,James_Elder_&_Mark_M_Thompson_-_The_English_Actor,bitcrush_l4,bitcrush,4,vocals,6.254174430729359,5.084300986355846,-0.4219100471486463,-0.5464051792431981
spleeter,James_Elder_&_Mark_M_Thompson_-_The_English_Actor,bitcrush_l4,bitcrush,4,drums,7.56909511251229,6.740849068036178,-0.11411282816440504,-0.137035959164316
spleeter,James_Elder_&_Mark_M_Thompson_-_The_English_Actor,bitcrush_l4,bitcrush,4,bass,4.941035266188913,3.3169941461199755,-0.028710852906565165,-0.042522022518516334
spleeter,James_Elder_&_Mark_M_Thompson_-_The_English_Actor,bitcrush_l4,bitcrush,4,other,5.707791776296265,4.549224052919856,-0.08305370882205665,-0.10121727319734752
spleeter,James_Elder_&_Mark_M_Thompson_-_The_English_Actor,compression_l1,compression,1,vocals,5.865412598442834,4.566713339355518,-0.810671879435171,-1.0639928262435259
spleeter,James_Elder_&_Mark_M_Thompson_-_The_English_Actor,compression_l1,compression,1,drums,7.64787739948356,6.834557057751175,-0.035330541193134835,-0.0433279694493196
spleeter,James_Elder_&_Mark_M_Thompson_-_The_English_Actor,compression_l1,compression,1,bass,4.951433019120369,3.334759742657567,-0.018313099975109104,-0.024756425980924757
spleeter,James_Elder_&_Mark_M_Thompson_-_The_English_Actor,compression_l1,compression,1,other,5.263877633317604,4.027883055340786,-0.5269678518007179,-0.622558270776417
spleeter,James_Elder_&_Mark_M_Thompson_-_The_English_Actor,compression_l2,compression,2,vocals,4.376518440736856,2.404861651179191,-2.2995660371411493,-3.225844514419853
spleeter,James_Elder_&_Mark_M_Thompson_-_The_English_Actor,compression_l2,compression,2,drums,7.566035896054494,6.736060651790674,-0.1171720446222011,-0.1418243754098203
spleeter,James_Elder_&_Mark_M_Thompson_-_The_English_Actor,compression_l2,compression,2,bass,4.916469435056526,3.2851090704776738,-0.05327668403895203,-0.07440709816081803
spleeter,James_Elder_&_Mark_M_Thompson_-_The_English_Actor,compression_l2,compression,2,other,4.187966873295597,2.810663360517842,-1.6028786118227245,-1.8397779655993611
spleeter,James_Elder_&_Mark_M_Thompson_-_The_English_Actor,compression_l3,compression,3,vocals,3.6925218270274307,1.2722277386205982,-2.9835626508505744,-4.358478426978445
spleeter,James_Elder_&_Mark_M_Thompson_-_The_English_Actor,compression_l3,compression,3,drums,7.512058557833185,6.6706067327539476,-0.17114938284351044,-0.20727829444654677
spleeter,James_Elder_&_Mark_M_Thompson_-_The_English_Actor,compression_l3,compression,3,bass,4.901799890287989,3.2611196930586277,-0.06794622880748946,-0.09839647557986408
spleeter,James_Elder_&_Mark_M_Thompson_-_The_English_Actor,compression_l3,compression,3,other,3.650082886846771,2.237089367142138,-2.1407625982715506,-2.413351958975065
spleeter,James_Elder_&_Mark_M_Thompson_-_The_English_Actor,compression_l4,compression,4,vocals,3.587026031784022,1.087169400792074,-3.089058446093983,-4.543536764806969
spleeter,James_Elder_&_Mark_M_Thompson_-_The_English_Actor,compression_l4,compression,4,drums,7.46639276940774,6.615368501200303,-0.216815171268955,-0.2625165260001916
spleeter,James_Elder_&_Mark_M_Thompson_-_The_English_Actor,compression_l4,compression,4,bass,4.891756037311164,3.252422232968663,-0.07799008178431421,-0.10709393566982861
spleeter,James_Elder_&_Mark_M_Thompson_-_The_English_Actor,compression_l4,compression,4,other,3.563127525266908,2.172151449372974,-2.2277179598514136,-2.4782898767442294
spleeter,James_Elder_&_Mark_M_Thompson_-_The_English_Actor,delay_l1,delay,1,vocals,6.780091253697829,5.761909581693683,0.10400677581982354,0.13120341609463892
spleeter,James_Elder_&_Mark_M_Thompson_-_The_English_Actor,delay_l1,delay,1,drums,7.655602796519859,6.848296513652845,-0.027605144156836126,-0.029588513547649242
spleeter,James_Elder_&_Mark_M_Thompson_-_The_English_Actor,delay_l1,delay,1,bass,4.97656738730531,3.3823496895356895,0.0068212682098316435,0.0228335208971977
spleeter,James_Elder_&_Mark_M_Thompson_-_The_English_Actor,delay_l1,delay,1,other,5.863134296558341,4.700564833173893,0.07228881144001953,0.05012350705669011
spleeter,James_Elder_&_Mark_M_Thompson_-_The_English_Actor,delay_l2,delay,2,vocals,5.913483664425857,4.629297504073694,-0.7626008134521483,-1.0014086615253497
spleeter,James_Elder_&_Mark_M_Thompson_-_The_English_Actor,delay_l2,delay,2,drums,7.592595701584806,6.771940997333765,-0.09061223909188953,-0.10594402986672957
spleeter,James_Elder_&_Mark_M_Thompson_-_The_English_Actor,delay_l2,delay,2,bass,4.9613631140442385,3.3489801296625883,-0.008383005051239678,-0.010536038975903494
spleeter,James_Elder_&_Mark_M_Thompson_-_The_English_Actor,delay_l2,delay,2,other,5.292024548550474,4.055136479577314,-0.49882093656784754,-0.5953048465398894
spleeter,James_Elder_&_Mark_M_Thompson_-_The_English_Actor,delay_l3,delay,3,vocals,5.518121017802424,4.087454163613056,-1.1579634600755808,-1.543252001985988
spleeter,James_Elder_&_Mark_M_Thompson_-_The_English_Actor,delay_l3,delay,3,drums,7.5423084806957075,6.713039459500731,-0.14089945998098763,-0.16484556769976333
spleeter,James_Elder_&_Mark_M_Thompson_-_The_English_Actor,delay_l3,delay,3,bass,4.981544999088307,3.3813007521762413,0.011798879992828581,0.02178458353774948
spleeter,James_Elder_&_Mark_M_Thompson_-_The_English_Actor,delay_l3,delay,3,other,5.00975700370465,3.7189962760390642,-0.7810884814136712,-0.931445050078139
spleeter,James_Elder_&_Mark_M_Thompson_-_The_English_Actor,delay_l4,delay,4,vocals,5.343544958867427,3.8429936785487326,-1.3325395190105782,-1.7877124870503112
spleeter,James_Elder_&_Mark_M_Thompson_-_The_English_Actor,delay_l4,delay,4,drums,7.504900401601833,6.666334903651288,-0.1783075390748623,-0.21155012354920633
spleeter,James_Elder_&_Mark_M_Thompson_-_The_English_Actor,delay_l4,delay,4,bass,4.8809518092817505,3.236621944291882,-0.0887943098137276,-0.12289422434660979
spleeter,James_Elder_&_Mark_M_Thompson_-_The_English_Actor,delay_l4,delay,4,other,4.8731054807354806,3.5369855714972207,-0.917740004382841,-1.1134557546199826
spleeter,James_Elder_&_Mark_M_Thompson_-_The_English_Actor,original,original,0,vocals,6.676084477878005,5.630706165599044,0.0,0.0
spleeter,James_Elder_&_Mark_M_Thompson_-_The_English_Actor,original,original,0,drums,7.683207940676695,6.877885027200494,0.0,0.0
spleeter,James_Elder_&_Mark_M_Thompson_-_The_English_Actor,original,original,0,bass,4.969746119095478,3.359516168638492,0.0,0.0
spleeter,James_Elder_&_Mark_M_Thompson_-_The_English_Actor,original,original,0,other,5.7908454851183215,4.650441326117203,0.0,0.0
spleeter,James_Elder_&_Mark_M_Thompson_-_The_English_Actor,reverb_l1,reverb,1,vocals,6.2755331803596786,5.113139814048057,-0.4005512975183265,-0.517566351550987
spleeter,James_Elder_&_Mark_M_Thompson_-_The_English_Actor,reverb_l1,reverb,1,drums,7.6767268091792715,6.871062910388871,-0.006481131497423576,-0.006822116811623147
spleeter,James_Elder_&_Mark_M_Thompson_-_The_English_Actor,reverb_l1,reverb,1,bass,4.928772658902025,3.3121381423072287,-0.04097346019345327,-0.04737802633126309
spleeter,James_Elder_&_Mark_M_Thompson_-_The_English_Actor,reverb_l1,reverb,1,other,5.517465180719297,4.315662676699033,-0.2733803043990246,-0.3347786494181699
spleeter,James_Elder_&_Mark_M_Thompson_-_The_English_Actor,reverb_l2,reverb,2,vocals,5.4752541673124675,4.029252639066948,-1.2008303105655376,-1.6014535265320955
spleeter,James_Elder_&_Mark_M_Thompson_-_The_English_Actor,reverb_l2,reverb,2,drums,7.628999926392361,6.81874031118019,-0.05420801428433375,-0.059144716020304244
spleeter,James_Elder_&_Mark_M_Thompson_-_The_English_Actor,reverb_l2,reverb,2,bass,4.7996549149048064,3.1503958027116017,-0.1700912041906717,-0.2091203659268901
spleeter,James_Elder_&_Mark_M_Thompson_-_The_English_Actor,reverb_l2,reverb,2,other,4.934212392162153,3.6310102191843567,-0.8566330929561685,-1.0194311069328466
spleeter,James_Elder_&_Mark_M_Thompson_-_The_English_Actor,reverb_l3,reverb,3,vocals,5.682547874399146,4.315166504730351,-0.9935366034788586,-1.3155396608686925
spleeter,James_Elder_&_Mark_M_Thompson_-_The_English_Actor,reverb_l3,reverb,3,drums,7.628452576662256,6.819365979427476,-0.054755364014439145,-0.058519047773017974
spleeter,James_Elder_&_Mark_M_Thompson_-_The_English_Actor,reverb_l3,reverb,3,bass,4.713998339058788,3.0308357699216755,-0.25574778003668985,-0.3286803987168163
spleeter,James_Elder_&_Mark_M_Thompson_-_The_English_Actor,reverb_l3,reverb,3,other,5.058894721031118,3.771171661963914,-0.7319507640872036,-0.8792696641532891
spleeter,James_Elder_&_Mark_M_Thompson_-_The_English_Actor,reverb_l4,reverb,4,vocals,5.968974292068471,4.70303324997544,-0.7071101858095341,-0.9276729156236039
spleeter,James_Elder_&_Mark_M_Thompson_-_The_English_Actor,reverb_l4,reverb,4,drums,7.642009197863146,6.835371505959488,-0.04119874281354896,-0.04251352124100638
spleeter,James_Elder_&_Mark_M_Thompson_-_The_English_Actor,reverb_l4,reverb,4,bass,4.707775637734785,3.014957285093745,-0.26197048136069334,-0.34455888354474684
spleeter,James_Elder_&_Mark_M_Thompson_-_The_English_Actor,reverb_l4,reverb,4,other,5.2654162354007505,4.00540451509875,-0.525429249717571,-0.6450368110184534
demucs,James_Elder_&_Mark_M_Thompson_-_The_English_Actor,bitcrush_l1,bitcrush,1,vocals,7.581702187102108,6.755347527163068,-0.27943984563439983,-0.3329590213811153
demucs,James_Elder_&_Mark_M_Thompson_-_The_English_Actor,bitcrush_l1,bitcrush,1,drums,10.16091920945788,9.721207338728773,-0.1700846508657925,-0.18751031432034715
demucs,James_Elder_&_Mark_M_Thompson_-_The_English_Actor,bitcrush_l1,bitcrush,1,bass,8.341804809999601,7.656069161542344,-0.0411791141393234,-0.04810793234369548
demucs,James_Elder_&_Mark_M_Thompson_-_The_English_Actor,bitcrush_l1,bitcrush,1,other,7.082337043915925,6.291878955644382,-0.1306808822316965,-0.11171640944778893
demucs,James_Elder_&_Mark_M_Thompson_-_The_English_Actor,bitcrush_l2,bitcrush,2,vocals,7.527272450301469,6.6888317136189555,-0.33386958243503884,-0.3994748349252282
demucs,James_Elder_&_Mark_M_Thompson_-_The_English_Actor,bitcrush_l2,bitcrush,2,drums,10.177026044901682,9.738879013783842,-0.15397781542199063,-0.16983863926527754
demucs,James_Elder_&_Mark_M_Thompson_-_The_English_Actor,bitcrush_l2,bitcrush,2,bass,8.413199937082133,7.738257993238907,0.030216012943208526,0.03408089935286718
demucs,James_Elder_&_Mark_M_Thompson_-_The_English_Actor,bitcrush_l2,bitcrush,2,other,7.04717723954799,6.25878912676967,-0.16584068659963158,-0.14480623832250128
demucs,James_Elder_&_Mark_M_Thompson_-_The_English_Actor,bitcrush_l3,bitcrush,3,vocals,7.5132742986219725,6.671131216118081,-0.3478677341145353,-0.41717533242610294
demucs,James_Elder_&_Mark_M_Thompson_-_The_English_Actor,bitcrush_l3,bitcrush,3,drums,10.152966289869536,9.712406134916417,-0.17803757045413704,-0.19631151813270264
demucs,James_Elder_&_Mark_M_Thompson_-_The_English_Actor,bitcrush_l3,bitcrush,3,bass,8.368257642171256,7.685543978853379,-0.014726281967668342,-0.018633115032661074
demucs,James_Elder_&_Mark_M_Thompson_-_The_English_Actor,bitcrush_l3,bitcrush,3,other,7.038885164659855,6.240260192192746,-0.17413276148776635,-0.16333517289942456
demucs,James_Elder_&_Mark_M_Thompson_-_The_English_Actor,bitcrush_l4,bitcrush,4,vocals,7.32581183580324,6.444333127134364,-0.535330196933268,-0.6439734214098198
demucs,James_Elder_&_Mark_M_Thompson_-_The_English_Actor,bitcrush_l4,bitcrush,4,drums,10.086324535278287,9.638302563101814,-0.2446793250453858,-0.27041508994730634
demucs,James_Elder_&_Mark_M_Thompson_-_The_English_Actor,bitcrush_l4,bitcrush,4,bass,8.346855583428317,7.660302629966722,-0.03612834071060789,-0.04387446391931782
demucs,James_Elder_&_Mark_M_Thompson_-_The_English_Actor,bitcrush_l4,bitcrush,4,other,6.933822824526704,6.131275954689903,-0.27919510162091754,-0.27231941040226815
demucs,James_Elder_&_Mark_M_Thompson_-_The_English_Actor,compression_l1,compression,1,vocals,7.16374869556781,6.2407997606576835,-0.6973933371686982,-0.8475067878865001
demucs,James_Elder_&_Mark_M_Thompson_-_The_English_Actor,compression_l1,compression,1,drums,10.294282746533884,9.868243809671457,-0.03672111378978826,-0.04047384337766324
demucs,James_Elder_&_Mark_M_Thompson_-_The_English_Actor,compression_l1,compression,1,bass,8.266885364464315,7.5664356818984455,-0.1160985596746098,-0.13774141198759438
demucs,James_Elder_&_Mark_M_Thompson_-_The_English_Actor,compression_l1,compression,1,other,6.71514828371616,5.8163848084769985,-0.4978696424314615,-0.5872105566151724
demucs,James_Elder_&_Mark_M_Thompson_-_The_English_Actor,compression_l2,compression,2,vocals,5.880035951922526,4.591169109015327,-1.9811060808139818,-2.4971374395288564
demucs,James_Elder_&_Mark_M_Thompson_-_The_English_Actor,compression_l2,compression,2,drums,10.171316951382263,9.732374186777552,-0.1596869089414099,-0.17634346627156816
demucs,James_Elder_&_Mark_M_Thompson_-_The_English_Actor,compression_l2,compression,2,bass,8.269598242137482,7.56987846006992,-0.11338568200144294,-0.13429863381611984
demucs,James_Elder_&_Mark_M_Thompson_-_The_English_Actor,compression_l2,compression,2,other,5.755838401296333,4.710927262305566,-1.4571795248512887,-1.6926681027866053
demucs,James_Elder_&_Mark_M_Thompson_-_The_English_Actor,compression_l3,compression,3,vocals,5.298814686066993,3.7947467607466185,-2.562327346669515,-3.293559787797565
demucs,James_Elder_&_Mark_M_Thompson_-_The_English_Actor,compression_l3,compression,3,drums,10.144614863159871,9.702815381771021,-0.1863889971638013,-0.20590227127809868
demucs,James_Elder_&_Mark_M_Thompson_-_The_English_Actor,compression_l3,compression,3,bass,8.337823136697027,7.6515045628660765,-0.045160787441897554,-0.05267253101996339
demucs,James_Elder_&_Mark_M_Thompson_-_The_English_Actor,compression_l3,compression,3,other,5.294720249455784,4.21081893229285,-1.9182976766918376,-2.192776432799321
demucs,James_Elder_&_Mark_M_Thompson_-_The_English_Actor,compression_l4,compression,4,vocals,5.3835994226884125,3.9184756385570845,-2.4775426100480953,-3.169830909987099
demucs,James_Elder_&_Mark_M_Thompson_-_The_English_Actor,compression_l4,compression,4,drums,10.161150079201771,9.721135239891915,-0.1698537811219012,-0.18758241315720525
demucs,James_Elder_&_Mark_M_Thompson_-_The_English_Actor,compression_l4,compression,4,bass,8.224444200536855,7.51790750995145,-0.15853972360207003,-0.1862695839345898
demucs,James_Elder_&_Mark_M_Thompson_-_The_English_Actor,compression_l4,compression,4,other,5.3486247817719015,4.3088847681420415,-1.86439314437572,-2.0947105969501294
demucs,James_Elder_&_Mark_M_Thompson_-_The_English_Actor,delay_l1,delay,1,vocals,7.826992189171977,7.046667763045793,-0.034149843564530435,-0.04163878549839062
demucs,James_Elder_&_Mark_M_Thompson_-_The_English_Actor,delay_l1,delay,1,drums,10.297451970362602,9.871792079131128,-0.03355188996107117,-0.03692557391799234
demucs,James_Elder_&_Mark_M_Thompson_-_The_English_Actor,delay_l1,delay,1,bass,8.306553411967311,7.616726467134903,-0.07643051217161378,-0.0874506267511368
demucs,James_Elder_&_Mark_M_Thompson_-_The_English_Actor,delay_l1,delay,1,other,7.193376310205694,6.34399860502919,-0.019641615941927704,-0.059596760062980536
demucs,James_Elder_&_Mark_M_Thompson_-_The_English_Actor,delay_l2,delay,2,vocals,6.694532312355406,5.654153994568299,-1.1666097203811017,-1.4341525539758848
demucs,James_Elder_&_Mark_M_Thompson_-_The_English_Actor,delay_l2,delay,2,drums,10.238831234045788,9.807102601314504,-0.09217262627788436,-0.10161505173461549
demucs,James_Elder_&_Mark_M_Thompson_-_The_English_Actor,delay_l2,delay,2,bass,8.38972691334322,7.711653185138374,0.006742989204294503,0.007476091252334172
demucs,James_Elder_&_Mark_M_Thompson_-_The_English_Actor,delay_l2,delay,2,other,6.436919650765555,5.492281837256478,-0.7760982753820667,-0.9113135278356932
demucs,James_Elder_&_Mark_M_Thompson_-_The_English_Actor,delay_l3,delay,3,vocals,6.304342066451821,5.155930592414457,-1.5567999662846868,-1.932375956129727
demucs,James_Elder_&_Mark_M_Thompson_-_The_English_Actor,delay_l3,delay,3,drums,10.191942935126297,9.75532572796413,-0.13906092519737534,-0.1533919250849891
demucs,James_Elder_&_Mark_M_Thompson_-_The_English_Actor,delay_l3,delay,3,bass,8.209065256471288,7.499540800242076,-0.1739186676676372,-0.20463629364396407
demucs,James_Elder_&_Mark_M_Thompson_-_The_English_Actor,delay_l3,delay,3,other,6.11565134311043,5.106124618619168,-1.097366583037192,-1.297470746473003
demucs,James_Elder_&_Mark_M_Thompson_-_The_English_Actor,delay_l4,delay,4,vocals,5.986124240736262,4.7375765089427615,-1.8750177920002455,-2.350730039601422
demucs,James_Elder_&_Mark_M_Thompson_-_The_English_Actor,delay_l4,delay,4,drums,10.127950792636023,9.684622568867706,-0.20305306768764986,-0.224095084181414
demucs,James_Elder_&_Mark_M_Thompson_-_The_English_Actor,delay_l4,delay,4,bass,8.36922250709376,7.6881381413696115,-0.013761417045165203,-0.016038952516428395
demucs,James_Elder_&_Mark_M_Thompson_-_The_English_Actor,delay_l4,delay,4,other,5.898228637632242,4.850144383449872,-1.3147892885153798,-1.5534509816422988
demucs,James_Elder_&_Mark_M_Thompson_-_The_English_Actor,original,original,0,vocals,7.861142032736508,7.088306548544184,0.0,0.0
demucs,James_Elder_&_Mark_M_Thompson_-_The_English_Actor,original,original,0,drums,10.331003860323673,9.90871765304912,0.0,0.0
demucs,James_Elder_&_Mark_M_Thompson_-_The_English_Actor,original,original,0,bass,8.382983924138925,7.70417709388604,0.0,0.0
demucs,James_Elder_&_Mark_M_Thompson_-_The_English_Actor,original,original,0,other,7.2130179261476215,6.403595365092171,0.0,0.0
demucs,James_Elder_&_Mark_M_Thompson_-_The_English_Actor,reverb_l1,reverb,1,vocals,7.252093083559044,6.35180259576431,-0.6090489491774642,-0.7365039527798736
demucs,James_Elder_&_Mark_M_Thompson_-_The_English_Actor,reverb_l1,reverb,1,drums,10.297436773982291,9.871825308233836,-0.033567086341381724,-0.036892344815283806
demucs,James_Elder_&_Mark_M_Thompson_-_The_English_Actor,reverb_l1,reverb,1,bass,8.354096119947194,7.671121750990933,-0.028887804191731092,-0.03305534289510703
demucs,James_Elder_&_Mark_M_Thompson_-_The_English_Actor,reverb_l1,reverb,1,other,6.802953760173635,5.941621557038928,-0.41006416597398676,-0.4619738080532425
demucs,James_Elder_&_Mark_M_Thompson_-_The_English_Actor,reverb_l2,reverb,2,vocals,6.215512418703465,5.041412752795025,-1.6456296140330426,-2.046893795749159
demucs,James_Elder_&_Mark_M_Thompson_-_The_English_Actor,reverb_l2,reverb,2,drums,10.265397122514397,9.836421602318193,-0.06560673780927573,-0.07229605073092671
demucs,James_Elder_&_Mark_M_Thompson_-_The_English_Actor,reverb_l2,reverb,2,bass,8.207055818169867,7.498756184155269,-0.17592810596905828,-0.20542090973077087
demucs,James_Elder_&_Mark_M_Thompson_-_The_English_Actor,reverb_l2,reverb,2,other,6.027262071698032,5.067292428108871,-1.1857558544495896,-1.3363029369832997
demucs,James_Elder_&_Mark_M_Thompson_-_The_English_Actor,reverb_l3,reverb,3,vocals,6.175751966548764,4.993149014320249,-1.6853900661877441,-2.095157534223935
demucs,James_Elder_&_Mark_M_Thompson_-_The_English_Actor,reverb_l3,reverb,3,drums,10.268859875886086,9.840169880238786,-0.0621439844375864,-0.06854777281033364
demucs,James_Elder_&_Mark_M_Thompson_-_The_English_Actor,reverb_l3,reverb,3,bass,8.103887699310317,7.3812843213158565,-0.2790962248286082,-0.32289277257018334
demucs,James_Elder_&_Mark_M_Thompson_-_The_English_Actor,reverb_l3,reverb,3,other,5.982146381368718,5.0585158975496745,-1.2308715447789034,-1.3450794675424964
demucs,James_Elder_&_Mark_M_Thompson_-_The_English_Actor,reverb_l4,reverb,4,vocals,6.0634345518394746,4.849640392713294,-1.7977074808970332,-2.23866615583089
demucs,James_Elder_&_Mark_M_Thompson_-_The_English_Actor,reverb_l4,reverb,4,drums,10.280018030272025,9.852474189497089,-0.050985830051647696,-0.056243463552030803
demucs,James_Elder_&_Mark_M_Thompson_-_The_English_Actor,reverb_l4,reverb,4,bass,8.146620824208174,7.430770754645538,-0.23636309993075066,-0.27340633924050195
demucs,James_Elder_&_Mark_M_Thompson_-_The_English_Actor,reverb_l4,reverb,4,other,5.915228092625025,5.02837388208772,-1.2977898335225966,-1.3752214830044505
spleeter,Juliet's_Rescue_-_Heartbeats,bitcrush_l1,bitcrush,1,vocals,7.552258516168001,6.74408494727016,-1.0085063065869377,-1.2085988899975222
spleeter,Juliet's_Rescue_-_Heartbeats,bitcrush_l1,bitcrush,1,drums,9.104021145915699,8.713768028800441,-0.047136627821567245,-0.05048669884286916
spleeter,Juliet's_Rescue_-_Heartbeats,bitcrush_l1,bitcrush,1,bass,2.311130219272479,-1.3659725047260007,-0.004054954219044671,-0.000198749756881611
spleeter,Juliet's_Rescue_-_Heartbeats,bitcrush_l1,bitcrush,1,other,4.6324876500710035,2.8048703320080652,-0.08052094816894062,-0.11874962470791361
spleeter,Juliet's_Rescue_-_Heartbeats,bitcrush_l2,bitcrush,2,vocals,7.550856459572239,6.7424024007937335,-1.0099083631826993,-1.2102814364739487
spleeter,Juliet's_Rescue_-_Heartbeats,bitcrush_l2,bitcrush,2,drums,9.103460369827403,8.713251496164625,-0.04769740390986321,-0.051003231478684796
spleeter,Juliet's_Rescue_-_Heartbeats,bitcrush_l2,bitcrush,2,bass,2.310203638367602,-1.36829384905537,-0.004981535123921965,-0.002520094086250868
spleeter,Juliet's_Rescue_-_Heartbeats,bitcrush_l2,bitcrush,2,other,4.631718663994752,2.8037208728320295,-0.08128993424519226,-0.11989908388394932
spleeter,Juliet's_Rescue_-_Heartbeats,bitcrush_l3,bitcrush,3,vocals,7.537323348377893,6.725639726413974,-1.0234414743770452,-1.2270441108537087
spleeter,Juliet's_Rescue_-_Heartbeats,bitcrush_l3,bitcrush,3,drums,9.067351266479138,8.676381690582085,-0.083806507258128,-0.08787303706122529
spleeter,Juliet's_Rescue_-_Heartbeats,bitcrush_l3,bitcrush,3,bass,2.3064700636873834,-1.3738721242569807,-0.008715109804140475,-0.008098369287861562
spleeter,Juliet's_Rescue_-_Heartbeats,bitcrush_l3,bitcrush,3,other,4.610837814932328,2.771749481008086,-0.1021707833076162,-0.1518704757078928
spleeter,Juliet's_Rescue_-_Heartbeats,bitcrush_l4,bitcrush,4,vocals,7.33140774104328,6.4697647202561654,-1.229357081711659,-1.4829191170115168
spleeter,Juliet's_Rescue_-_Heartbeats,bitcrush_l4,bitcrush,4,drums,8.873823297329984,8.478630890262501,-0.27733447640728137,-0.2856238373808093
spleeter,Juliet's_Rescue_-_Heartbeats,bitcrush_l4,bitcrush,4,bass,2.2770276112093617,-1.4147957777384368,-0.03815756228216216,-0.049022022769317664
spleeter,Juliet's_Rescue_-_Heartbeats,bitcrush_l4,bitcrush,4,other,4.480819402568096,2.5725245383941546,-0.23218919567184848,-0.3510954183218242
spleeter,Juliet's_Rescue_-_Heartbeats,compression_l1,compression,1,vocals,8.287017579698622,7.635532177224102,-0.2737472430563166,-0.31715166004358064
spleeter,Juliet's_Rescue_-_Heartbeats,compression_l1,compression,1,drums,9.151220679464396,8.761490948206559,6.290572713041342e-05,-0.0027637794367514346
spleeter,Juliet's_Rescue_-_Heartbeats,compression_l1,compression,1,bass,2.328071881822564,-1.3306734504141728,0.012886708331039998,0.03510030455494628
spleeter,Juliet's_Rescue_-_Heartbeats,compression_l1,compression,1,other,4.6955754793453535,2.8969779964695115,-0.01743311889459065,-0.026641960246467367
spleeter,Juliet's_Rescue_-_Heartbeats,compression_l2,compression,2,vocals,7.781930072033701,7.0378585950422865,-0.7788347507212379,-0.9148252422253957
spleeter,Juliet's_Rescue_-_Heartbeats,compression_l2,compression,2,drums,9.161222252058721,8.76670906695603,0.010064478321455184,0.0024543393127203217
spleeter,Juliet's_Rescue_-_Heartbeats,compression_l2,compression,2,bass,2.329779677344395,-1.3059193709786858,0.014594503852871199,0.0598543839904333
spleeter,Juliet's_Rescue_-_Heartbeats,compression_l2,compression,2,other,4.673220238051484,2.863069106006248,-0.039788360188460103,-0.060550850709730764
spleeter,Juliet's_Rescue_-_Heartbeats,compression_l3,compression,3,vocals,7.684320115775415,6.918506125344747,-0.876444706979524,-1.0341777119229354
spleeter,Juliet's_Rescue_-_Heartbeats,compression_l3,compression,3,drums,9.184095524880307,8.78791135042805,0.03293775114304154,0.023656622784740122
spleeter,Juliet's_Rescue_-_Heartbeats,compression_l3,compression,3,bass,2.3078667734921785,-1.342248933234732,-0.00731839999934536,0.02352482173438708
spleeter,Juliet's_Rescue_-_Heartbeats,compression_l3,compression,3,other,4.68298713182296,2.878299637461485,-0.030021466416983777,-0.04532031925449376
spleeter,Juliet's_Rescue_-_Heartbeats,compression_l4,compression,4,vocals,7.910915832458673,7.190059125786633,-0.6498489902962659,-0.7626247114810489
spleeter,Juliet's_Rescue_-_Heartbeats,compression_l4,compression,4,drums,9.203253071383116,8.808207190775564,0.052095297645850636,0.04395246313225343
spleeter,Juliet's_Rescue_-_Heartbeats,compression_l4,compression,4,bass,2.3075814697855175,-1.3454334059822997,-0.007603703706006382,0.020340348986819468
spleeter,Juliet's_Rescue_-_Heartbeats,compression_l4,compression,4,other,4.7157549812535695,2.927596202699604,0.0027463830136253975,0.003976245983625226
spleeter,Juliet's_Rescue_-_Heartbeats,delay_l1,delay,1,vocals,8.12853132594077,7.445449158977078,-0.43223349681416856,-0.5072346782906045
spleeter,Juliet's_Rescue_-_Heartbeats,delay_l1,delay,1,drums,9.104850242503666,8.71689370570184,-0.046307531233599875,-0.04736102194146952
spleeter,Juliet's_Rescue_-_Heartbeats,delay_l1,delay,1,bass,2.313100141242929,-1.3513720733813805,-0.00208503224859502,0.01440168158773858
spleeter,Juliet's_Rescue_-_Heartbeats,delay_l1,delay,1,other,4.633021581888422,2.8025991390674725,-0.07998701635152194,-0.12102081764850636
spleeter,Juliet's_Rescue_-_Heartbeats,delay_l2,delay,2,vocals,7.508818632060187,6.68700212664758,-1.0519461906947516,-1.2656817106201022
spleeter,Juliet's_Rescue_-_Heartbeats,delay_l2,delay,2,drums,9.00780924666175,8.612728478358841,-0.14334852707551526,-0.15152624928446912
spleeter,Juliet's_Rescue_-_Heartbeats,delay_l2,delay,2,bass,2.266122056554227,-1.4139156696760202,-0.049063116937297035,-0.0481419147069011
spleeter,Juliet's_Rescue_-_Heartbeats,delay_l2,delay,2,other,4.455305275308278,2.5319892439781757,-0.25770332293166653,-0.39163071273780314
spleeter,Juliet's_Rescue_-_Heartbeats,delay_l3,delay,3,vocals,6.9337309155631575,5.9598082728874315,-1.6270339071917812,-1.9928755643802507
spleeter,Juliet's_Rescue_-_Heartbeats,delay_l3,delay,3,drums,8.980824700988093,8.581761969183281,-0.1703330727491732,-0.18249275846002888
spleeter,Juliet's_Rescue_-_Heartbeats,delay_l3,delay,3,bass,2.2785479851709147,-1.3098264346831763,-0.03663718832060914,0.05594732028594285
spleeter,Juliet's_Rescue_-_Heartbeats,delay_l3,delay,3,other,4.306664251797285,2.305226880514971,-0.40634434644265927,-0.6183930762010079
spleeter,Juliet's_Rescue_-_Heartbeats,delay_l4,delay,4,vocals,6.350974737763332,5.2073324697172545,-2.2097900849916066,-2.7453513675504277
spleeter,Juliet's_Rescue_-_Heartbeats,delay_l4,delay,4,drums,9.045499338674656,8.643099581304023,-0.10565843506260997,-0.12115514633928726
spleeter,Juliet's_Rescue_-_Heartbeats,delay_l4,delay,4,bass,2.2786170048942718,-1.2747220356230944,-0.03656816859725209,0.09105171934602474
spleeter,Juliet's_Rescue_-_Heartbeats,delay_l4,delay,4,other,4.185313182583599,2.1259340412290237,-0.5276954156563454,-0.7976859154869551
spleeter,Juliet's_Rescue_-_Heartbeats,original,original,0,vocals,8.560764822754939,7.952683837267682,0.0,0.0
spleeter,Juliet's_Rescue_-_Heartbeats,original,original,0,drums,9.151157773737266,8.76425472764331,0.0,0.0
spleeter,Juliet's_Rescue_-_Heartbeats,original,original,0,bass,2.315185173491524,-1.3657737549691191,0.0,0.0
spleeter,Juliet's_Rescue_-_Heartbeats,original,original,0,other,4.713008598239944,2.923619956715979,0.0,0.0
spleeter,Juliet's_Rescue_-_Heartbeats,reverb_l1,reverb,1,vocals,8.27885751457945,7.629011964559313,-0.28190730817548904,-0.3236718727083696
spleeter,Juliet's_Rescue_-_Heartbeats,reverb_l1,reverb,1,drums,9.192946770872554,8.806478374914995,0.0417889971352885,0.04222364727168504
spleeter,Juliet's_Rescue_-_Heartbeats,reverb_l1,reverb,1,bass,2.3300326541342904,-1.3031490924875513,0.01484748064276653,0.06262466248156784
spleeter,Juliet's_Rescue_-_Heartbeats,reverb_l1,reverb,1,other,4.702764215949886,2.9077251423217683,-0.010244382290058418,-0.015894814394210588
spleeter,Juliet's_Rescue_-_Heartbeats,reverb_l2,reverb,2,vocals,7.47048272769638,6.644031959445524,-1.0902820950585586,-1.3086518778221583
spleeter,Juliet's_Rescue_-_Heartbeats,reverb_l2,reverb,2,drums,9.290349202294236,8.911002138729678,0.13919142855696975,0.14674741108636802
spleeter,Juliet's_Rescue_-_Heartbeats,reverb_l2,reverb,2,bass,2.342995070417992,-1.250164828013092,0.02780989692646818,0.1156089269560272
spleeter,Juliet's_Rescue_-_Heartbeats,reverb_l2,reverb,2,other,4.5624950343878945,2.7006444004408072,-0.15051356385204961,-0.22297555627517163
spleeter,Juliet's_Rescue_-_Heartbeats,reverb_l3,reverb,3,vocals,7.295156822435709,6.4077877985878295,-1.2656080003192294,-1.5448960386798527
spleeter,Juliet's_Rescue_-_Heartbeats,reverb_l3,reverb,3,drums,9.379263344946109,9.011284573973496,0.22810557120884312,0.24702984633018588
spleeter,Juliet's_Rescue_-_Heartbeats,reverb_l3,reverb,3,bass,2.3309722718708246,-1.2694814789392788,0.0157870983793007,0.09629227602984036
spleeter,Juliet's_Rescue_-_Heartbeats,reverb_l3,reverb,3,other,4.492309397352862,2.609759287072399,-0.22069920088708184,-0.3138606696435797
spleeter,Juliet's_Rescue_-_Heartbeats,reverb_l4,reverb,4,vocals,7.3123523110225985,6.424605073141879,-1.2484125117323401,-1.5280787641258033
spleeter,Juliet's_Rescue_-_Heartbeats,reverb_l4,reverb,4,drums,9.365243088055479,8.999251403107401,0.2140853143182131,0.23499667546409064
spleeter,Juliet's_Rescue_-_Heartbeats,reverb_l4,reverb,4,bass,2.3272476508330215,-1.2776413560595445,0.01206247734149768,0.08813239890957458
spleeter,Juliet's_Rescue_-_Heartbeats,reverb_l4,reverb,4,other,4.45524651574493,2.5586224444119754,-0.257762082495014,-0.36499751230400346
demucs,Juliet's_Rescue_-_Heartbeats,bitcrush_l1,bitcrush,1,vocals,9.528691845041104,9.015877520200725,-0.45066988226847826,-0.5049888115920549
demucs,Juliet's_Rescue_-_Heartbeats,bitcrush_l1,bitcrush,1,drums,15.046406129285511,14.9083952405544,-0.2725534929739091,-0.281058583709628
demucs,Juliet's_Rescue_-_Heartbeats,bitcrush_l1,bitcrush,1,bass,3.0140953678774958,0.6915525559942338,-0.017634491883722347,-0.015883835314108308
demucs,Juliet's_Rescue_-_Heartbeats,bitcrush_l1,bitcrush,1,other,6.793755740379384,5.820452423327275,-0.05672327871741967,-0.07085215208347151
demucs,Juliet's_Rescue_-_Heartbeats,bitcrush_l2,bitcrush,2,vocals,9.522570105489098,9.009090395212478,-0.45679162182048394,-0.5117759365803014
demucs,Juliet's_Rescue_-_Heartbeats,bitcrush_l2,bitcrush,2,drums,15.011003631748176,14.872016075690677,-0.30795599051124434,-0.31743774857335083
demucs,Juliet's_Rescue_-_Heartbeats,bitcrush_l2,bitcrush,2,bass,3.0331321606374058,0.730461463782319,0.0014023008761876454,0.023025072473976893
demucs,Juliet's_Rescue_-_Heartbeats,bitcrush_l2,bitcrush,2,other,6.820375671677179,5.850463002665183,-0.03010334741962417,-0.040841572745563326
demucs,Juliet's_Rescue_-_Heartbeats,bitcrush_l3,bitcrush,3,vocals,9.51140539810554,8.996540973000124,-0.46795632920404273,-0.5243253587926553
demucs,Juliet's_Rescue_-_Heartbeats,bitcrush_l3,bitcrush,3,drums,14.982066207669734,14.842092959798325,-0.3368934145896869,-0.3473608644657027
demucs,Juliet's_Rescue_-_Heartbeats,bitcrush_l3,bitcrush,3,bass,3.014196964489103,0.6772254478513948,-0.017532895272115212,-0.030210943456947303
demucs,Juliet's_Rescue_-_Heartbeats,bitcrush_l3,bitcrush,3,other,6.800305704824044,5.827541971433239,-0.05017331427275895,-0.06376260397750766
demucs,Juliet's_Rescue_-_Heartbeats,bitcrush_l4,bitcrush,4,vocals,9.215480035437544,8.663073464593227,-0.7638816918720384,-0.8577928671995529
demucs,Juliet's_Rescue_-_Heartbeats,bitcrush_l4,bitcrush,4,drums,14.880166026391153,14.737272668330688,-0.43879359586826716,-0.4521811559333404
demucs,Juliet's_Rescue_-_Heartbeats,bitcrush_l4,bitcrush,4,bass,3.079645602974899,0.8087423381101316,0.04791574321368097,0.1013059468017895
demucs,Juliet's_Rescue_-_Heartbeats,bitcrush_l4,bitcrush,4,other,6.821081554019656,5.846453536318562,-0.02939746507714691,-0.04485103909218413
demucs,Juliet's_Rescue_-_Heartbeats,compression_l1,compression,1,vocals,9.700554394716466,9.210530160313738,-0.2788073325931162,-0.310336171479042
demucs,Juliet's_Rescue_-_Heartbeats,compression_l1,compression,1,drums,15.28471349523549,15.154268655393185,-0.034246127023930484,-0.03518516887084289
demucs,Juliet's_Rescue_-_Heartbeats,compression_l1,compression,1,bass,3.0410279075676474,0.7266632977670058,0.009298047806429288,0.01922690645866365
demucs,Juliet's_Rescue_-_Heartbeats,compression_l1,compression,1,other,6.797312714744223,5.8215415331925815,-0.05316630435258052,-0.06976304221816498
demucs,Juliet's_Rescue_-_Heartbeats,compression_l2,compression,2,vocals,9.264861117842893,8.71962097335467,-0.7145006094666897,-0.8012453584381092
demucs,Juliet's_Rescue_-_Heartbeats,compression_l2,compression,2,drums,15.104734397575633,14.968560296505604,-0.21422522468378702,-0.22089352775842386
demucs,Juliet's_Rescue_-_Heartbeats,compression_l2,compression,2,bass,2.992491968402863,0.5884509825470924,-0.03923789135835509,-0.11898540876124974
demucs,Juliet's_Rescue_-_Heartbeats,compression_l2,compression,2,other,6.682503496559757,5.681480179867769,-0.16797552253704584,-0.20982439554297727
demucs,Juliet's_Rescue_-_Heartbeats,compression_l3,compression,3,vocals,9.14509631694713,8.582705024409783,-0.8342654103624518,-0.9381613073829964
demucs,Juliet's_Rescue_-_Heartbeats,compression_l3,compression,3,drums,15.094556767167113,14.958066791237012,-0.22440285509230762,-0.23138703302701558
demucs,Juliet's_Rescue_-_Heartbeats,compression_l3,compression,3,bass,2.990370543690186,0.5946172814216572,-0.04135931607103194,-0.11281910988668498
demucs,Juliet's_Rescue_-_Heartbeats,compression_l3,compression,3,other,6.654025990270883,5.646937983818808,-0.1964530288259203,-0.2443665915919384
demucs,Juliet's_Rescue_-_Heartbeats,compression_l4,compression,4,vocals,9.32705973009325,8.788885219113073,-0.6523019972163322,-0.7319811126797067
demucs,Juliet's_Rescue_-_Heartbeats,compression_l4,compression,4,drums,15.204932840670956,15.072046959709189,-0.11402678158846413,-0.11740686455483917
demucs,Juliet's_Rescue_-_Heartbeats,compression_l4,compression,4,bass,3.062885808440672,0.7579396493920809,0.031155948679453704,0.05050325808373879
demucs,Juliet's_Rescue_-_Heartbeats,compression_l4,compression,4,other,6.749793514495199,5.7623704110892735,-0.10068550460160441,-0.12893416432147298
demucs,Juliet's_Rescue_-_Heartbeats,delay_l1,delay,1,vocals,9.35616879265723,8.824233052205773,-0.6231929346523515,-0.6966332795870063
demucs,Juliet's_Rescue_-_Heartbeats,delay_l1,delay,1,drums,15.273904692852371,15.143092386141596,-0.04505492940704947,-0.046361438122431764
demucs,Juliet's_Rescue_-_Heartbeats,delay_l1,delay,1,bass,3.0036806452242413,0.6284675829678189,-0.02804921453697684,-0.07896880834052322
demucs,Juliet's_Rescue_-_Heartbeats,delay_l1,delay,1,other,6.705407545603103,5.708926579040954,-0.14507147349369998,-0.18237799636979268
demucs,Juliet's_Rescue_-_Heartbeats,delay_l2,delay,2,vocals,8.564912762284075,7.914280540985848,-1.4144489650255068,-1.6065857908069319
demucs,Juliet's_Rescue_-_Heartbeats,delay_l2,delay,2,drums,15.116965778153553,14.98125196297973,-0.20199384410586774,-0.20820186128429796
demucs,Juliet's_Rescue_-_Heartbeats,delay_l2,delay,2,bass,2.9894822634388984,0.5452475989589605,-0.04224759632231967,-0.16218879234938166
demucs,Juliet's_Rescue_-_Heartbeats,delay_l2,delay,2,other,6.509115424679397,5.473493995421413,-0.34136359441740627,-0.41781057998933324
demucs,Juliet's_Rescue_-_Heartbeats,delay_l3,delay,3,vocals,8.001450721989903,7.254982182874514,-1.9779110053196796,-2.265884148918266
demucs,Juliet's_Rescue_-_Heartbeats,delay_l3,delay,3,drums,14.992357199184855,14.852593470214508,-0.326602423074565,-0.3368603540495201
demucs,Juliet's_Rescue_-_Heartbeats,delay_l3,delay,3,bass,3.01267844315052,0.6099434155872918,-0.01905141661069809,-0.09749297572105031
demucs,Juliet's_Rescue_-_Heartbeats,delay_l3,delay,3,other,6.356918217845767,5.288482646365511,-0.49356080125103663,-0.6028219290452359
demucs,Juliet's_Rescue_-_Heartbeats,delay_l4,delay,4,vocals,7.538359414113092,6.702568284348347,-2.44100231319649,-2.818298047444433
demucs,Juliet's_Rescue_-_Heartbeats,delay_l4,delay,4,drums,14.937014365815521,14.79543752561695,-0.381945256443899,-0.39401629864707743
demucs,Juliet's_Rescue_-_Heartbeats,delay_l4,delay,4,bass,2.9623421399315486,0.516054013006352,-0.06938771982966951,-0.19138237830199012
demucs,Juliet's_Rescue_-_Heartbeats,delay_l4,delay,4,other,6.1913441993752905,5.087274058646981,-0.6591348197215128,-0.8040305167637651
demucs,Juliet's_Rescue_-_Heartbeats,original,original,0,vocals,9.979361727309582,9.52086633179278,0.0,0.0
demucs,Juliet's_Rescue_-_Heartbeats,original,original,0,drums,15.31895962225942,15.189453824264028,0.0,0.0
demucs,Juliet's_Rescue_-_Heartbeats,original,original,0,bass,3.031729859761218,0.7074363913083421,0.0,0.0
demucs,Juliet's_Rescue_-_Heartbeats,original,original,0,other,6.850479019096803,5.8913045754107465,0.0,0.0
demucs,Juliet's_Rescue_-_Heartbeats,reverb_l1,reverb,1,vocals,9.534635621608707,9.022355419115993,-0.4447261057008749,-0.49851091267678704
demucs,Juliet's_Rescue_-_Heartbeats,reverb_l1,reverb,1,drums,15.273752685832456,15.142864755954939,-0.04520693642696472,-0.04658906830908904
demucs,Juliet's_Rescue_-_Heartbeats,reverb_l1,reverb,1,bass,3.0004316471927215,0.6238683810385668,-0.03129821256849663,-0.08356801026977534
demucs,Juliet's_Rescue_-_Heartbeats,reverb_l1,reverb,1,other,6.721245132144045,5.7388029727862655,-0.1292338869527585,-0.15250160262448098
demucs,Juliet's_Rescue_-_Heartbeats,reverb_l2,reverb,2,vocals,8.454375069776036,7.7893625317916735,-1.524986657533546,-1.7315038000011063
demucs,Juliet's_Rescue_-_Heartbeats,reverb_l2,reverb,2,drums,15.449667350620057,15.324227159738957,0.13070772836063682,0.13477333547492876
demucs,Juliet's_Rescue_-_Heartbeats,reverb_l2,reverb,2,bass,3.046513510355787,0.6973820665234278,0.014783650594568876,-0.010054324784914304
demucs,Juliet's_Rescue_-_Heartbeats,reverb_l2,reverb,2,other,6.481573320057108,5.453360747035849,-0.3689056990396953,-0.4379438283748973
demucs,Juliet's_Rescue_-_Heartbeats,reverb_l3,reverb,3,vocals,8.51991455295775,7.865421569485996,-1.4594471743518316,-1.655444762306784
demucs,Juliet's_Rescue_-_Heartbeats,reverb_l3,reverb,3,drums,15.62280302871406,15.502410329479561,0.30384340645463936,0.3129565052155332
demucs,Juliet's_Rescue_-_Heartbeats,reverb_l3,reverb,3,bass,3.0148890336398946,0.6357657316640601,-0.016840826121323538,-0.07167065964428199
demucs,Juliet's_Rescue_-_Heartbeats,reverb_l3,reverb,3,other,6.456848828646149,5.425278226527945,-0.3936301904506543,-0.46602634888280114
demucs,Juliet's_Rescue_-_Heartbeats,reverb_l4,reverb,4,vocals,8.598768948741096,7.959082863904511,-1.3805927785684862,-1.5617834678882687
demucs,Juliet's_Rescue_-_Heartbeats,reverb_l4,reverb,4,drums,15.736931464437326,15.619680892373273,0.41797184217790573,0.4302270681092448
demucs,Juliet's_Rescue_-_Heartbeats,reverb_l4,reverb,4,bass,2.9886204216940566,0.6149786689896048,-0.0431094380671615,-0.09245772231873728
demucs,Juliet's_Rescue_-_Heartbeats,reverb_l4,reverb,4,other,6.457361468312893,5.431530521231281,-0.3931175507839102,-0.4597740541794657
spleeter,Little_Chicago's_Finest_-_My_Own,bitcrush_l1,bitcrush,1,vocals,8.703866291893025,8.13876504643044,-0.47338163565533087,-0.5575391164672467
spleeter,Little_Chicago's_Finest_-_My_Own,bitcrush_l1,bitcrush,1,drums,7.105357140640461,6.166211657541693,0.02043793711124131,0.026580838407609164
spleeter,Little_Chicago's_Finest_-_My_Own,bitcrush_l1,bitcrush,1,bass,3.932495933266704,2.457610691338636,0.21849666445805127,0.1691818586401359
spleeter,Little_Chicago's_Finest_-_My_Own,bitcrush_l1,bitcrush,1,other,5.382717032010338,3.926272673168736,-0.1534493667134118,-0.20658923987594235
spleeter,Little_Chicago's_Finest_-_My_Own,bitcrush_l2,bitcrush,2,vocals,8.701898221210865,8.13677460340563,-0.4753497063374912,-0.5595295594920557
spleeter,Little_Chicago's_Finest_-_My_Own,bitcrush_l2,bitcrush,2,drums,7.103792607059609,6.164261508010248,0.018873403530389687,0.024630688876164264
spleeter,Little_Chicago's_Finest_-_My_Own,bitcrush_l2,bitcrush,2,bass,3.931739145738708,2.456075809139233,0.21773987693005514,0.16764697644073312
spleeter,Little_Chicago's_Finest_-_My_Own,bitcrush_l2,bitcrush,2,other,5.383808077932225,3.92712010245594,-0.15235832079152445,-0.20574181058873808
spleeter,Little_Chicago's_Finest_-_My_Own,bitcrush_l3,bitcrush,3,vocals,8.609713396043695,8.035087870083245,-0.5675345315046609,-0.6612162928144407
spleeter,Little_Chicago's_Finest_-_My_Own,bitcrush_l3,bitcrush,3,drums,6.9469708391220095,5.968849164729563,-0.13794836440720992,-0.17078165440452064
spleeter,Little_Chicago's_Finest_-_My_Own,bitcrush_l3,bitcrush,3,bass,3.800375956284472,2.320631808584341,0.08637668747581895,0.03220297588584087
spleeter,Little_Chicago's_Finest_-_My_Own,bitcrush_l3,bitcrush,3,other,5.376725472004652,3.914038154826005,-0.15944092671909793,-0.21882375821867317
spleeter,Little_Chicago's_Finest_-_My_Own,bitcrush_l4,bitcrush,4,vocals,8.052119686716008,7.334886585344881,-1.125128240832348,-1.361417577552805
spleeter,Little_Chicago's_Finest_-_My_Own,bitcrush_l4,bitcrush,4,drums,7.350923527516596,6.487961535488039,0.26600432398737617,0.3483307163539555
spleeter,Little_Chicago's_Finest_-_My_Own,bitcrush_l4,bitcrush,4,bass,4.352735137542322,2.8130853737051313,0.6387358687336695,0.5246565410066313
spleeter,Little_Chicago's_Finest_-_My_Own,bitcrush_l4,bitcrush,4,other,4.639405495694088,2.9765419681436684,-0.8967609030296613,-1.1563199449010098
spleeter,Little_Chicago's_Finest_-_My_Own,compression_l1,compression,1,vocals,9.006279748097757,8.50916093085102,-0.1709681794505986,-0.18714323204666528
spleeter,Little_Chicago's_Finest_-_My_Own,compression_l1,compression,1,drums,7.056557940504207,6.104392958991478,-0.02836126302501274,-0.03523786014260555
spleeter,Little_Chicago's_Finest_-_My_Own,compression_l1,compression,1,bass,3.7644081361355877,2.320461293839108,0.050408867326934725,0.03203246114060798
spleeter,Little_Chicago's_Finest_-_My_Own,compression_l1,compression,1,other,5.486932951539205,4.064090657907472,-0.04923344718454459,-0.06877125513720639
spleeter,Little_Chicago's_Finest_-_My_Own,compression_l2,compression,2,vocals,8.551019878807507,7.996013277487334,-0.6262280487408489,-0.700290885410352
spleeter,Little_Chicago's_Finest_-_My_Own,compression_l2,compression,2,drums,6.831420833951936,5.821833943528258,-0.2534983695772839,-0.3177968756058256
spleeter,Little_Chicago's_Finest_-_My_Own,compression_l2,compression,2,bass,3.765315909338549,2.294376157104776,0.05131664052989615,0.005947324406275989
spleeter,Little_Chicago's_Finest_-_My_Own,compression_l2,compression,2,other,5.405690367517869,3.9562004404014566,-0.13047603120588036,-0.17666147264322163
spleeter,Little_Chicago's_Finest_-_My_Own,compression_l3,compression,3,vocals,8.374250805129407,7.7906401965812115,-0.8029971224189492,-0.9056639663164745
spleeter,Little_Chicago's_Finest_-_My_Own,compression_l3,compression,3,drums,6.633588658870843,5.570774961420907,-0.45133054465837663,-0.568855857713177
spleeter,Little_Chicago's_Finest_-_My_Own,compression_l3,compression,3,bass,3.5739287663236405,2.0814127690083,-0.1400705024850124,-0.2070160636902001
spleeter,Little_Chicago's_Finest_-_My_Own,compression_l3,compression,3,other,5.382114804767366,3.932719636995135,-0.15405159395638357,-0.20014227604954327
spleeter,Little_Chicago's_Finest_-_My_Own,compression_l4,compression,4,vocals,8.610234127027878,8.061089036437581,-0.5670138005204777,-0.6352151264601051
spleeter,Little_Chicago's_Finest_-_My_Own,compression_l4,compression,4,drums,6.699418887273644,5.654723672064899,-0.385500316255575,-0.48490714706918503
spleeter,Little_Chicago's_Finest_-_My_Own,compression_l4,compression,4,bass,3.577613934113314,2.1471379083342357,-0.13638533469533876,-0.14129092436426438
spleeter,Little_Chicago's_Finest_-_My_Own,compression_l4,compression,4,other,5.452784330598865,4.026588446442917,-0.08338206812488469,-0.10627346660176151
spleeter,Little_Chicago's_Finest_-_My_Own,delay_l1,delay,1,vocals,9.154010922032272,8.634034592610915,-0.023237005516083542,-0.06226957028677127
spleeter,Little_Chicago's_Finest_-_My_Own,delay_l1,delay,1,drums,7.781669037100059,6.9907254918273045,0.6967498335708395,0.8510946726932209
spleeter,Little_Chicago's_Finest_-_My_Own,delay_l1,delay,1,bass,4.614255138354603,3.207820491260854,0.9002558695459504,0.919391658562354
spleeter,Little_Chicago's_Finest_-_My_Own,delay_l1,delay,1,other,5.283471031447341,3.7794873449081043,-0.2526953672764085,-0.35337456813657386
spleeter,Little_Chicago's_Finest_-_My_Own,delay_l2,delay,2,vocals,8.82952188627009,8.22463411194925,-0.3477260412782659,-0.47167005094843617
spleeter,Little_Chicago's_Finest_-_My_Own,delay_l2,delay,2,drums,8.344914443998702,7.660541914507775,1.2599952404694825,1.520911095373691
spleeter,Little_Chicago's_Finest_-_My_Own,delay_l2,delay,2,bass,5.320055225001546,3.9963711155254695,1.6060559561928933,1.7079422828269695
spleeter,Little_Chicago's_Finest_-_My_Own,delay_l2,delay,2,other,4.595977877036889,2.8706172962984406,-0.9401885216868608,-1.2622446167462376
spleeter,Little_Chicago's_Finest_-_My_Own,delay_l3,delay,3,vocals,8.342258682561852,7.655046867599074,-0.8349892449865042,-1.041257295298612
spleeter,Little_Chicago's_Finest_-_My_Own,delay_l3,delay,3,drums,8.502789307669781,7.8482583380940145,1.4178701041405617,1.708627518959931
spleeter,Little_Chicago's_Finest_-_My_Own,delay_l3,delay,3,bass,5.773792029849708,4.498964735286978,2.059792761041055,2.210535902588478
spleeter,Little_Chicago's_Finest_-_My_Own,delay_l3,delay,3,other,4.099573153018315,2.1924073348690083,-1.436593245705435,-1.94045457817567
spleeter,Little_Chicago's_Finest_-_My_Own,delay_l4,delay,4,vocals,7.769259805725463,6.9784485849393665,-1.4079881218228927,-1.7178555779583196
spleeter,Little_Chicago's_Finest_-_My_Own,delay_l4,delay,4,drums,8.371931060372136,7.694627337194861,1.2870118568429163,1.5549965180607774
spleeter,Little_Chicago's_Finest_-_My_Own,delay_l4,delay,4,bass,5.6472594878431455,4.378026913886982,1.9332602190344925,2.0895980811884822
spleeter,Little_Chicago's_Finest_-_My_Own,delay_l4,delay,4,other,3.369618356500754,1.2741698846495702,-2.166548042222996,-2.858692028395108
spleeter,Little_Chicago's_Finest_-_My_Own,original,original,0,vocals,9.177247927548356,8.696304162897686,0.0,0.0
spleeter,Little_Chicago's_Finest_-_My_Own,original,original,0,drums,7.0849192035292194,6.139630819134084,0.0,0.0
spleeter,Little_Chicago's_Finest_-_My_Own,original,original,0,bass,3.713999268808653,2.2884288326985,0.0,0.0
spleeter,Little_Chicago's_Finest_-_My_Own,original,original,0,other,5.53616639872375,4.132861913044678,0.0,0.0
spleeter,Little_Chicago's_Finest_-_My_Own,reverb_l1,reverb,1,vocals,8.724409371882361,8.167548652622598,-0.45283855566599485,-0.5287555102750883
spleeter,Little_Chicago's_Finest_-_My_Own,reverb_l1,reverb,1,drums,7.6510416686483484,6.834184832549686,0.566122465119129,0.6945540134156021
spleeter,Little_Chicago's_Finest_-_My_Own,reverb_l1,reverb,1,bass,4.388955074195706,2.8234678404546933,0.6749558053870528,0.5350390077561933
spleeter,Little_Chicago's_Finest_-_My_Own,reverb_l1,reverb,1,other,5.224287355491796,3.705030451135377,-0.31187904323195337,-0.4278314619093013
spleeter,Little_Chicago's_Finest_-_My_Own,reverb_l2,reverb,2,vocals,7.059712746301026,6.108359264757316,-2.11753518124733,-2.5879448981403703
spleeter,Little_Chicago's_Finest_-_My_Own,reverb_l2,reverb,2,drums,6.840230367902985,5.848069582166769,-0.244688835626234,-0.29156123696731484
spleeter,Little_Chicago's_Finest_-_My_Own,reverb_l2,reverb,2,bass,2.1796121227976752,0.4761566767268269,-1.5343871460109777,-1.8122721559716732
spleeter,Little_Chicago's_Finest_-_My_Own,reverb_l2,reverb,2,other,4.4767821470326785,2.8152195214552456,-1.0593842516910712,-1.3176423915894326
spleeter,Little_Chicago's_Finest_-_My_Own,reverb_l3,reverb,3,vocals,6.048491130731874,4.816848505352694,-3.128756796816482,-3.879455657544992
spleeter,Little_Chicago's_Finest_-_My_Own,reverb_l3,reverb,3,drums,6.5777922391753485,5.516035187456206,-0.507126964353871,-0.6235956316778779
spleeter,Little_Chicago's_Finest_-_My_Own,reverb_l3,reverb,3,bass,0.8393551503525681,-0.9011554514605027,-2.874644118456085,-3.189584284159003
spleeter,Little_Chicago's_Finest_-_My_Own,reverb_l3,reverb,3,other,4.225471788140255,2.6448874869077077,-1.3106946105834947,-1.4879744261369705
spleeter,Little_Chicago's_Finest_-_My_Own,reverb_l4,reverb,4,vocals,5.999649619320394,4.755376408314934,-3.177598308227962,-3.940927754582752
spleeter,Little_Chicago's_Finest_-_My_Own,reverb_l4,reverb,4,drums,6.583020456637029,5.521123386096893,-0.5018987468921905,-0.6185074330371902
spleeter,Little_Chicago's_Finest_-_My_Own,reverb_l4,reverb,4,bass,0.7309956652501222,-0.9994053229502103,-2.983003603558531,-3.2878341556487105
spleeter,Little_Chicago's_Finest_-_My_Own,reverb_l4,reverb,4,other,4.265958994390115,2.7227459200686543,-1.270207404333635,-1.4101159929760239
demucs,Little_Chicago's_Finest_-_My_Own,bitcrush_l1,bitcrush,1,vocals,12.01637695547106,11.756295063267928,-1.2835373195631021,-1.3456409371109537
demucs,Little_Chicago's_Finest_-_My_Own,bitcrush_l1,bitcrush,1,drums,13.469834338855296,13.28095320319974,-1.131035548087235,-1.1666896104554354
demucs,Little_Chicago's_Finest_-_My_Own,bitcrush_l1,bitcrush,1,bass,17.726882749839106,17.657824749394834,-0.4115481769420235,-0.41990610050746113
demucs,Little_Chicago's_Finest_-_My_Own,bitcrush_l1,bitcrush,1,other,7.323174625819881,6.4335978104400375,-0.18035052796430406,-0.22032844830121778
demucs,Little_Chicago's_Finest_-_My_Own,bitcrush_l2,bitcrush,2,vocals,12.062057332416378,11.804287638834284,-1.2378569426177837,-1.2976483615445975
demucs,Little_Chicago's_Finest_-_My_Own,bitcrush_l2,bitcrush,2,drums,13.50952509362205,13.320955309461507,-1.0913447933204807,-1.1266875041936686
demucs,Little_Chicago's_Finest_-_My_Own,bitcrush_l2,bitcrush,2,bass,17.656548364736416,17.585478214798375,-0.4818825620447136,-0.49225263510392026
demucs,Little_Chicago's_Finest_-_My_Own,bitcrush_l2,bitcrush,2,other,7.331685776006465,6.444036219811904,-0.17183937777772051,-0.20989003892935099
demucs,Little_Chicago's_Finest_-_My_Own,bitcrush_l3,bitcrush,3,vocals,11.974613594727792,11.711283362343137,-1.3253006803063698,-1.3906526380357445
demucs,Little_Chicago's_Finest_-_My_Own,bitcrush_l3,bitcrush,3,drums,13.512486390852853,13.323590719836773,-1.088383496089678,-1.1240520938184027
demucs,Little_Chicago's_Finest_-_My_Own,bitcrush_l3,bitcrush,3,bass,17.607054427135086,17.53632470968205,-0.5313764996460435,-0.5414061402202464
demucs,Little_Chicago's_Finest_-_My_Own,bitcrush_l3,bitcrush,3,other,7.270896401554005,6.36950468496819,-0.23262875223018042,-0.28442157377306554
demucs,Little_Chicago's_Finest_-_My_Own,bitcrush_l4,bitcrush,4,vocals,10.695998672396952,10.357488982351358,-2.60391560263721,-2.7444470180275236
demucs,Little_Chicago's_Finest_-_My_Own,bitcrush_l4,bitcrush,4,drums,13.339127724094801,13.140866604775692,-1.2617421628477299,-1.3067762088794836
demucs,Little_Chicago's_Finest_-_My_Own,bitcrush_l4,bitcrush,4,bass,17.576713094070172,17.506582604997398,-0.5617178327109578,-0.5711482449048972
demucs,Little_Chicago's_Finest_-_My_Own,bitcrush_l4,bitcrush,4,other,6.2218830168265225,5.116529904316169,-1.2816421369576627,-1.537396354425086
demucs,Little_Chicago's_Finest_-_My_Own,compression_l1,compression,1,vocals,13.197063760658335,12.99401322493666,-0.10285051437582737,-0.10792277544222095
demucs,Little_Chicago's_Finest_-_My_Own,compression_l1,compression,1,drums,14.527777836950218,14.37190269023384,-0.07309204999231333,-0.07574012342133507
demucs,Little_Chicago's_Finest_-_My_Own,compression_l1,compression,1,bass,17.938328999888302,17.87407476411331,-0.20010192689282746,-0.2036560857889853
demucs,Little_Chicago's_Finest_-_My_Own,compression_l1,compression,1,other,7.461845450527235,6.603206152844203,-0.04167970325694981,-0.050720105897052115
demucs,Little_Chicago's_Finest_-_My_Own,compression_l2,compression,2,vocals,13.004979295951651,12.792900836978422,-0.29493497908251065,-0.3090351634004591
demucs,Little_Chicago's_Finest_-_My_Own,compression_l2,compression,2,drums,14.379666943007898,14.218306576587343,-0.22120294393463347,-0.22933623706783202
demucs,Little_Chicago's_Finest_-_My_Own,compression_l2,compression,2,bass,17.90137330678784,17.836862885664175,-0.23705761999329056,-0.24086796423812018
demucs,Little_Chicago's_Finest_-_My_Own,compression_l2,compression,2,other,7.446822715074832,6.585061028582935,-0.056702438709352876,-0.06886523015832058
demucs,Little_Chicago's_Finest_-_My_Own,compression_l3,compression,3,vocals,12.954403088092803,12.740505039713286,-0.3455111869413585,-0.36143096066559544
demucs,Little_Chicago's_Finest_-_My_Own,compression_l3,compression,3,drums,14.291541507106146,14.127032328054838,-0.3093283798363853,-0.3206104856003371
demucs,Little_Chicago's_Finest_-_My_Own,compression_l3,compression,3,bass,17.863405646395016,17.79820564468471,-0.27502528038611374,-0.2795252052175847
demucs,Little_Chicago's_Finest_-_My_Own,compression_l3,compression,3,other,7.464439331054264,6.606498168383438,-0.03908582272992156,-0.047428090357817254
demucs,Little_Chicago's_Finest_-_My_Own,compression_l4,compression,4,vocals,13.007352721840917,12.7957548665563,-0.29256155319324506,-0.30618113382258194
demucs,Little_Chicago's_Finest_-_My_Own,compression_l4,compression,4,drums,14.38116874454262,14.219939390506777,-0.21970114239991112,-0.2277034231483981
demucs,Little_Chicago's_Finest_-_My_Own,compression_l4,compression,4,bass,18.024901358652194,17.961992415954413,-0.11352956812893567,-0.11573843394788241
demucs,Little_Chicago's_Finest_-_My_Own,compression_l4,compression,4,other,7.4220365073708265,6.55464235017452,-0.08148864641335862,-0.09928390856673541
demucs,Little_Chicago's_Finest_-_My_Own,delay_l1,delay,1,vocals,12.714052918464189,12.499177083703273,-0.5858613565699731,-0.602758916675608
demucs,Little_Chicago's_Finest_-_My_Own,delay_l1,delay,1,drums,14.339751497509765,14.176915634557455,-0.26111838943276666,-0.2707271790977206
demucs,Little_Chicago's_Finest_-_My_Own,delay_l1,delay,1,bass,17.85039985574685,17.78839142077222,-0.28803107103427905,-0.2893394291300737
demucs,Little_Chicago's_Finest_-_My_Own,delay_l1,delay,1,other,7.31409505739777,6.423158583162586,-0.18943009638641506,-0.23076767557866962
demucs,Little_Chicago's_Finest_-_My_Own,delay_l2,delay,2,vocals,11.568538592628517,11.312467780260524,-1.7313756824056448,-1.7894682201183567
demucs,Little_Chicago's_Finest_-_My_Own,delay_l2,delay,2,drums,13.99466604803562,13.818619907010037,-0.6062038389069109,-0.6290229066451385
demucs,Little_Chicago's_Finest_-_My_Own,delay_l2,delay,2,bass,17.16999488527311,17.097092328816576,-0.9684360415080207,-0.9806385210857194
demucs,Little_Chicago's_Finest_-_My_Own,delay_l2,delay,2,other,6.488122399749912,5.424444058144222,-1.0154027540342732,-1.2294822005970332
demucs,Little_Chicago's_Finest_-_My_Own,delay_l3,delay,3,vocals,10.657190107841572,10.375690983497282,-2.64272416719259,-2.726245016881599
demucs,Little_Chicago's_Finest_-_My_Own,delay_l3,delay,3,drums,13.921816799768976,13.743829236329471,-0.6790530871735552,-0.7038135773257039
demucs,Little_Chicago's_Finest_-_My_Own,delay_l3,delay,3,bass,16.901349515026276,16.828457298107825,-1.237081411754854,-1.2492735517944702
demucs,Little_Chicago's_Finest_-_My_Own,delay_l3,delay,3,other,5.631297861049952,4.434356729822766,-1.872227292734233,-2.2195695289184894
demucs,Little_Chicago's_Finest_-_My_Own,delay_l4,delay,4,vocals,9.840485262475259,9.536383584663824,-3.4594290125589033,-3.5655524157150573
demucs,Little_Chicago's_Finest_-_My_Own,delay_l4,delay,4,drums,13.6202874642023,13.428053020731772,-0.9805824227402304,-1.0195897929234032
demucs,Little_Chicago's_Finest_-_My_Own,delay_l4,delay,4,bass,16.637286851054768,16.55751305101166,-1.501144075726362,-1.5202177988906342
demucs,Little_Chicago's_Finest_-_My_Own,delay_l4,delay,4,other,4.947989206615317,3.652360402008167,-2.5555359471688686,-3.0015658567330883
demucs,Little_Chicago's_Finest_-_My_Own,original,original,0,vocals,13.299914275034162,13.101936000378881,0.0,0.0
demucs,Little_Chicago's_Finest_-_My_Own,original,original,0,drums,14.600869886942531,14.447642813655175,0.0,0.0
demucs,Little_Chicago's_Finest_-_My_Own,original,original,0,bass,18.13843092678113,18.077730849902295,0.0,0.0
demucs,Little_Chicago's_Finest_-_My_Own,original,original,0,other,7.503525153784185,6.653926258741255,0.0,0.0
demucs,Little_Chicago's_Finest_-_My_Own,reverb_l1,reverb,1,vocals,10.140495709374555,9.764774272091191,-3.1594185656596068,-3.3371617282876898
demucs,Little_Chicago's_Finest_-_My_Own,reverb_l1,reverb,1,drums,14.312597218831327,14.148701824691926,-0.28827266811120467,-0.29894098896324905
demucs,Little_Chicago's_Finest_-_My_Own,reverb_l1,reverb,1,bass,15.415026790496292,15.296326902074341,-2.723404136284838,-2.781403947827954
demucs,Little_Chicago's_Finest_-_My_Own,reverb_l1,reverb,1,other,5.196479667568029,3.9858424042093055,-2.307045486216156,-2.66808385453195
demucs,Little_Chicago's_Finest_-_My_Own,reverb_l2,reverb,2,vocals,5.44921340713222,4.412562132803926,-7.850700867901942,-8.689373867574954
demucs,Little_Chicago's_Finest_-_My_Own,reverb_l2,reverb,2,drums,14.241774447213665,14.076372408919786,-0.3590954397288666,-0.3712704047353892
demucs,Little_Chicago's_Finest_-_My_Own,reverb_l2,reverb,2,bass,5.7805610251866435,5.524761986592409,-12.357869901594487,-12.552968863309886
demucs,Little_Chicago's_Finest_-_My_Own,reverb_l2,reverb,2,other,1.4772638178853321,0.19069831152079225,-6.0262613358988535,-6.463227947220463
demucs,Little_Chicago's_Finest_-_My_Own,reverb_l3,reverb,3,vocals,5.296899767342347,4.457050175982568,-8.003014507691816,-8.644885824396313
demucs,Little_Chicago's_Finest_-_My_Own,reverb_l3,reverb,3,drums,14.385363670222455,14.225703667111606,-0.21550621672007608,-0.22193914654356917
demucs,Little_Chicago's_Finest_-_My_Own,reverb_l3,reverb,3,bass,6.1519830017062755,5.879435898292771,-11.986447925074854,-12.198294951609524
demucs,Little_Chicago's_Finest_-_My_Own,reverb_l3,reverb,3,other,1.1409059511008606,-0.025989594310663226,-6.362619202683325,-6.679915853051918
demucs,Little_Chicago's_Finest_-_My_Own,reverb_l4,reverb,4,vocals,5.149745906018721,4.233674158352234,-8.150168369015441,-8.868261842026648
demucs,Little_Chicago's_Finest_-_My_Own,reverb_l4,reverb,4,drums,14.450665608450336,14.293070039121911,-0.1502042784921951,-0.15457277453326412
demucs,Little_Chicago's_Finest_-_My_Own,reverb_l4,reverb,4,bass,5.646049379260708,5.382121236873985,-12.492381547520422,-12.69560961302831
demucs,Little_Chicago's_Finest_-_My_Own,reverb_l4,reverb,4,other,1.0433162693438196,-0.1112338712640737,-6.460208884440366,-6.765160130005329
spleeter,Louis_Cressy_Band_-_Good_Time,bitcrush_l1,bitcrush,1,vocals,6.677326977637138,5.695085655102053,-0.7539061566451615,-0.9597330008051124
spleeter,Louis_Cressy_Band_-_Good_Time,bitcrush_l1,bitcrush,1,drums,7.33819946879036,6.452537739747344,-0.016042163941254017,-0.019714681380166077
spleeter,Louis_Cressy_Band_-_Good_Time,bitcrush_l1,bitcrush,1,bass,5.021336176216486,3.4345637662653283,0.0002400642443705081,0.0019803998667207168
spleeter,Louis_Cressy_Band_-_Good_Time,bitcrush_l1,bitcrush,1,other,7.683603318478682,6.900339529068246,-0.04431925320223762,-0.050262775726543474
spleeter,Louis_Cressy_Band_-_Good_Time,bitcrush_l2,bitcrush,2,vocals,6.676516203516405,5.6939199335209345,-0.7547169307658947,-0.9608987223862311
spleeter,Louis_Cressy_Band_-_Good_Time,bitcrush_l2,bitcrush,2,drums,7.337884404807546,6.452145242605165,-0.01635722792406824,-0.020107178522344782
spleeter,Louis_Cressy_Band_-_Good_Time,bitcrush_l2,bitcrush,2,bass,5.021192620023497,3.434351824057508,9.650805138150531e-05,0.0017684576589003242
spleeter,Louis_Cressy_Band_-_Good_Time,bitcrush_l2,bitcrush,2,other,7.683533644288218,6.900241259444585,-0.04438892739270184,-0.05036104535020414
spleeter,Louis_Cressy_Band_-_Good_Time,bitcrush_l3,bitcrush,3,vocals,6.670158087650577,5.684590653953638,-0.7610750466317224,-0.9702280019535277
spleeter,Louis_Cressy_Band_-_Good_Time,bitcrush_l3,bitcrush,3,drums,7.337257924210756,6.4513619740420385,-0.016983708520857732,-0.020890447085471386
spleeter,Louis_Cressy_Band_-_Good_Time,bitcrush_l3,bitcrush,3,bass,5.020240322452944,3.4336398203414955,-0.0008557895191714238,0.0010564539428878916
spleeter,Louis_Cressy_Band_-_Good_Time,bitcrush_l3,bitcrush,3,other,7.681060998279882,6.897418906116703,-0.04686157340103758,-0.053183398678086746
spleeter,Louis_Cressy_Band_-_Good_Time,bitcrush_l4,bitcrush,4,vocals,6.545230085494945,5.511373899603882,-0.8860030487873551,-1.1434447563032837
spleeter,Louis_Cressy_Band_-_Good_Time,bitcrush_l4,bitcrush,4,drums,7.313104775256885,6.421546973838263,-0.041136857474728394,-0.050705447289247196
spleeter,Louis_Cressy_Band_-_Good_Time,bitcrush_l4,bitcrush,4,bass,5.021667001431441,3.4352012613492517,0.0005708894593254854,0.0026178949506441285
spleeter,Louis_Cressy_Band_-_Good_Time,bitcrush_l4,bitcrush,4,other,7.644981743283292,6.857514436783234,-0.08294082839762762,-0.09308786801155566
spleeter,Louis_Cressy_Band_-_Good_Time,compression_l1,compression,1,vocals,7.173062404558992,6.338467097388415,-0.25817072972330735,-0.3163515585187504
spleeter,Louis_Cressy_Band_-_Good_Time,compression_l1,compression,1,drums,7.326507703185076,6.438259791299583,-0.027733929546537972,-0.03399262982792717
spleeter,Louis_Cressy_Band_-_Good_Time,compression_l1,compression,1,bass,5.005150862795274,3.406698116046517,-0.01594524917684126,-0.025885250352090772
spleeter,Louis_Cressy_Band_-_Good_Time,compression_l1,compression,1,other,7.681536848371327,6.895611891011434,-0.046385723309592564,-0.05499041378335523
spleeter,Louis_Cressy_Band_-_Good_Time,compression_l2,compression,2,vocals,6.703817129888443,5.746423842117029,-0.7274160043938567,-0.908394813790137
spleeter,Louis_Cressy_Band_-_Good_Time,compression_l2,compression,2,drums,7.263980248384553,6.361402863566159,-0.09026138434706077,-0.11084955756135084
spleeter,Louis_Cressy_Band_-_Good_Time,compression_l2,compression,2,bass,4.9728944925417675,3.3539810576367577,-0.04820161943034762,-0.07860230876184993
spleeter,Louis_Cressy_Band_-_Good_Time,compression_l2,compression,2,other,7.5809661349430115,6.777425287886668,-0.14695643673790837,-0.17317701690812104
spleeter,Louis_Cressy_Band_-_Good_Time,compression_l3,compression,3,vocals,6.390163221616786,5.340160163071729,-1.041069912665514,-1.314658492835437
spleeter,Louis_Cressy_Band_-_Good_Time,compression_l3,compression,3,drums,7.1627500852628225,6.235865926330993,-0.19149154746879127,-0.23638649479651708
spleeter,Louis_Cressy_Band_-_Good_Time,compression_l3,compression,3,bass,4.9436790108108815,3.2968567923247987,-0.07741710116123368,-0.13572657407380895
spleeter,Louis_Cressy_Band_-_Good_Time,compression_l3,compression,3,other,7.535452993871186,6.7289186221071535,-0.19246957780973428,-0.22168368268763583
spleeter,Louis_Cressy_Band_-_Good_Time,compression_l4,compression,4,vocals,6.431790725711274,5.394241547409004,-0.9994424085710261,-1.2605771084981612
spleeter,Louis_Cressy_Band_-_Good_Time,compression_l4,compression,4,drums,7.117656860520602,6.180088658755777,-0.23658477221101215,-0.29216376237173325
spleeter,Louis_Cressy_Band_-_Good_Time,compression_l4,compression,4,bass,4.911597022551815,3.245876574544842,-0.10949908942030007,-0.1867067918537657
spleeter,Louis_Cressy_Band_-_Good_Time,compression_l4,compression,4,other,7.5562746798257034,6.755761047547314,-0.17164789185521645,-0.19484125724747514
spleeter,Louis_Cressy_Band_-_Good_Time,delay_l1,delay,1,vocals,6.975667195006619,6.089521706237528,-0.45556593927568034,-0.5652969496696372
spleeter,Louis_Cressy_Band_-_Good_Time,delay_l1,delay,1,drums,7.311673008439804,6.420584586753394,-0.04256862429180952,-0.051667834374115706
spleeter,Louis_Cressy_Band_-_Good_Time,delay_l1,delay,1,bass,5.012922009817595,3.419244646146341,-0.008174102154519858,-0.01333872025226679
spleeter,Louis_Cressy_Band_-_Good_Time,delay_l1,delay,1,other,7.592351377172861,6.791096125546437,-0.1355711945080591,-0.15950617924835253
spleeter,Louis_Cressy_Band_-_Good_Time,delay_l2,delay,2,vocals,6.503019038850978,5.457552734992362,-0.928214095431322,-1.1972659209148038
spleeter,Louis_Cressy_Band_-_Good_Time,delay_l2,delay,2,drums,7.283149379184934,6.385604671068144,-0.0710922535466798,-0.08664775005936587
spleeter,Louis_Cressy_Band_-_Good_Time,delay_l2,delay,2,bass,5.0420964426891635,3.4578543906777175,0.02100033071704832,0.025271024279109877
spleeter,Louis_Cressy_Band_-_Good_Time,delay_l2,delay,2,other,7.445250321604777,6.627121401827312,-0.2826722500761427,-0.32348090296747767
spleeter,Louis_Cressy_Band_-_Good_Time,delay_l3,delay,3,vocals,5.884566745105819,4.6095850404730205,-1.5466663891764805,-2.045233615434145
spleeter,Louis_Cressy_Band_-_Good_Time,delay_l3,delay,3,drums,7.242028739706297,6.334833859907225,-0.11221289302531723,-0.13741856122028473
spleeter,Louis_Cressy_Band_-_Good_Time,delay_l3,delay,3,bass,5.009363617308299,3.4040349029970574,-0.011732494663815984,-0.02854846340155026
spleeter,Louis_Cressy_Band_-_Good_Time,delay_l3,delay,3,other,7.190673466856313,6.341676420119615,-0.5372491048246069,-0.6089258846751742
spleeter,Louis_Cressy_Band_-_Good_Time,delay_l4,delay,4,vocals,5.530661754869985,4.118888549859994,-1.9005713794123151,-2.5359301060471715
spleeter,Louis_Cressy_Band_-_Good_Time,delay_l4,delay,4,drums,7.216390573085584,6.302580821302045,-0.13785105964602984,-0.16967159982546498
spleeter,Louis_Cressy_Band_-_Good_Time,delay_l4,delay,4,bass,4.962059307688576,3.332498518668748,-0.05903680428353919,-0.10008484772985948
spleeter,Louis_Cressy_Band_-_Good_Time,delay_l4,delay,4,other,7.031008533682889,6.161608426292007,-0.696914037998031,-0.7889938785027821
spleeter,Louis_Cressy_Band_-_Good_Time,original,original,0,vocals,7.4312331342823,6.654818655907166,0.0,0.0
spleeter,Louis_Cressy_Band_-_Good_Time,original,original,0,drums,7.354241632731614,6.47225242112751,0.0,0.0
spleeter,Louis_Cressy_Band_-_Good_Time,original,original,0,bass,5.021096111972115,3.4325833663986076,0.0,0.0
spleeter,Louis_Cressy_Band_-_Good_Time,original,original,0,other,7.72792257168092,6.950602304794789,0.0,0.0
spleeter,Louis_Cressy_Band_-_Good_Time,reverb_l1,reverb,1,vocals,6.396418556351234,5.334860436942696,-1.0348145779310656,-1.3199582189644694
spleeter,Louis_Cressy_Band_-_Good_Time,reverb_l1,reverb,1,drums,7.274666456798583,6.374084675981243,-0.07957517593303098,-0.09816774514626658
spleeter,Louis_Cressy_Band_-_Good_Time,reverb_l1,reverb,1,bass,4.595048544188659,2.8807142116312123,-0.4260475677834563,-0.5518691547673953
spleeter,Louis_Cressy_Band_-_Good_Time,reverb_l1,reverb,1,other,7.667650609340075,6.8823701536123,-0.06027196234084453,-0.06823215118248971
spleeter,Louis_Cressy_Band_-_Good_Time,reverb_l2,reverb,2,vocals,2.901658372368845,-0.16873325060878022,-4.529574761913455,-6.823551906515946
spleeter,Louis_Cressy_Band_-_Good_Time,reverb_l2,reverb,2,drums,7.204254715654679,6.287201616297776,-0.14998691707693457,-0.1850508048297339
spleeter,Louis_Cressy_Band_-_Good_Time,reverb_l2,reverb,2,bass,2.040731251263222,-0.1779720042205768,-2.9803648607088933,-3.6105553706191844
spleeter,Louis_Cressy_Band_-_Good_Time,reverb_l2,reverb,2,other,7.374550983143575,6.555607951322495,-0.3533715885373452,-0.3949943534722946
spleeter,Louis_Cressy_Band_-_Good_Time,reverb_l3,reverb,3,vocals,1.8966416118455554,-2.5613379694806686,-5.534591522436744,-9.216156625387834
spleeter,Louis_Cressy_Band_-_Good_Time,reverb_l3,reverb,3,drums,7.211828210253187,6.296899055322399,-0.1424134224784268,-0.17535336580511096
spleeter,Louis_Cressy_Band_-_Good_Time,reverb_l3,reverb,3,bass,1.0927206536112717,-1.245200338067327,-3.9283754583608435,-4.677783704465934
spleeter,Louis_Cressy_Band_-_Good_Time,reverb_l3,reverb,3,other,7.386509528197324,6.576333413091474,-0.3414130434835956,-0.37426889170331545
spleeter,Louis_Cressy_Band_-_Good_Time,reverb_l4,reverb,4,vocals,1.8021367853788122,-2.8384898195916515,-5.629096348903488,-9.493308475498818
spleeter,Louis_Cressy_Band_-_Good_Time,reverb_l4,reverb,4,drums,7.2215803183979945,6.309092616702606,-0.13266131433361927,-0.16315980442490385
spleeter,Louis_Cressy_Band_-_Good_Time,reverb_l4,reverb,4,bass,0.9829579029045754,-1.3722039827571058,-4.03813820906754,-4.804787349155713
spleeter,Louis_Cressy_Band_-_Good_Time,reverb_l4,reverb,4,other,7.394907686305712,6.586700806025495,-0.3330148853752082,-0.36390149876929456
demucs,Louis_Cressy_Band_-_Good_Time,bitcrush_l1,bitcrush,1,vocals,9.450710390994674,8.949871481968664,-0.40263113914391546,-0.48213524364073557
demucs,Louis_Cressy_Band_-_Good_Time,bitcrush_l1,bitcrush,1,drums,9.707892492506945,9.2168926540845,-0.04454023311309108,-0.04971760874244602
demucs,Louis_Cressy_Band_-_Good_Time,bitcrush_l1,bitcrush,1,bass,10.005133760858216,9.56605880723316,-0.10668272442378601,-0.1178627991558443
demucs,Louis_Cressy_Band_-_Good_Time,bitcrush_l1,bitcrush,1,other,9.698584886592224,9.206730995722683,-0.23852759035282922,-0.2715446352360509
demucs,Louis_Cressy_Band_-_Good_Time,bitcrush_l2,bitcrush,2,vocals,9.505292768819015,9.00963961867247,-0.34804876131957485,-0.4223671069369299
demucs,Louis_Cressy_Band_-_Good_Time,bitcrush_l2,bitcrush,2,drums,9.699514116735088,9.20735790956588,-0.052918608884947815,-0.05925235326106559
demucs,Louis_Cressy_Band_-_Good_Time,bitcrush_l2,bitcrush,2,bass,10.033111676491444,9.59903717783961,-0.07870480879055819,-0.08488442854939393
demucs,Louis_Cressy_Band_-_Good_Time,bitcrush_l2,bitcrush,2,other,9.700125851826018,9.208792168840361,-0.23698662511903557,-0.26948346211837304
demucs,Louis_Cressy_Band_-_Good_Time,bitcrush_l3,bitcrush,3,vocals,9.311016041533433,8.79051249388469,-0.5423254886051563,-0.6414942317247103
demucs,Louis_Cressy_Band_-_Good_Time,bitcrush_l3,bitcrush,3,drums,9.687312959249875,9.193948960813596,-0.06511976637016126,-0.07266130201334953
demucs,Louis_Cressy_Band_-_Good_Time,bitcrush_l3,bitcrush,3,bass,10.157179992911693,9.728066274685611,0.04536350762969121,0.04414466829660668
demucs,Louis_Cressy_Band_-_Good_Time,bitcrush_l3,bitcrush,3,other,9.66792680686149,9.171969487858844,-0.269185670083564,-0.30630614309989035
demucs,Louis_Cressy_Band_-_Good_Time,bitcrush_l4,bitcrush,4,vocals,9.293242393134774,8.76300715279173,-0.5600991370038155,-0.6689995728176701
demucs,Louis_Cressy_Band_-_Good_Time,bitcrush_l4,bitcrush,4,drums,9.642113288433324,9.143071597796277,-0.11031943718671222,-0.12353866503066868
demucs,Louis_Cressy_Band_-_Good_Time,bitcrush_l4,bitcrush,4,bass,10.091812927973265,9.66149283248104,-0.02000355730873693,-0.02242877390796494
demucs,Louis_Cressy_Band_-_Good_Time,bitcrush_l4,bitcrush,4,other,9.684328585410174,9.190647085012172,-0.2527838915348788,-0.2876285459465624
demucs,Louis_Cressy_Band_-_Good_Time,compression_l1,compression,1,vocals,9.63998990563934,9.194215178528092,-0.21335162449924994,-0.2377915470813079
demucs,Louis_Cressy_Band_-_Good_Time,compression_l1,compression,1,drums,9.726999292881597,9.238282003403368,-0.025433432738438455,-0.028328259423577862
demucs,Louis_Cressy_Band_-_Good_Time,compression_l1,compression,1,bass,10.102855876528414,9.671170410293225,-0.008960608753588062,-0.012751196095779349
demucs,Louis_Cressy_Band_-_Good_Time,compression_l1,compression,1,other,9.866400563811785,9.398910018566761,-0.07071191313326786,-0.07936561239197282
demucs,Louis_Cressy_Band_-_Good_Time,compression_l2,compression,2,vocals,9.093482346096236,8.588384334528708,-0.7598591840423534,-0.8436223910806913
demucs,Louis_Cressy_Band_-_Good_Time,compression_l2,compression,2,drums,9.679694338360743,9.185409373881162,-0.07273838725929238,-0.08120088894578359
demucs,Louis_Cressy_Band_-_Good_Time,compression_l2,compression,2,bass,10.048972473557772,9.609594520472713,-0.0628440117242306,-0.07432708591629122
demucs,Louis_Cressy_Band_-_Good_Time,compression_l2,compression,2,other,9.790965274298605,9.317261325163509,-0.1461472026464481,-0.16101430579522535
demucs,Louis_Cressy_Band_-_Good_Time,compression_l3,compression,3,vocals,9.04503807469242,8.514829105473726,-0.8083034554461701,-0.9171776201356732
demucs,Louis_Cressy_Band_-_Good_Time,compression_l3,compression,3,drums,9.632333203172271,9.132001102386184,-0.12009952244776478,-0.1346091604407622
demucs,Louis_Cressy_Band_-_Good_Time,compression_l3,compression,3,bass,10.028406798903184,9.590447511029677,-0.08340968637881829,-0.09347409535932805
demucs,Louis_Cressy_Band_-_Good_Time,compression_l3,compression,3,other,9.746524491627572,9.26694583242541,-0.19058798531748167,-0.211329798533324
demucs,Louis_Cressy_Band_-_Good_Time,compression_l4,compression,4,vocals,8.928216185018695,8.384669548059607,-0.9251253451198949,-1.0473371775497924
demucs,Louis_Cressy_Band_-_Good_Time,compression_l4,compression,4,drums,9.623789933491363,9.122422818421636,-0.12864279212867302,-0.1441874444053095
demucs,Louis_Cressy_Band_-_Good_Time,compression_l4,compression,4,bass,10.051070707331187,9.614138260755746,-0.060745777950815594,-0.06978334563325816
demucs,Louis_Cressy_Band_-_Good_Time,compression_l4,compression,4,other,9.720079719832595,9.237808707566494,-0.21703275711245773,-0.24046692339224052
demucs,Louis_Cressy_Band_-_Good_Time,delay_l1,delay,1,vocals,9.151021648024745,8.634321074101276,-0.7023198821138443,-0.7976856515081234
demucs,Louis_Cressy_Band_-_Good_Time,delay_l1,delay,1,drums,9.707740709509494,9.216688558062593,-0.044692016110541744,-0.04992170476435298
demucs,Louis_Cressy_Band_-_Good_Time,delay_l1,delay,1,bass,10.112236649701298,9.67912312033026,0.000420164419296043,-0.0047984860587444444
demucs,Louis_Cressy_Band_-_Good_Time,delay_l1,delay,1,other,9.806414139090293,9.331201380852221,-0.13069833785475993,-0.1470742501065132
demucs,Louis_Cressy_Band_-_Good_Time,delay_l2,delay,2,vocals,8.610387946284293,8.000714401858803,-1.2429535838542964,-1.431292323750597
demucs,Louis_Cressy_Band_-_Good_Time,delay_l2,delay,2,drums,9.668280225842071,9.172357590895698,-0.08415249977796435,-0.09425267193124753
demucs,Louis_Cressy_Band_-_Good_Time,delay_l2,delay,2,bass,10.194022989626397,9.766770783802812,0.08220650434439492,0.0828491774138076
demucs,Louis_Cressy_Band_-_Good_Time,delay_l2,delay,2,other,9.689982208699577,9.199938620879731,-0.2471302682454759,-0.278337010079003
demucs,Louis_Cressy_Band_-_Good_Time,delay_l3,delay,3,vocals,7.961091738944427,7.2296690002614605,-1.8922497911941623,-2.202337725347939
demucs,Louis_Cressy_Band_-_Good_Time,delay_l3,delay,3,drums,9.591114772834633,9.085697705386487,-0.16131795278540295,-0.1809125574404593
demucs,Louis_Cressy_Band_-_Good_Time,delay_l3,delay,3,bass,10.05133276788613,9.6142631151526,-0.060483717395872105,-0.06965849123640488
demucs,Louis_Cressy_Band_-_Good_Time,delay_l3,delay,3,other,9.448610363381118,8.927664485366064,-0.4885021135639356,-0.5506111455926703
demucs,Louis_Cressy_Band_-_Good_Time,delay_l4,delay,4,vocals,7.650570300726562,6.850690801539949,-2.2027712294120274,-2.5813159240694503
demucs,Louis_Cressy_Band_-_Good_Time,delay_l4,delay,4,drums,9.578156485555914,9.071198280881642,-0.17427624006412223,-0.19541198194530374
demucs,Louis_Cressy_Band_-_Good_Time,delay_l4,delay,4,bass,10.003709091551299,9.558873776090914,-0.10810739373070355,-0.1250478302980902
demucs,Louis_Cressy_Band_-_Good_Time,delay_l4,delay,4,other,9.408057019174743,8.882019750225913,-0.5290554577703102,-0.5962558807328211
demucs,Louis_Cressy_Band_-_Good_Time,original,original,0,vocals,9.85334153013859,9.4320067256094,0.0,0.0
demucs,Louis_Cressy_Band_-_Good_Time,original,original,0,drums,9.752432725620036,9.266610262826946,0.0,0.0
demucs,Louis_Cressy_Band_-_Good_Time,original,original,0,bass,10.111816485282002,9.683921606389005,0.0,0.0
demucs,Louis_Cressy_Band_-_Good_Time,original,original,0,other,9.937112476945053,9.478275630958734,0.0,0.0
demucs,Louis_Cressy_Band_-_Good_Time,reverb_l1,reverb,1,vocals,8.788952908601344,8.199007132200206,-1.0643886215372458,-1.2329995934091933
demucs,Louis_Cressy_Band_-_Good_Time,reverb_l1,reverb,1,drums,9.727943881578847,9.239309701978724,-0.024488844041188784,-0.027300560848221522
demucs,Louis_Cressy_Band_-_Good_Time,reverb_l1,reverb,1,bass,9.70473719502416,9.235075810183947,-0.4070792902578422,-0.4488457962050578
demucs,Louis_Cressy_Band_-_Good_Time,reverb_l1,reverb,1,other,9.749710575987704,9.265132119410952,-0.1874019009573491,-0.21314351154778244
demucs,Louis_Cressy_Band_-_Good_Time,reverb_l2,reverb,2,vocals,4.9316093054775445,3.259420654024537,-4.921732224661045,-6.172586071584862
demucs,Louis_Cressy_Band_-_Good_Time,reverb_l2,reverb,2,drums,9.445327930591157,8.923070831433906,-0.307104795028879,-0.3435394313930402
demucs,Louis_Cressy_Band_-_Good_Time,reverb_l2,reverb,2,bass,5.670212727055496,4.964130365299192,-4.441603758226506,-4.719791241089813
demucs,Louis_Cressy_Band_-_Good_Time,reverb_l2,reverb,2,other,9.379345015710815,8.84826993241878,-0.5577674612342385,-0.6300056985399536
demucs,Louis_Cressy_Band_-_Good_Time,reverb_l3,reverb,3,vocals,3.0007806676085376,-0.013957853209924022,-6.852560862530051,-9.445964578819323
demucs,Louis_Cressy_Band_-_Good_Time,reverb_l3,reverb,3,drums,9.415329811903106,8.890981810736973,-0.33710291371692946,-0.3756284520899733
demucs,Louis_Cressy_Band_-_Good_Time,reverb_l3,reverb,3,bass,3.527679667198002,2.641618672606865,-6.584136818084,-7.042302933782139
demucs,Louis_Cressy_Band_-_Good_Time,reverb_l3,reverb,3,other,9.22110900728208,8.677503154708052,-0.716003469662974,-0.8007724762506818
demucs,Louis_Cressy_Band_-_Good_Time,reverb_l4,reverb,4,vocals,2.7454264972559583,-0.5455755845867806,-7.107915032882631,-9.97758231019618
demucs,Louis_Cressy_Band_-_Good_Time,reverb_l4,reverb,4,drums,9.270455257048207,8.731392052233918,-0.481977468571829,-0.5352182105930279
demucs,Louis_Cressy_Band_-_Good_Time,reverb_l4,reverb,4,bass,3.397184198509554,2.4760840639245636,-6.714632286772448,-7.207837542464441
demucs,Louis_Cressy_Band_-_Good_Time,reverb_l4,reverb,4,other,9.066870631381557,8.506592063603836,-0.8702418455634966,-0.9716835673548978
spleeter,Lyndsey_Ollard_-_Catching_Up,bitcrush_l1,bitcrush,1,vocals,10.26784100551729,9.83981687430391,-1.7959146437227744,-1.945577666948246
spleeter,Lyndsey_Ollard_-_Catching_Up,bitcrush_l1,bitcrush,1,drums,5.926956315642561,4.730078259724081,-0.053696197559435,-0.06695169482663488
spleeter,Lyndsey_Ollard_-_Catching_Up,bitcrush_l1,bitcrush,1,bass,6.226056606471788,5.151468973646951,0.013109212708901197,0.011283447889832487
spleeter,Lyndsey_Ollard_-_Catching_Up,bitcrush_l1,bitcrush,1,other,4.739356794739517,3.192008028114784,-0.17089375894567915,-0.20364556616914387
spleeter,Lyndsey_Ollard_-_Catching_Up,bitcrush_l2,bitcrush,2,vocals,10.269519641428603,9.841661255514571,-1.7942360078114614,-1.9437332857375846
spleeter,Lyndsey_Ollard_-_Catching_Up,bitcrush_l2,bitcrush,2,drums,5.927528406353323,4.73112460897261,-0.053124106848672525,-0.06590534557810646
spleeter,Lyndsey_Ollard_-_Catching_Up,bitcrush_l2,bitcrush,2,bass,6.227430581586044,5.152802184491019,0.014483187823157273,0.01261665873390072
spleeter,Lyndsey_Ollard_-_Catching_Up,bitcrush_l2,bitcrush,2,other,4.740849463131553,3.1931785506096833,-0.1694010905536425,-0.2024750436742444
spleeter,Lyndsey_Ollard_-_Catching_Up,bitcrush_l3,bitcrush,3,vocals,10.257905212086397,9.828883239245178,-1.8058504371536674,-1.9565113020069784
spleeter,Lyndsey_Ollard_-_Catching_Up,bitcrush_l3,bitcrush,3,drums,5.9162067132141125,4.719071294084665,-0.06444579998788313,-0.07795866046605138
spleeter,Lyndsey_Ollard_-_Catching_Up,bitcrush_l3,bitcrush,3,bass,6.223064687677757,5.146466169396745,0.010117293914870373,0.0062806436396263265
spleeter,Lyndsey_Ollard_-_Catching_Up,bitcrush_l3,bitcrush,3,other,4.7377427187185575,3.1863836647676873,-0.17250783496663846,-0.20926992951624035
spleeter,Lyndsey_Ollard_-_Catching_Up,bitcrush_l4,bitcrush,4,vocals,10.000121144974353,9.544701732454113,-2.0636345042657123,-2.240692808798043
spleeter,Lyndsey_Ollard_-_Catching_Up,bitcrush_l4,bitcrush,4,drums,5.78294815511216,4.5697755110165446,-0.19770435808983589,-0.22725444353417146
spleeter,Lyndsey_Ollard_-_Catching_Up,bitcrush_l4,bitcrush,4,bass,6.150356661355892,5.05689251250435,-0.06259073240699475,-0.08329301325276894
spleeter,Lyndsey_Ollard_-_Catching_Up,bitcrush_l4,bitcrush,4,other,4.591750058893488,3.0025742807928335,-0.3185004947917083,-0.39307931349109415
spleeter,Lyndsey_Ollard_-_Catching_Up,compression_l1,compression,1,vocals,12.14037267920466,11.867214898478903,0.07661702996459496,0.08182035722674641
spleeter,Lyndsey_Ollard_-_Catching_Up,compression_l1,compression,1,drums,5.962996383016151,4.771890867852294,-0.017656130185844887,-0.02513908669842202
spleeter,Lyndsey_Ollard_-_Catching_Up,compression_l1,compression,1,bass,6.204350623408149,5.12769966514438,-0.008596770354738048,-0.012485860612738264
spleeter,Lyndsey_Ollard_-_Catching_Up,compression_l1,compression,1,other,4.985894743834552,3.4640589040444185,0.0756441901493563,0.06840530976049086
spleeter,Lyndsey_Ollard_-_Catching_Up,compression_l2,compression,2,vocals,11.845212330843985,11.551997145688901,-0.21854331839607966,-0.23339739556325512
spleeter,Lyndsey_Ollard_-_Catching_Up,compression_l2,compression,2,drums,5.89959835757906,4.685676165297647,-0.08105415562293583,-0.11135378925306938
spleeter,Lyndsey_Ollard_-_Catching_Up,compression_l2,compression,2,bass,6.1893922916585815,5.107398637429129,-0.023555102104305448,-0.032786888327989594
spleeter,Lyndsey_Ollard_-_Catching_Up,compression_l2,compression,2,other,4.931364899385183,3.3718142061479033,0.021114345699986714,-0.023839388136024375
spleeter,Lyndsey_Ollard_-_Catching_Up,compression_l3,compression,3,vocals,11.264871399696501,10.928911780573836,-0.7988842495435637,-0.8564827606783201
spleeter,Lyndsey_Ollard_-_Catching_Up,compression_l3,compression,3,drums,5.849720753169078,4.622861941500054,-0.13093176003291784,-0.17416801305066176
spleeter,Lyndsey_Ollard_-_Catching_Up,compression_l3,compression,3,bass,6.172402107958117,5.086820464085314,-0.040545285804769904,-0.05336506167180488
spleeter,Lyndsey_Ollard_-_Catching_Up,compression_l3,compression,3,other,4.68168702045004,3.058422949388648,-0.22856353323515588,-0.33723064489527976
spleeter,Lyndsey_Ollard_-_Catching_Up,compression_l4,compression,4,vocals,10.936824392215133,10.573666467273826,-1.126931257024932,-1.21172807397833
spleeter,Lyndsey_Ollard_-_Catching_Up,compression_l4,compression,4,drums,5.793738410451191,4.558135337938614,-0.186914102750805,-0.23889461661210198
spleeter,Lyndsey_Ollard_-_Catching_Up,compression_l4,compression,4,bass,6.127539850792809,5.034886358107304,-0.0854075429700778,-0.1052991676498145
spleeter,Lyndsey_Ollard_-_Catching_Up,compression_l4,compression,4,other,4.486939633479183,2.821771535294719,-0.4233109202060126,-0.5738820589892089
spleeter,Lyndsey_Ollard_-_Catching_Up,delay_l1,delay,1,vocals,10.93339734200998,10.56873691502511,-1.1303583072300842,-1.2166576262270468
spleeter,Lyndsey_Ollard_-_Catching_Up,delay_l1,delay,1,drums,5.944340730894041,4.748192004547198,-0.03631178230795484,-0.048837950003518316
spleeter,Lyndsey_Ollard_-_Catching_Up,delay_l1,delay,1,bass,6.196726857271316,5.120246798290104,-0.016220536491570847,-0.019938727467014417
spleeter,Lyndsey_Ollard_-_Catching_Up,delay_l1,delay,1,other,4.3948210304194575,2.75878878672772,-0.5154295232657384,-0.6368648075562078
spleeter,Lyndsey_Ollard_-_Catching_Up,delay_l2,delay,2,vocals,11.363934761479829,11.039247502130248,-0.6998208877602359,-0.746147039121908
spleeter,Lyndsey_Ollard_-_Catching_Up,delay_l2,delay,2,drums,5.916064772803439,4.704134806826738,-0.06458774039855708,-0.09289514772397833
spleeter,Lyndsey_Ollard_-_Catching_Up,delay_l2,delay,2,bass,6.145346869032261,5.0611402019024485,-0.06760052473062572,-0.07904532385467
spleeter,Lyndsey_Ollard_-_Catching_Up,delay_l2,delay,2,other,4.576445267517291,2.941704795856634,-0.3338052861679053,-0.45394879842729363
spleeter,Lyndsey_Ollard_-_Catching_Up,delay_l3,delay,3,vocals,10.035961722798987,9.586666374462704,-2.0277939264410776,-2.1987281667894525
spleeter,Lyndsey_Ollard_-_Catching_Up,delay_l3,delay,3,drums,5.774854731435938,4.526751555405884,-0.20579778176605767,-0.2702783991448321
spleeter,Lyndsey_Ollard_-_Catching_Up,delay_l3,delay,3,bass,5.986050189535147,4.885602936432516,-0.22689720422773973,-0.25458258932460254
spleeter,Lyndsey_Ollard_-_Catching_Up,delay_l3,delay,3,other,3.88199817553359,2.026638144188918,-1.0282523781516058,-1.3690154500950098
spleeter,Lyndsey_Ollard_-_Catching_Up,delay_l4,delay,4,vocals,9.216822394552397,8.669479719700139,-2.8469332546876682,-3.1159148215520176
spleeter,Lyndsey_Ollard_-_Catching_Up,delay_l4,delay,4,drums,5.677950994353865,4.393460048471088,-0.30270151884813057,-0.4035699060796283
spleeter,Lyndsey_Ollard_-_Catching_Up,delay_l4,delay,4,bass,5.930675366808077,4.823811659543597,-0.2822720269548098,-0.3163738662135218
spleeter,Lyndsey_Ollard_-_Catching_Up,delay_l4,delay,4,other,3.3629531228801444,1.3284826356768564,-1.5472974308050516,-2.067170958607071
spleeter,Lyndsey_Ollard_-_Catching_Up,original,original,0,vocals,12.063755649240065,11.785394541252156,0.0,0.0
spleeter,Lyndsey_Ollard_-_Catching_Up,original,original,0,drums,5.980652513201996,4.797029954550716,0.0,0.0
spleeter,Lyndsey_Ollard_-_Catching_Up,original,original,0,bass,6.212947393762887,5.1401855257571185,0.0,0.0
spleeter,Lyndsey_Ollard_-_Catching_Up,original,original,0,other,4.910250553685196,3.3956535942839277,0.0,0.0
spleeter,Lyndsey_Ollard_-_Catching_Up,reverb_l1,reverb,1,vocals,12.495794546013553,12.245997841876342,0.43203889677348783,0.46060330062418586
spleeter,Lyndsey_Ollard_-_Catching_Up,reverb_l1,reverb,1,drums,5.96322807288237,4.7697538391233625,-0.01742444031962531,-0.02727611542735353
spleeter,Lyndsey_Ollard_-_Catching_Up,reverb_l1,reverb,1,bass,6.177068106113496,5.09394799090316,-0.03587928764939097,-0.046237534853958095
spleeter,Lyndsey_Ollard_-_Catching_Up,reverb_l1,reverb,1,other,5.10110231361352,3.6138076919229984,0.19085175992832415,0.2181540976390708
spleeter,Lyndsey_Ollard_-_Catching_Up,reverb_l2,reverb,2,vocals,10.559047133034273,10.17180320617451,-1.5047085162057918,-1.613591335077647
spleeter,Lyndsey_Ollard_-_Catching_Up,reverb_l2,reverb,2,drums,5.88295475285575,4.661619208725146,-0.09769776034624567,-0.13541074582557044
spleeter,Lyndsey_Ollard_-_Catching_Up,reverb_l2,reverb,2,bass,6.099617308977365,5.008200640544247,-0.11333008478552209,-0.1319848852128711
spleeter,Lyndsey_Ollard_-_Catching_Up,reverb_l2,reverb,2,other,4.1569662889068555,2.4485768703880786,-0.7532842647783404,-0.9470767238958491
spleeter,Lyndsey_Ollard_-_Catching_Up,reverb_l3,reverb,3,vocals,8.735190322539134,8.119249966474115,-3.3285653267009305,-3.6661445747780412
spleeter,Lyndsey_Ollard_-_Catching_Up,reverb_l3,reverb,3,drums,5.852237264193621,4.626849092936012,-0.1284152490083743,-0.17018086161470425
spleeter,Lyndsey_Ollard_-_Catching_Up,reverb_l3,reverb,3,bass,6.071030590833706,4.978849472226388,-0.14191680292918107,-0.16133605353073044
spleeter,Lyndsey_Ollard_-_Catching_Up,reverb_l3,reverb,3,other,3.0863911608225263,1.220184007325784,-1.8238593928626696,-2.175469586958144
spleeter,Lyndsey_Ollard_-_Catching_Up,reverb_l4,reverb,4,vocals,8.427873491045982,7.759737729359727,-3.6358821581940823,-4.025656811892429
spleeter,Lyndsey_Ollard_-_Catching_Up,reverb_l4,reverb,4,drums,5.879559349178786,4.660946505778006,-0.10109316402320978,-0.13608344877270984
spleeter,Lyndsey_Ollard_-_Catching_Up,reverb_l4,reverb,4,bass,6.067912354495951,4.971049298716077,-0.1450350392669364,-0.16913622704104192
spleeter,Lyndsey_Ollard_-_Catching_Up,reverb_l4,reverb,4,other,2.8890858830389856,1.0099866501276713,-2.0211646706462103,-2.3856669441562564
demucs,Lyndsey_Ollard_-_Catching_Up,bitcrush_l1,bitcrush,1,vocals,10.467844791779834,10.062009082360907,-1.2362417533011083,-1.3449542867260167
demucs,Lyndsey_Ollard_-_Catching_Up,bitcrush_l1,bitcrush,1,drums,8.977920892446216,8.42789397810742,-0.034202145691075714,-0.03991980179947241
demucs,Lyndsey_Ollard_-_Catching_Up,bitcrush_l1,bitcrush,1,bass,12.025421069988147,11.76422232618207,-0.04293260141352384,-0.038472289529369874
demucs,Lyndsey_Ollard_-_Catching_Up,bitcrush_l1,bitcrush,1,other,5.187816979828423,4.130520768074345,-0.8225325140874542,-0.8909123237776715
demucs,Lyndsey_Ollard_-_Catching_Up,bitcrush_l2,bitcrush,2,vocals,10.388539602171756,9.974498513870136,-1.3155469429091866,-1.4324648552167876
demucs,Lyndsey_Ollard_-_Catching_Up,bitcrush_l2,bitcrush,2,drums,8.930591596935372,8.379277213548436,-0.08153144120191946,-0.08853656635845653
demucs,Lyndsey_Ollard_-_Catching_Up,bitcrush_l2,bitcrush,2,bass,12.038784933939894,11.773701656244558,-0.02956873746177635,-0.02899295946688163
demucs,Lyndsey_Ollard_-_Catching_Up,bitcrush_l2,bitcrush,2,other,5.1126994276201465,4.0471085019772834,-0.8976500662957303,-0.9743245898747332
demucs,Lyndsey_Ollard_-_Catching_Up,bitcrush_l3,bitcrush,3,vocals,10.422769785636492,10.012785630875669,-1.2813167594444508,-1.3941777382112548
demucs,Lyndsey_Ollard_-_Catching_Up,bitcrush_l3,bitcrush,3,drums,8.95576362215244,8.402105218363833,-0.056359415984850614,-0.06570856154305993
demucs,Lyndsey_Ollard_-_Catching_Up,bitcrush_l3,bitcrush,3,bass,12.06190059746236,11.798451452262684,-0.006453073939310272,-0.004243163448755638
demucs,Lyndsey_Ollard_-_Catching_Up,bitcrush_l3,bitcrush,3,other,5.1771837769507805,4.122312277962518,-0.8331657169650963,-0.8991208138894988
demucs,Lyndsey_Ollard_-_Catching_Up,bitcrush_l4,bitcrush,4,vocals,10.474065207617663,10.075444994712885,-1.2300213374632794,-1.3315183743740384
demucs,Lyndsey_Ollard_-_Catching_Up,bitcrush_l4,bitcrush,4,drums,8.849167187889048,8.277579999401459,-0.16295585024824355,-0.1902337805054337
demucs,Lyndsey_Ollard_-_Catching_Up,bitcrush_l4,bitcrush,4,bass,12.117497846991295,11.866702453923468,0.049144175589624695,0.06400783821202793
demucs,Lyndsey_Ollard_-_Catching_Up,bitcrush_l4,bitcrush,4,other,5.335850032670867,4.273302654673946,-0.6744994612450101,-0.7481304371780704
demucs,Lyndsey_Ollard_-_Catching_Up,compression_l1,compression,1,vocals,11.799850062000552,11.51133956665168,0.09576351691960916,0.10437619756475591
demucs,Lyndsey_Ollard_-_Catching_Up,compression_l1,compression,1,drums,8.98055221811726,8.429124634349407,-0.031570820020030865,-0.038689145557485816
demucs,Lyndsey_Ollard_-_Catching_Up,compression_l1,compression,1,bass,11.948952251749724,11.67745906961686,-0.11940141965194684,-0.12523554609457932
demucs,Lyndsey_Ollard_-_Catching_Up,compression_l1,compression,1,other,6.099303969510888,5.091892486905029,0.08895447559501157,0.07045939505301213
demucs,Lyndsey_Ollard_-_Catching_Up,compression_l2,compression,2,vocals,12.034035938439306,11.761498631733456,0.3299493933583637,0.35453526264653235
demucs,Lyndsey_Ollard_-_Catching_Up,compression_l2,compression,2,drums,8.957211691620264,8.40229206029497,-0.054911346517027226,-0.06552171961192244
demucs,Lyndsey_Ollard_-_Catching_Up,compression_l2,compression,2,bass,12.02162621491835,11.755391069484451,-0.046727456483321106,-0.0473035462269884
demucs,Lyndsey_Ollard_-_Catching_Up,compression_l2,compression,2,other,6.3288948127910425,5.32090794792617,0.3185453188751657,0.2994748560741529
demucs,Lyndsey_Ollard_-_Catching_Up,compression_l3,compression,3,vocals,12.282429297363313,12.026571546827602,0.5783427522823708,0.6196081777406786
demucs,Lyndsey_Ollard_-_Catching_Up,compression_l3,compression,3,drums,8.908125836858563,8.343641789659458,-0.10399720127872847,-0.12417199024743475
demucs,Lyndsey_Ollard_-_Catching_Up,compression_l3,compression,3,bass,11.95928768252764,11.690281420195973,-0.10906598887403085,-0.11241319551546702
demucs,Lyndsey_Ollard_-_Catching_Up,compression_l3,compression,3,other,6.545671716438857,5.544555512615071,0.5353222225229803,0.5231224207630545
demucs,Lyndsey_Ollard_-_Catching_Up,compression_l4,compression,4,vocals,12.206691255198482,11.94501736741504,0.5026047101175397,0.5380539983281167
demucs,Lyndsey_Ollard_-_Catching_Up,compression_l4,compression,4,drums,8.840037546240826,8.275808244387996,-0.17208549189646583,-0.19200553551889676
demucs,Lyndsey_Ollard_-_Catching_Up,compression_l4,compression,4,bass,12.005766943999294,11.737798583427644,-0.06258672740237614,-0.06489603228379615
demucs,Lyndsey_Ollard_-_Catching_Up,compression_l4,compression,4,other,6.45136588492253,5.433049883422948,0.44101639100665313,0.411616791570931
demucs,Lyndsey_Ollard_-_Catching_Up,delay_l1,delay,1,vocals,10.46816255061616,10.061401713461823,-1.2359239944647822,-1.3455616556251009
demucs,Lyndsey_Ollard_-_Catching_Up,delay_l1,delay,1,drums,8.973251919524865,8.423198770170249,-0.03887111861242687,-0.044615009736643785
demucs,Lyndsey_Ollard_-_Catching_Up,delay_l1,delay,1,bass,12.043197263365863,11.778582449432225,-0.025156408035806876,-0.024112166279214975
demucs,Lyndsey_Ollard_-_Catching_Up,delay_l1,delay,1,other,5.192949466379851,4.095023482578562,-0.817400027536026,-0.9264096092734544
demucs,Lyndsey_Ollard_-_Catching_Up,delay_l2,delay,2,vocals,10.330249743668658,9.913594233403485,-1.3738368014122848,-1.493369135683439
demucs,Lyndsey_Ollard_-_Catching_Up,delay_l2,delay,2,drums,8.848859938531893,8.27834964050909,-0.1632630996053983,-0.1894641393978027
demucs,Lyndsey_Ollard_-_Catching_Up,delay_l2,delay,2,bass,11.99665115280965,11.727275998535323,-0.07170251859202104,-0.07541861717611731
demucs,Lyndsey_Ollard_-_Catching_Up,delay_l2,delay,2,other,5.129057601683513,3.975609547685239,-0.8812918922323636,-1.0458235441667778
demucs,Lyndsey_Ollard_-_Catching_Up,delay_l3,delay,3,vocals,10.152057574609234,9.713589102766292,-1.5520289704717083,-1.6933742663206317
demucs,Lyndsey_Ollard_-_Catching_Up,delay_l3,delay,3,drums,8.80900711241029,8.232531947309639,-0.2031159257270012,-0.23528183259725388
demucs,Lyndsey_Ollard_-_Catching_Up,delay_l3,delay,3,bass,12.045986410170684,11.778383510819966,-0.022367261230986202,-0.024311104891474145
demucs,Lyndsey_Ollard_-_Catching_Up,delay_l3,delay,3,other,5.085046394975599,3.8791436873971277,-0.9253030989402777,-1.142289404454889
demucs,Lyndsey_Ollard_-_Catching_Up,delay_l4,delay,4,vocals,9.610000637169085,9.112216016714411,-2.0940859079118574,-2.2947473523725126
demucs,Lyndsey_Ollard_-_Catching_Up,delay_l4,delay,4,drums,8.750753292683717,8.16367209935255,-0.2613697454535746,-0.3041416805543431
demucs,Lyndsey_Ollard_-_Catching_Up,delay_l4,delay,4,bass,12.098882237903315,11.834556433548634,0.03052856650164415,0.03186181783719455
demucs,Lyndsey_Ollard_-_Catching_Up,delay_l4,delay,4,other,4.686810672824559,3.4301776043138794,-1.3235388210913177,-1.5912554875381373
demucs,Lyndsey_Ollard_-_Catching_Up,original,original,0,vocals,11.704086545080942,11.406963369086924,0.0,0.0
demucs,Lyndsey_Ollard_-_Catching_Up,original,original,0,drums,9.012123038137291,8.467813779906892,0.0,0.0
demucs,Lyndsey_Ollard_-_Catching_Up,original,original,0,bass,12.06835367140167,11.80269461571144,0.0,0.0
demucs,Lyndsey_Ollard_-_Catching_Up,original,original,0,other,6.010349493915877,5.021433091852017,0.0,0.0
demucs,Lyndsey_Ollard_-_Catching_Up,reverb_l1,reverb,1,vocals,10.173099613896317,9.738082492497071,-1.530986931184625,-1.6688808765898528
demucs,Lyndsey_Ollard_-_Catching_Up,reverb_l1,reverb,1,drums,9.036438060114028,8.490364722401537,0.024315021976736517,0.022550942494644843
demucs,Lyndsey_Ollard_-_Catching_Up,reverb_l1,reverb,1,bass,12.087713483068116,11.822886064594368,0.019359811666445736,0.020191448882927787
demucs,Lyndsey_Ollard_-_Catching_Up,reverb_l1,reverb,1,other,4.973442259548807,3.885501584651274,-1.03690723436707,-1.1359315072007425
demucs,Lyndsey_Ollard_-_Catching_Up,reverb_l2,reverb,2,vocals,9.183746891670904,8.63362794738738,-2.520339653410039,-2.773335421699544
demucs,Lyndsey_Ollard_-_Catching_Up,reverb_l2,reverb,2,drums,8.948382211192346,8.386297714615623,-0.06374082694494554,-0.08151606529126987
demucs,Lyndsey_Ollard_-_Catching_Up,reverb_l2,reverb,2,bass,12.149716829812515,11.888834104738192,0.08136315841084496,0.08613948902675261
demucs,Lyndsey_Ollard_-_Catching_Up,reverb_l2,reverb,2,other,4.2555555544754915,3.0561608248815455,-1.7547939394403853,-1.9652722669704712
demucs,Lyndsey_Ollard_-_Catching_Up,reverb_l3,reverb,3,vocals,9.66876648681658,9.183961696073208,-2.0353200582643627,-2.223001673013716
demucs,Lyndsey_Ollard_-_Catching_Up,reverb_l3,reverb,3,drums,8.957824859701335,8.397507066319072,-0.054298178435956856,-0.07030671358782037
demucs,Lyndsey_Ollard_-_Catching_Up,reverb_l3,reverb,3,bass,12.010361335633714,11.74184709440723,-0.05799233576795615,-0.06084752130420945
demucs,Lyndsey_Ollard_-_Catching_Up,reverb_l3,reverb,3,other,4.649436501731788,3.4685613910196267,-1.3609129921840886,-1.55287170083239
demucs,Lyndsey_Ollard_-_Catching_Up,reverb_l4,reverb,4,vocals,10.059302748175753,9.622136961976192,-1.6447837969051893,-1.7848264071107316
demucs,Lyndsey_Ollard_-_Catching_Up,reverb_l4,reverb,4,drums,9.034613242414585,8.487643149104914,0.022490204277293202,0.01982936919802114
demucs,Lyndsey_Ollard_-_Catching_Up,reverb_l4,reverb,4,bass,12.026667075194851,11.755642942183076,-0.04168659620681936,-0.04705167352836348
demucs,Lyndsey_Ollard_-_Catching_Up,reverb_l4,reverb,4,other,4.961120406718767,3.816514764349173,-1.0492290871971095,-1.2049183275028437
spleeter,M.E.R.C._Music_-_Knockout,bitcrush_l1,bitcrush,1,vocals,8.125124273007494,7.427840765382666,-0.5730489557401839,-0.6774174495050369
spleeter,M.E.R.C._Music_-_Knockout,bitcrush_l1,bitcrush,1,drums,5.917794773356385,4.633840339727001,-0.2062793796293949,-0.27555668157942215
spleeter,M.E.R.C._Music_-_Knockout,bitcrush_l1,bitcrush,1,bass,4.466343786831283,2.9515497085553255,-0.18075434852046612,-0.16601774650353285
spleeter,M.E.R.C._Music_-_Knockout,bitcrush_l1,bitcrush,1,other,5.293480141755744,3.8054685737735627,-0.14758734374912397,-0.19180433612134618
spleeter,M.E.R.C._Music_-_Knockout,bitcrush_l2,bitcrush,2,vocals,8.122512427525006,7.424758055084664,-0.5756608012226714,-0.6805001598030396
spleeter,M.E.R.C._Music_-_Knockout,bitcrush_l2,bitcrush,2,drums,5.915748695134577,4.631124195163803,-0.2083254578512026,-0.2782728261426204
spleeter,M.E.R.C._Music_-_Knockout,bitcrush_l2,bitcrush,2,bass,4.465515981570222,2.9520357407643125,-0.18158215378152676,-0.16553171429454583
spleeter,M.E.R.C._Music_-_Knockout,bitcrush_l2,bitcrush,2,other,5.291022875083231,3.802570342187434,-0.15004461042163708,-0.19470256770747474
spleeter,M.E.R.C._Music_-_Knockout,bitcrush_l3,bitcrush,3,vocals,8.102698229767825,7.400892211658924,-0.5954749989798529,-0.7043660032287793
spleeter,M.E.R.C._Music_-_Knockout,bitcrush_l3,bitcrush,3,drums,5.902383973490885,4.612988307381438,-0.2216901794948951,-0.29640871392498536
spleeter,M.E.R.C._Music_-_Knockout,bitcrush_l3,bitcrush,3,bass,4.44757096640644,2.929950485711192,-0.19952716894530909,-0.18761696934766636
spleeter,M.E.R.C._Music_-_Knockout,bitcrush_l3,bitcrush,3,other,5.280081667696034,3.786437614174405,-0.16098581780883414,-0.21083529572050397
spleeter,M.E.R.C._Music_-_Knockout,bitcrush_l4,bitcrush,4,vocals,7.858806634079517,7.107772212782456,-0.8393665946681601,-0.997486002105247
spleeter,M.E.R.C._Music_-_Knockout,bitcrush_l4,bitcrush,4,drums,5.716950202941035,4.361812805041226,-0.40712395004474455,-0.5475842162651974
spleeter,M.E.R.C._Music_-_Knockout,bitcrush_l4,bitcrush,4,bass,4.337678470791863,2.868653031259463,-0.30941966455988634,-0.2489144237993952
spleeter,M.E.R.C._Music_-_Knockout,bitcrush_l4,bitcrush,4,other,5.085099864333755,3.53861783887159,-0.35596762117111247,-0.45865507102331904
spleeter,M.E.R.C._Music_-_Knockout,compression_l1,compression,1,vocals,8.446702919746528,7.820054752705316,-0.2514703090011494,-0.28520346218238757
spleeter,M.E.R.C._Music_-_Knockout,compression_l1,compression,1,drums,6.009734009671609,4.757154918809643,-0.11434014331417064,-0.15224210249678016
spleeter,M.E.R.C._Music_-_Knockout,compression_l1,compression,1,bass,4.607869688572881,3.0740288595962157,-0.03922844677886772,-0.043538595462642604
spleeter,M.E.R.C._Music_-_Knockout,compression_l1,compression,1,other,5.345147169276575,3.8589323738876793,-0.09592031622829289,-0.13834053600722962
spleeter,M.E.R.C._Music_-_Knockout,compression_l2,compression,2,vocals,7.998138730480692,7.301053127499845,-0.7000344982669855,-0.8042050873878583
spleeter,M.E.R.C._Music_-_Knockout,compression_l2,compression,2,drums,5.757394573098036,4.416607678505737,-0.3666795798877436,-0.49278934280068665
spleeter,M.E.R.C._Music_-_Knockout,compression_l2,compression,2,bass,4.468130494306282,2.895900529580927,-0.17896764104546747,-0.22166692547793154
spleeter,M.E.R.C._Music_-_Knockout,compression_l2,compression,2,other,5.16482833791037,3.6027025809109468,-0.27623914759449786,-0.39457032898396216
spleeter,M.E.R.C._Music_-_Knockout,compression_l3,compression,3,vocals,7.997521241751013,7.2994935796061355,-0.7006519869966645,-0.8057646352815677
spleeter,M.E.R.C._Music_-_Knockout,compression_l3,compression,3,drums,5.726931623446805,4.375071128770906,-0.397142529538975,-0.5343258925355174
spleeter,M.E.R.C._Music_-_Knockout,compression_l3,compression,3,bass,4.463805174393826,2.8623505583183824,-0.1832929609579228,-0.255216896740476
spleeter,M.E.R.C._Music_-_Knockout,compression_l3,compression,3,other,5.159747937544914,3.600456111594105,-0.28131954795995373,-0.39681679830080396
spleeter,M.E.R.C._Music_-_Knockout,compression_l4,compression,4,vocals,8.242571257135712,7.595765942458152,-0.4556019716119657,-0.5094922724295516
spleeter,M.E.R.C._Music_-_Knockout,compression_l4,compression,4,drums,5.832657477495674,4.518959469125653,-0.2914166754901055,-0.3904375521807708
spleeter,M.E.R.C._Music_-_Knockout,compression_l4,compression,4,bass,4.391117102647034,2.709573869780902,-0.25598103270471473,-0.40799358527795615
spleeter,M.E.R.C._Music_-_Knockout,compression_l4,compression,4,other,5.202846019986661,3.6607642642287557,-0.23822146551820644,-0.33650864566615324
spleeter,M.E.R.C._Music_-_Knockout,delay_l1,delay,1,vocals,8.156951022025847,7.4643205979280145,-0.5412222067218302,-0.6409376169596888
spleeter,M.E.R.C._Music_-_Knockout,delay_l1,delay,1,drums,5.976563172984093,4.712454598592016,-0.1475109800016865,-0.19694242271440743
spleeter,M.E.R.C._Music_-_Knockout,delay_l1,delay,1,bass,4.504796885638491,3.031263690252024,-0.14230124971325786,-0.08630376480683433
spleeter,M.E.R.C._Music_-_Knockout,delay_l1,delay,1,other,5.074986510768566,3.484186446638894,-0.36608097473630163,-0.5130864632560148
spleeter,M.E.R.C._Music_-_Knockout,delay_l2,delay,2,vocals,7.294696809138351,6.428643135249631,-1.4034764196093263,-1.676615079638072
spleeter,M.E.R.C._Music_-_Knockout,delay_l2,delay,2,drums,5.772304698658456,4.439143284838462,-0.3517694543273242,-0.47025373646796176
spleeter,M.E.R.C._Music_-_Knockout,delay_l2,delay,2,bass,4.250829642053146,2.762595998932158,-0.3962684932986029,-0.35497145612670034
spleeter,M.E.R.C._Music_-_Knockout,delay_l2,delay,2,other,4.3660149564132205,2.458606410625843,-1.0750525290916473,-1.5386664992690657
spleeter,M.E.R.C._Music_-_Knockout,delay_l3,delay,3,vocals,6.9065942495024135,5.93819316422374,-1.7915789792452639,-2.167065050663963
spleeter,M.E.R.C._Music_-_Knockout,delay_l3,delay,3,drums,5.658763872236201,4.283643568899546,-0.4653102807495788,-0.6257534524068777
spleeter,M.E.R.C._Music_-_Knockout,delay_l3,delay,3,bass,4.2325673578032825,2.7719891144139766,-0.41453077754846657,-0.3455783406448818
spleeter,M.E.R.C._Music_-_Knockout,delay_l3,delay,3,other,4.102220904320271,2.0642960641902657,-1.3388465811845967,-1.9329768457046432
spleeter,M.E.R.C._Music_-_Knockout,delay_l4,delay,4,vocals,6.461972005045746,5.353723738772821,-2.236201223701931,-2.751534476114882
spleeter,M.E.R.C._Music_-_Knockout,delay_l4,delay,4,drums,5.674513311007827,4.3040113004332605,-0.4495608419779531,-0.605385720873163
spleeter,M.E.R.C._Music_-_Knockout,delay_l4,delay,4,bass,4.254054119579115,2.7735420037281813,-0.3930440157726345,-0.3440254513306771
spleeter,M.E.R.C._Music_-_Knockout,delay_l4,delay,4,other,3.7457118727079335,1.5795950159498615,-1.6953556127969343,-2.417677893945047
spleeter,M.E.R.C._Music_-_Knockout,original,original,0,vocals,8.698173228747677,8.105258214887703,0.0,0.0
spleeter,M.E.R.C._Music_-_Knockout,original,original,0,drums,6.12407415298578,4.9093970213064235,0.0,0.0
spleeter,M.E.R.C._Music_-_Knockout,original,original,0,bass,4.647098135351749,3.1175674550588584,0.0,0.0
spleeter,M.E.R.C._Music_-_Knockout,original,original,0,other,5.441067485504868,3.997272909894909,0.0,0.0
spleeter,M.E.R.C._Music_-_Knockout,reverb_l1,reverb,1,vocals,7.9915716969173465,7.267842307340841,-0.7066015318303309,-0.8374159075468626
spleeter,M.E.R.C._Music_-_Knockout,reverb_l1,reverb,1,drums,5.992333285519703,4.733488271576457,-0.1317408674660765,-0.17590874972996673
spleeter,M.E.R.C._Music_-_Knockout,reverb_l1,reverb,1,bass,4.21596555168036,2.661815356499246,-0.4311325836713893,-0.4557520985596124
spleeter,M.E.R.C._Music_-_Knockout,reverb_l1,reverb,1,other,5.174578116215047,3.622603284420185,-0.2664893692898209,-0.37466962547472393
spleeter,M.E.R.C._Music_-_Knockout,reverb_l2,reverb,2,vocals,4.697679024933551,2.91346058256503,-4.000494203814126,-5.1917976323226736
spleeter,M.E.R.C._Music_-_Knockout,reverb_l2,reverb,2,drums,5.4071005241005174,3.953382919512121,-0.7169736288852624,-0.9560141017943025
spleeter,M.E.R.C._Music_-_Knockout,reverb_l2,reverb,2,bass,1.201928720754529,-0.5743266171025354,-3.44516941459722,-3.6918940721613938
spleeter,M.E.R.C._Music_-_Knockout,reverb_l2,reverb,2,other,4.160532186348147,2.2160106594573263,-1.2805352991567212,-1.7812622504375826
spleeter,M.E.R.C._Music_-_Knockout,reverb_l3,reverb,3,vocals,3.5504521308411086,1.032557260252533,-5.147721097906569,-7.07270095463517
spleeter,M.E.R.C._Music_-_Knockout,reverb_l3,reverb,3,drums,4.70320449630859,3.1184137581992637,-1.4208696566771897,-1.7909832631071598
spleeter,M.E.R.C._Music_-_Knockout,reverb_l3,reverb,3,bass,0.2686817295176639,-1.744717935190384,-4.378416405834085,-4.862285390249243
spleeter,M.E.R.C._Music_-_Knockout,reverb_l3,reverb,3,other,3.982504423663506,2.027502398540892,-1.4585630618413616,-1.969770511354017
spleeter,M.E.R.C._Music_-_Knockout,reverb_l4,reverb,4,vocals,3.5612659789640997,1.0488546320105863,-5.136907249783578,-7.056403582877117
spleeter,M.E.R.C._Music_-_Knockout,reverb_l4,reverb,4,drums,4.263682294881986,2.637854496983894,-1.8603918581037941,-2.2715425243225296
spleeter,M.E.R.C._Music_-_Knockout,reverb_l4,reverb,4,bass,0.7752641079676761,-1.313416827302265,-3.871834027384073,-4.430984282361123
spleeter,M.E.R.C._Music_-_Knockout,reverb_l4,reverb,4,other,4.054869840861301,2.147462104786319,-1.386197644643567,-1.8498108051085898
demucs,M.E.R.C._Music_-_Knockout,bitcrush_l1,bitcrush,1,vocals,10.181372024923567,9.745102290138385,-0.4119316503737931,-0.45196688203122015
demucs,M.E.R.C._Music_-_Knockout,bitcrush_l1,bitcrush,1,drums,10.970235274606122,10.611152694110844,-0.27129487579297873,-0.2938236660096383
demucs,M.E.R.C._Music_-_Knockout,bitcrush_l1,bitcrush,1,bass,12.387287505499442,12.308428274636931,-0.18271350683361298,-0.18156317543903455
demucs,M.E.R.C._Music_-_Knockout,bitcrush_l1,bitcrush,1,other,6.705994355629058,5.667486982228259,-0.26703917303058944,-0.3324313479058274
demucs,M.E.R.C._Music_-_Knockout,bitcrush_l2,bitcrush,2,vocals,10.192774023698611,9.757394121962417,-0.40052965159874887,-0.4396750502071889
demucs,M.E.R.C._Music_-_Knockout,bitcrush_l2,bitcrush,2,drums,10.991935768835253,10.633819509507006,-0.24959438156384728,-0.27115685061347605
demucs,M.E.R.C._Music_-_Knockout,bitcrush_l2,bitcrush,2,bass,12.308900084185574,12.234919051859785,-0.2611009281474814,-0.2550723982161802
demucs,M.E.R.C._Music_-_Knockout,bitcrush_l2,bitcrush,2,other,6.722918461041259,5.6871269415050305,-0.2501150676183883,-0.31279138862905587
demucs,M.E.R.C._Music_-_Knockout,bitcrush_l3,bitcrush,3,vocals,10.145521618765773,9.705376132396271,-0.44778205653158665,-0.49169303977333456
demucs,M.E.R.C._Music_-_Knockout,bitcrush_l3,bitcrush,3,drums,10.86677784597111,10.499027980702778,-0.37475230442798946,-0.4059483794177048
demucs,M.E.R.C._Music_-_Knockout,bitcrush_l3,bitcrush,3,bass,12.56524813482357,12.484305524344443,-0.004752877509485387,-0.005685925731523156
demucs,M.E.R.C._Music_-_Knockout,bitcrush_l3,bitcrush,3,other,6.691967852786326,5.652518775552072,-0.28106567587332165,-0.3473995545820143
demucs,M.E.R.C._Music_-_Knockout,bitcrush_l4,bitcrush,4,vocals,9.812971542696031,9.33922425625467,-0.7803321326013286,-0.8578449159149351
demucs,M.E.R.C._Music_-_Knockout,bitcrush_l4,bitcrush,4,drums,10.743811030574609,10.364011448246204,-0.4977191198244917,-0.5409649118742781
demucs,M.E.R.C._Music_-_Knockout,bitcrush_l4,bitcrush,4,bass,12.22170556958233,12.136733438840658,-0.3482954427507252,-0.3532580112353081
demucs,M.E.R.C._Music_-_Knockout,bitcrush_l4,bitcrush,4,other,6.455568283284928,5.358398360594165,-0.5174652453747193,-0.641519969539921
demucs,M.E.R.C._Music_-_Knockout,compression_l1,compression,1,vocals,10.341230733888665,9.919970556795413,-0.2520729414086951,-0.277098615374193
demucs,M.E.R.C._Music_-_Knockout,compression_l1,compression,1,drums,10.996991802212634,10.6406276709473,-0.2445383481864667,-0.26434868917318255
demucs,M.E.R.C._Music_-_Knockout,compression_l1,compression,1,bass,12.566705237963223,12.477087891730044,-0.003295774369831861,-0.01290355834592205
demucs,M.E.R.C._Music_-_Knockout,compression_l1,compression,1,other,6.812806170162019,5.7995928204461356,-0.1602273584976288,-0.20032550968795082
demucs,M.E.R.C._Music_-_Knockout,compression_l2,compression,2,vocals,10.01309748857218,9.557035473331453,-0.5802061867251798,-0.6400336988381525
demucs,M.E.R.C._Music_-_Knockout,compression_l2,compression,2,drums,10.724850708200282,10.344201344446054,-0.5166794421988179,-0.5607750156744284
demucs,M.E.R.C._Music_-_Knockout,compression_l2,compression,2,bass,12.543894640529675,12.449388040658052,-0.026106371803379602,-0.04060340941791374
demucs,M.E.R.C._Music_-_Knockout,compression_l2,compression,2,other,6.642624577949574,5.5850992537180595,-0.3304089507100736,-0.4148190764160269
demucs,M.E.R.C._Music_-_Knockout,compression_l3,compression,3,vocals,10.059543056237771,9.60858835112531,-0.5337606190595885,-0.5884808210442962
demucs,M.E.R.C._Music_-_Knockout,compression_l3,compression,3,drums,10.636847561235363,10.24737899215917,-0.6046825891637368,-0.6575973679613121
demucs,M.E.R.C._Music_-_Knockout,compression_l3,compression,3,bass,12.519826896076252,12.42819160629444,-0.05017411625680346,-0.061799843781525254
demucs,M.E.R.C._Music_-_Knockout,compression_l3,compression,3,other,6.6214997236908175,5.559204971643874,-0.35153380496883013,-0.4407133584902123
demucs,M.E.R.C._Music_-_Knockout,compression_l4,compression,4,vocals,10.354537785218731,9.953013459645012,-0.23876589007862847,-0.24405571252459346
demucs,M.E.R.C._Music_-_Knockout,compression_l4,compression,4,drums,11.004354830377334,10.64773361958302,-0.2371753200217661,-0.2572427405374622
demucs,M.E.R.C._Music_-_Knockout,compression_l4,compression,4,bass,12.51236969905422,12.41610289761869,-0.05763131327883464,-0.07388855245727655
demucs,M.E.R.C._Music_-_Knockout,compression_l4,compression,4,other,6.856677545831604,5.854340268434859,-0.11635598282804338,-0.1455780616992275
demucs,M.E.R.C._Music_-_Knockout,delay_l1,delay,1,vocals,9.543254358686873,9.036004039504116,-1.0500493166104867,-1.16106513266549
demucs,M.E.R.C._Music_-_Knockout,delay_l1,delay,1,drums,10.903004286842346,10.537672431600853,-0.33852586355675385,-0.3673039285196289
demucs,M.E.R.C._Music_-_Knockout,delay_l1,delay,1,bass,12.975157696613147,12.8853986135403,0.405156684280092,0.39540716346433413
demucs,M.E.R.C._Music_-_Knockout,delay_l1,delay,1,other,6.339947778805774,5.216398336760085,-0.6330857498538736,-0.7835199933740018
demucs,M.E.R.C._Music_-_Knockout,delay_l2,delay,2,vocals,8.781815236515925,8.17534054607062,-1.811488438781435,-2.0217286260989855
demucs,M.E.R.C._Music_-_Knockout,delay_l2,delay,2,drums,10.435090336259485,10.026656675098595,-0.8064398141396154,-0.8783196850218875
demucs,M.E.R.C._Music_-_Knockout,delay_l2,delay,2,bass,12.516927724569316,12.397696916062424,-0.05307328776373943,-0.09229453401354171
demucs,M.E.R.C._Music_-_Knockout,delay_l2,delay,2,other,5.6569368362153,4.362286140178104,-1.316096692444348,-1.6376321899559825
demucs,M.E.R.C._Music_-_Knockout,delay_l3,delay,3,vocals,7.866244512861257,7.116757491242465,-2.7270591624361034,-3.0803116809271405
demucs,M.E.R.C._Music_-_Knockout,delay_l3,delay,3,drums,10.135543241695613,9.694420935465356,-1.1059869087034873,-1.2105554246551264
demucs,M.E.R.C._Music_-_Knockout,delay_l3,delay,3,bass,12.701457392857096,12.60758208178988,0.13145638052404074,0.11759063171391482
demucs,M.E.R.C._Music_-_Knockout,delay_l3,delay,3,other,4.95208908906405,3.5164140285579943,-2.0209444395955973,-2.483504301576092
demucs,M.E.R.C._Music_-_Knockout,delay_l4,delay,4,vocals,7.276907982952768,6.422179102976044,-3.3163956923445923,-3.774890069193561
demucs,M.E.R.C._Music_-_Knockout,delay_l4,delay,4,drums,9.866894827821422,9.397262876040518,-1.374635322577678,-1.5077134840799644
demucs,M.E.R.C._Music_-_Knockout,delay_l4,delay,4,bass,12.298628284145162,12.176212570408724,-0.2713727281878935,-0.3137788796672414
demucs,M.E.R.C._Music_-_Knockout,delay_l4,delay,4,other,4.384337467196138,2.867416556607047,-2.5886960614635095,-3.1325017735270393
demucs,M.E.R.C._Music_-_Knockout,original,original,0,vocals,10.59330367529736,10.197069172169606,0.0,0.0
demucs,M.E.R.C._Music_-_Knockout,original,original,0,drums,11.2415301503991,10.904976360120482,0.0,0.0
demucs,M.E.R.C._Music_-_Knockout,original,original,0,bass,12.570001012333055,12.489991450075966,0.0,0.0
demucs,M.E.R.C._Music_-_Knockout,original,original,0,other,6.973033528659648,5.999918330134086,0.0,0.0
demucs,M.E.R.C._Music_-_Knockout,reverb_l1,reverb,1,vocals,9.340646439460773,8.810519688664085,-1.2526572358365868,-1.3865494835055205
demucs,M.E.R.C._Music_-_Knockout,reverb_l1,reverb,1,drums,10.726811280681325,10.346363986770228,-0.5147188697177754,-0.5586123733502539
demucs,M.E.R.C._Music_-_Knockout,reverb_l1,reverb,1,bass,11.731383033466505,11.63726131109499,-0.8386179788665498,-0.8527301389809754
demucs,M.E.R.C._Music_-_Knockout,reverb_l1,reverb,1,other,6.214117345839895,5.0768705537649375,-0.7589161828197524,-0.9230477763691489
demucs,M.E.R.C._Music_-_Knockout,reverb_l2,reverb,2,vocals,5.0059502374089435,3.402978169657962,-5.587353437888416,-6.794091002511644
demucs,M.E.R.C._Music_-_Knockout,reverb_l2,reverb,2,drums,10.163314123188876,9.727688447511083,-1.0782160272102246,-1.1772879126093994
demucs,M.E.R.C._Music_-_Knockout,reverb_l2,reverb,2,bass,7.524748453977428,7.395572473365583,-5.045252558355627,-5.094418976710383
demucs,M.E.R.C._Music_-_Knockout,reverb_l2,reverb,2,other,2.9591243573461403,1.3939052319794523,-4.013909171313507,-4.606013098154634
demucs,M.E.R.C._Music_-_Knockout,reverb_l3,reverb,3,vocals,3.575229246609939,1.1174401229557276,-7.018074428687421,-9.079629049213878
demucs,M.E.R.C._Music_-_Knockout,reverb_l3,reverb,3,drums,10.034873876825683,9.586220176032407,-1.206656273573417,-1.318756184088075
demucs,M.E.R.C._Music_-_Knockout,reverb_l3,reverb,3,bass,7.198487789776564,7.066895930465965,-5.371513222556491,-5.42309551961
demucs,M.E.R.C._Music_-_Knockout,reverb_l3,reverb,3,other,1.387664597777846,-0.19661057322946054,-5.585368930881802,-6.196528903363547
demucs,M.E.R.C._Music_-_Knockout,reverb_l4,reverb,4,vocals,3.3665217852168148,0.7284600541372026,-7.226781890080545,-9.468609118032402
demucs,M.E.R.C._Music_-_Knockout,reverb_l4,reverb,4,drums,9.998458451098024,9.545116433793947,-1.2430716993010762,-1.3598599263265356
demucs,M.E.R.C._Music_-_Knockout,reverb_l4,reverb,4,bass,7.074283995134106,6.922310014880302,-5.495717017198949,-5.567681435195664
demucs,M.E.R.C._Music_-_Knockout,reverb_l4,reverb,4,other,1.1559882693216101,-0.39556372882714486,-5.8170452593380375,-6.395482058961231
spleeter,Moosmusic_-_Big_Dummy_Shake,bitcrush_l1,bitcrush,1,vocals,8.455555962714541,7.8344616620483665,-0.8520483815301425,-0.9937080929115831
spleeter,Moosmusic_-_Big_Dummy_Shake,bitcrush_l1,bitcrush,1,drums,7.92561322467377,7.1713851382814955,-0.03047151988201957,-0.03657201263952459
spleeter,Moosmusic_-_Big_Dummy_Shake,bitcrush_l1,bitcrush,1,bass,4.079237166913623,2.001584057397185,-0.008707108316551526,-0.007753189579381203
spleeter,Moosmusic_-_Big_Dummy_Shake,bitcrush_l1,bitcrush,1,other,5.004361561949143,3.4208262724838456,-0.07961907200427376,-0.10197714037387984
spleeter,Moosmusic_-_Big_Dummy_Shake,bitcrush_l2,bitcrush,2,vocals,8.454616393524482,7.833376962341414,-0.8529879507202018,-0.9947927926185356
spleeter,Moosmusic_-_Big_Dummy_Shake,bitcrush_l2,bitcrush,2,drums,7.925329593687768,7.171030777576325,-0.030755150868021275,-0.03692637334469495
spleeter,Moosmusic_-_Big_Dummy_Shake,bitcrush_l2,bitcrush,2,bass,4.079450980394863,2.0018679568884186,-0.008493294835312248,-0.007469290088147673
spleeter,Moosmusic_-_Big_Dummy_Shake,bitcrush_l2,bitcrush,2,other,5.0047522876761805,3.421476554707485,-0.07922834627723585,-0.10132685815024045
spleeter,Moosmusic_-_Big_Dummy_Shake,bitcrush_l3,bitcrush,3,vocals,8.447271156638068,7.823586837200171,-0.8603331876066154,-1.0045829177597785
spleeter,Moosmusic_-_Big_Dummy_Shake,bitcrush_l3,bitcrush,3,drums,7.921838483091431,7.1669268073442485,-0.03424626146435816,-0.0410303435767716
spleeter,Moosmusic_-_Big_Dummy_Shake,bitcrush_l3,bitcrush,3,bass,4.076546849170745,1.9986405742327429,-0.01139742605943006,-0.010696672743823354
spleeter,Moosmusic_-_Big_Dummy_Shake,bitcrush_l3,bitcrush,3,other,5.003536643230193,3.41958033029867,-0.08044399072322328,-0.10322308255905543
spleeter,Moosmusic_-_Big_Dummy_Shake,bitcrush_l4,bitcrush,4,vocals,8.277302019579398,7.617575586281675,-1.0303023246652856,-1.2105941686782744
spleeter,Moosmusic_-_Big_Dummy_Shake,bitcrush_l4,bitcrush,4,drums,7.897472394764372,7.136738905770778,-0.05861234979141727,-0.07121824515024233
spleeter,Moosmusic_-_Big_Dummy_Shake,bitcrush_l4,bitcrush,4,bass,4.055261103682874,1.977812538192596,-0.03268317154730127,-0.03152470878397029
spleeter,Moosmusic_-_Big_Dummy_Shake,bitcrush_l4,bitcrush,4,other,4.94993546943313,3.3519062894564082,-0.1340451645202867,-0.17089712340131724
spleeter,Moosmusic_-_Big_Dummy_Shake,compression_l1,compression,1,vocals,8.905593445472274,8.370974461653818,-0.40201089877241003,-0.45719529330613184
spleeter,Moosmusic_-_Big_Dummy_Shake,compression_l1,compression,1,drums,7.9191229476372085,7.164347543216305,-0.0369617969185807,-0.043609607704715
spleeter,Moosmusic_-_Big_Dummy_Shake,compression_l1,compression,1,bass,4.084876093255126,2.0057207481002677,-0.0030681819750491,-0.0036164988762985573
spleeter,Moosmusic_-_Big_Dummy_Shake,compression_l1,compression,1,other,5.010191115038386,3.4136292952973797,-0.0737895189150306,-0.10917411756034578
spleeter,Moosmusic_-_Big_Dummy_Shake,compression_l2,compression,2,vocals,8.040356226026486,7.358808320904201,-1.2672481182181983,-1.4693614340557488
spleeter,Moosmusic_-_Big_Dummy_Shake,compression_l2,compression,2,drums,7.805865382810517,7.030252511516465,-0.15021936174527184,-0.1777046394045554
spleeter,Moosmusic_-_Big_Dummy_Shake,compression_l2,compression,2,bass,4.048484409040166,1.9556203525870162,-0.03945986619000852,-0.053716894389550074
spleeter,Moosmusic_-_Big_Dummy_Shake,compression_l2,compression,2,other,4.8811517229647245,3.2269470640877698,-0.20282891098869182,-0.2958563487699557
spleeter,Moosmusic_-_Big_Dummy_Shake,compression_l3,compression,3,vocals,7.605028132114428,6.823838407757297,-1.7025762121302561,-2.004331347202653
spleeter,Moosmusic_-_Big_Dummy_Shake,compression_l3,compression,3,drums,7.71730258034049,6.9243370701655484,-0.23878216421529874,-0.2836200807554716
spleeter,Moosmusic_-_Big_Dummy_Shake,compression_l3,compression,3,bass,3.997029905224851,1.8886196108074822,-0.09091437000532387,-0.12071763616908404
spleeter,Moosmusic_-_Big_Dummy_Shake,compression_l3,compression,3,other,4.803158031240527,3.1201079879617155,-0.28082260271288906,-0.40269542489600996
spleeter,Moosmusic_-_Big_Dummy_Shake,compression_l4,compression,4,vocals,7.625742456865044,6.8315042244628374,-1.6818618873796396,-1.9966655304971122
spleeter,Moosmusic_-_Big_Dummy_Shake,compression_l4,compression,4,drums,7.603568371723323,6.783416871266547,-0.35251637283246584,-0.4245402796544733
spleeter,Moosmusic_-_Big_Dummy_Shake,compression_l4,compression,4,bass,3.8030307352729924,1.642924296374718,-0.2849135399571825,-0.3664129506018483
spleeter,Moosmusic_-_Big_Dummy_Shake,compression_l4,compression,4,other,4.704137046936452,3.003754277164426,-0.3798435870169641,-0.5190491356932996
spleeter,Moosmusic_-_Big_Dummy_Shake,delay_l1,delay,1,vocals,8.896281939996395,8.35507687210675,-0.41132240424828836,-0.4730928828531997
spleeter,Moosmusic_-_Big_Dummy_Shake,delay_l1,delay,1,drums,7.93610844687489,7.183605956169767,-0.019976297680899258,-0.02435119475125269
spleeter,Moosmusic_-_Big_Dummy_Shake,delay_l1,delay,1,bass,4.095523259301667,2.0305123147862187,0.007578984071492378,0.021175067809652504
spleeter,Moosmusic_-_Big_Dummy_Shake,delay_l1,delay,1,other,4.944331516491658,3.32390460565757,-0.139649117461758,-0.1988988072001554
spleeter,Moosmusic_-_Big_Dummy_Shake,delay_l2,delay,2,vocals,7.9171112783850885,7.1749195962843295,-1.3904930658595953,-1.65325015867562
spleeter,Moosmusic_-_Big_Dummy_Shake,delay_l2,delay,2,drums,7.881210594402718,7.119364300286249,-0.07487415015307075,-0.08859285063477085
spleeter,Moosmusic_-_Big_Dummy_Shake,delay_l2,delay,2,bass,4.036255244118254,1.9599949685659632,-0.05168903111192069,-0.04934227841060301
spleeter,Moosmusic_-_Big_Dummy_Shake,delay_l2,delay,2,other,4.556130702328881,2.7922827977106963,-0.5278499316245355,-0.7305206151470292
spleeter,Moosmusic_-_Big_Dummy_Shake,delay_l3,delay,3,vocals,7.13874115632671,6.216532233418805,-2.1688631879179736,-2.6116375215411445
spleeter,Moosmusic_-_Big_Dummy_Shake,delay_l3,delay,3,drums,7.844232060428723,7.073054283788467,-0.11185268412706595,-0.13490286713255273
spleeter,Moosmusic_-_Big_Dummy_Shake,delay_l3,delay,3,bass,4.035843132914697,1.9539093212581577,-0.05210114231547802,-0.05542792571840849
spleeter,Moosmusic_-_Big_Dummy_Shake,delay_l3,delay,3,other,4.236922206230728,2.3816847997727226,-0.847058427722688,-1.1411186130850028
spleeter,Moosmusic_-_Big_Dummy_Shake,delay_l4,delay,4,vocals,6.500198320523283,5.40573394855738,-2.807406023721401,-3.4224358064025697
spleeter,Moosmusic_-_Big_Dummy_Shake,delay_l4,delay,4,drums,7.785705611859777,7.00298841319111,-0.17037913269601201,-0.2049687377299101
spleeter,Moosmusic_-_Big_Dummy_Shake,delay_l4,delay,4,bass,3.966370293855794,1.8772452080997328,-0.12157398137438102,-0.1320920388768334
spleeter,Moosmusic_-_Big_Dummy_Shake,delay_l4,delay,4,other,3.978067376069154,2.0304259220508385,-1.1059132578842625,-1.492377490806887
spleeter,Moosmusic_-_Big_Dummy_Shake,original,original,0,vocals,9.307604344244684,8.82816975495995,0.0,0.0
spleeter,Moosmusic_-_Big_Dummy_Shake,original,original,0,drums,7.956084744555789,7.20795715092102,0.0,0.0
spleeter,Moosmusic_-_Big_Dummy_Shake,original,original,0,bass,4.087944275230175,2.0093372469765662,0.0,0.0
spleeter,Moosmusic_-_Big_Dummy_Shake,original,original,0,other,5.083980633953416,3.5228034128577255,0.0,0.0
spleeter,Moosmusic_-_Big_Dummy_Shake,reverb_l1,reverb,1,vocals,8.89035937678588,8.349187296753817,-0.417244967458803,-0.47898245820613283
spleeter,Moosmusic_-_Big_Dummy_Shake,reverb_l1,reverb,1,drums,7.922546177110599,7.1686534648668,-0.03353856744519046,-0.039303686054219966
spleeter,Moosmusic_-_Big_Dummy_Shake,reverb_l1,reverb,1,bass,4.091278828686562,2.027969581002916,0.0033345534563871126,0.018632334026349895
spleeter,Moosmusic_-_Big_Dummy_Shake,reverb_l1,reverb,1,other,4.994532079820761,3.394731966040729,-0.08944855413265529,-0.12807144681699656
spleeter,Moosmusic_-_Big_Dummy_Shake,reverb_l2,reverb,2,vocals,7.637768846412553,6.8406756842479455,-1.669835497832131,-1.9874940707120041
spleeter,Moosmusic_-_Big_Dummy_Shake,reverb_l2,reverb,2,drums,7.881933487634703,7.119359880501714,-0.07415125692108582,-0.08859727041930565
spleeter,Moosmusic_-_Big_Dummy_Shake,reverb_l2,reverb,2,bass,3.9425140950508766,1.8629944328247037,-0.14543018017929832,-0.14634281415186257
spleeter,Moosmusic_-_Big_Dummy_Shake,reverb_l2,reverb,2,other,4.59419313208253,2.8332657207235883,-0.48978750187088593,-0.6895376921341372
spleeter,Moosmusic_-_Big_Dummy_Shake,reverb_l3,reverb,3,vocals,7.480993433209195,6.647645210051617,-1.8266109110354884,-2.180524544908333
spleeter,Moosmusic_-_Big_Dummy_Shake,reverb_l3,reverb,3,drums,7.97553026616896,7.227795357977699,0.01944552161317059,0.019838207056678492
spleeter,Moosmusic_-_Big_Dummy_Shake,reverb_l3,reverb,3,bass,3.870178300931293,1.7780933063295556,-0.217765974298882,-0.2312439406470106
spleeter,Moosmusic_-_Big_Dummy_Shake,reverb_l3,reverb,3,other,4.498041250289064,2.7048755830100566,-0.5859393836643525,-0.8179278298476689
spleeter,Moosmusic_-_Big_Dummy_Shake,reverb_l4,reverb,4,vocals,7.658702020038856,6.8681735529561125,-1.648902324205828,-1.959996202003837
spleeter,Moosmusic_-_Big_Dummy_Shake,reverb_l4,reverb,4,drums,8.017681619490572,7.277032781861466,0.06159687493478305,0.06907563094044633
spleeter,Moosmusic_-_Big_Dummy_Shake,reverb_l4,reverb,4,bass,3.8901573603793316,1.7996900149365083,-0.19778691485084332,-0.20964723204005797
spleeter,Moosmusic_-_Big_Dummy_Shake,reverb_l4,reverb,4,other,4.552372705617768,2.781271197952875,-0.5316079283356485,-0.7415322149048507
demucs,Moosmusic_-_Big_Dummy_Shake,bitcrush_l1,bitcrush,1,vocals,10.755294728586497,10.376822538931536,-0.44657250412225835,-0.48437474222892085
demucs,Moosmusic_-_Big_Dummy_Shake,bitcrush_l1,bitcrush,1,drums,12.267766908719477,12.004805770643543,-0.07065797804801477,-0.07610140174843849
demucs,Moosmusic_-_Big_Dummy_Shake,bitcrush_l1,bitcrush,1,bass,8.962435792928034,8.379961863554277,-0.13728475473396173,-0.16518576277690933
demucs,Moosmusic_-_Big_Dummy_Shake,bitcrush_l1,bitcrush,1,other,7.5096215665374615,6.669038357278373,-0.08442188477642176,-0.10029266124743863
demucs,Moosmusic_-_Big_Dummy_Shake,bitcrush_l2,bitcrush,2,vocals,10.73730906810275,10.357423847165938,-0.4645581646060055,-0.5037734339945192
demucs,Moosmusic_-_Big_Dummy_Shake,bitcrush_l2,bitcrush,2,drums,12.258183856843836,11.99444520783845,-0.08024102992365556,-0.08646196455353206
demucs,Moosmusic_-_Big_Dummy_Shake,bitcrush_l2,bitcrush,2,bass,8.93664130922035,8.350942993177279,-0.16307923844164485,-0.19420463315390712
demucs,Moosmusic_-_Big_Dummy_Shake,bitcrush_l2,bitcrush,2,other,7.5053207581925925,6.663690086064257,-0.08872269312129077,-0.10564093246155437
demucs,Moosmusic_-_Big_Dummy_Shake,bitcrush_l3,bitcrush,3,vocals,10.738047953003882,10.358000949724902,-0.46381927970487347,-0.5031963314355554
demucs,Moosmusic_-_Big_Dummy_Shake,bitcrush_l3,bitcrush,3,drums,12.251802134659806,11.98810068071252,-0.08662275210768478,-0.09280649167946109
demucs,Moosmusic_-_Big_Dummy_Shake,bitcrush_l3,bitcrush,3,bass,8.900793823828888,8.309016790184806,-0.1989267238331074,-0.23613083614637986
demucs,Moosmusic_-_Big_Dummy_Shake,bitcrush_l3,bitcrush,3,other,7.479523364366241,6.633886652450696,-0.1145200869476426,-0.13544436607511567
demucs,Moosmusic_-_Big_Dummy_Shake,bitcrush_l4,bitcrush,4,vocals,10.318782818962745,9.897155608204397,-0.8830844137460101,-0.9640416729560606
demucs,Moosmusic_-_Big_Dummy_Shake,bitcrush_l4,bitcrush,4,drums,12.181036230989452,11.91224931690144,-0.15738865577803907,-0.16865785549054202
demucs,Moosmusic_-_Big_Dummy_Shake,bitcrush_l4,bitcrush,4,bass,8.94847750588037,8.365037201259863,-0.15124304178162618,-0.18011042507132302
demucs,Moosmusic_-_Big_Dummy_Shake,bitcrush_l4,bitcrush,4,other,7.405416553167065,6.547067260211826,-0.18862689814681843,-0.2222637583139857
demucs,Moosmusic_-_Big_Dummy_Shake,compression_l1,compression,1,vocals,10.770480366307638,10.392575868974152,-0.4313868664011178,-0.46862141218630526
demucs,Moosmusic_-_Big_Dummy_Shake,compression_l1,compression,1,drums,12.280999540319538,12.019750850430409,-0.057425346447953274,-0.0611563219615725
demucs,Moosmusic_-_Big_Dummy_Shake,compression_l1,compression,1,bass,9.001474792248034,8.43142696590257,-0.09824575541396108,-0.11372066042861562
demucs,Moosmusic_-_Big_Dummy_Shake,compression_l1,compression,1,other,7.470121885985765,6.619112610645771,-0.12392156532811782,-0.1502184078800406
demucs,Moosmusic_-_Big_Dummy_Shake,compression_l2,compression,2,vocals,9.966222909316425,9.506718545104494,-1.2356443233923304,-1.3544787360559631
demucs,Moosmusic_-_Big_Dummy_Shake,compression_l2,compression,2,drums,12.119610367153488,11.848065312616926,-0.21881451961400344,-0.23284185977505523
demucs,Moosmusic_-_Big_Dummy_Shake,compression_l2,compression,2,bass,8.757963886583651,8.154145177947836,-0.34175666107834424,-0.3910024483833503
demucs,Moosmusic_-_Big_Dummy_Shake,compression_l2,compression,2,other,7.203259289511161,6.294548845153757,-0.39078416180272235,-0.47478217337205475
demucs,Moosmusic_-_Big_Dummy_Shake,compression_l3,compression,3,vocals,9.67866185857699,9.185095881320938,-1.5232053741317646,-1.676101399839519
demucs,Moosmusic_-_Big_Dummy_Shake,compression_l3,compression,3,drums,12.059781875134323,11.78374405531386,-0.27864301163316796,-0.2971631170781208
demucs,Moosmusic_-_Big_Dummy_Shake,compression_l3,compression,3,bass,8.660237091408561,8.03875329998694,-0.4394834562534342,-0.5063943263442461
demucs,Moosmusic_-_Big_Dummy_Shake,compression_l3,compression,3,other,7.148429557737478,6.227044954693259,-0.4456138935764056,-0.5422860638325524
demucs,Moosmusic_-_Big_Dummy_Shake,compression_l4,compression,4,vocals,9.986334800883863,9.527574995437895,-1.215532431824892,-1.3336222857225621
demucs,Moosmusic_-_Big_Dummy_Shake,compression_l4,compression,4,drums,12.073671788620137,11.79867940151742,-0.26475309814735404,-0.2822277708745613
demucs,Moosmusic_-_Big_Dummy_Shake,compression_l4,compression,4,bass,8.728481822615464,8.12149360780629,-0.3712387250465312,-0.42365401852489626
demucs,Moosmusic_-_Big_Dummy_Shake,compression_l4,compression,4,other,7.2481626888003365,6.349223840780809,-0.3458807625135467,-0.4201071777450025
demucs,Moosmusic_-_Big_Dummy_Shake,delay_l1,delay,1,vocals,10.410128195177082,10.001065332489647,-0.7917390375316735,-0.8601319486708103
demucs,Moosmusic_-_Big_Dummy_Shake,delay_l1,delay,1,drums,12.291224382134825,12.030605606149186,-0.04720050463266645,-0.050301566242795914
demucs,Moosmusic_-_Big_Dummy_Shake,delay_l1,delay,1,bass,9.17342479258805,8.62845153922909,0.07370424492605387,0.08330391289790384
demucs,Moosmusic_-_Big_Dummy_Shake,delay_l1,delay,1,other,7.373948080312002,6.4980861251739,-0.22009537100188137,-0.27124489335191093
demucs,Moosmusic_-_Big_Dummy_Shake,delay_l2,delay,2,vocals,9.497906811105398,8.981441660015367,-1.703960421603357,-1.8797556211450903
demucs,Moosmusic_-_Big_Dummy_Shake,delay_l2,delay,2,drums,12.197179455427104,11.92972395332945,-0.14124543134038703,-0.1511832190625313
demucs,Moosmusic_-_Big_Dummy_Shake,delay_l2,delay,2,bass,9.10743631321724,8.552778363365025,0.007715765555245113,0.007630737033839097
demucs,Moosmusic_-_Big_Dummy_Shake,delay_l2,delay,2,other,7.031275198245579,6.076032369874187,-0.5627682530683042,-0.6932986486516244
demucs,Moosmusic_-_Big_Dummy_Shake,delay_l3,delay,3,vocals,8.951770696262175,8.368428286385658,-2.2500965364465806,-2.4927689947747993
demucs,Moosmusic_-_Big_Dummy_Shake,delay_l3,delay,3,drums,12.117722431936125,11.845973203774978,-0.22070245483136652,-0.23493396861700333
demucs,Moosmusic_-_Big_Dummy_Shake,delay_l3,delay,3,bass,9.145906634716894,8.600476254957211,0.046186087054898906,0.05532862862602528
demucs,Moosmusic_-_Big_Dummy_Shake,delay_l3,delay,3,other,6.7896796870960765,5.76912286631755,-0.8043637642178068,-1.0002081522082618
demucs,Moosmusic_-_Big_Dummy_Shake,delay_l4,delay,4,vocals,8.473731363865735,7.811730315181266,-2.7281358688430206,-3.0494669659791915
demucs,Moosmusic_-_Big_Dummy_Shake,delay_l4,delay,4,drums,12.01534604497849,11.735072465117335,-0.3230788417890018,-0.34583470727464594
demucs,Moosmusic_-_Big_Dummy_Shake,delay_l4,delay,4,bass,9.013808248893998,8.442662738382499,-0.08591229876799744,-0.10248488794868749
demucs,Moosmusic_-_Big_Dummy_Shake,delay_l4,delay,4,other,6.614703267195036,5.54772075500234,-0.9793401841188469,-1.2216102635234716
demucs,Moosmusic_-_Big_Dummy_Shake,original,original,0,vocals,11.201867232708755,10.861197281160457,0.0,0.0
demucs,Moosmusic_-_Big_Dummy_Shake,original,original,0,drums,12.338424886767491,12.080907172391981,0.0,0.0
demucs,Moosmusic_-_Big_Dummy_Shake,original,original,0,bass,9.099720547661995,8.545147626331186,0.0,0.0
demucs,Moosmusic_-_Big_Dummy_Shake,original,original,0,other,7.594043451313883,6.769331018525811,0.0,0.0
demucs,Moosmusic_-_Big_Dummy_Shake,reverb_l1,reverb,1,vocals,10.49315694044737,10.088526868224923,-0.7087102922613848,-0.7726704129355344
demucs,Moosmusic_-_Big_Dummy_Shake,reverb_l1,reverb,1,drums,12.296846564153885,12.036398522254338,-0.04157832261360639,-0.04450865013764371
demucs,Moosmusic_-_Big_Dummy_Shake,reverb_l1,reverb,1,bass,9.04888839669453,8.488319771873629,-0.05083215096746585,-0.056827854457557336
demucs,Moosmusic_-_Big_Dummy_Shake,reverb_l1,reverb,1,other,7.413479088372598,6.551025711112012,-0.18056436294128542,-0.21830530741379928
demucs,Moosmusic_-_Big_Dummy_Shake,reverb_l2,reverb,2,vocals,9.009185817986628,8.430875388124127,-2.192681414722127,-2.4303218930363304
demucs,Moosmusic_-_Big_Dummy_Shake,reverb_l2,reverb,2,drums,12.177889369888128,11.909768783761479,-0.16053551687936363,-0.1711383886305029
demucs,Moosmusic_-_Big_Dummy_Shake,reverb_l2,reverb,2,bass,8.809251183774036,8.224626359624729,-0.29046936388795963,-0.3205212667064572
demucs,Moosmusic_-_Big_Dummy_Shake,reverb_l2,reverb,2,other,6.950948339736103,5.97825105938737,-0.6430951115777805,-0.7910799591384414
demucs,Moosmusic_-_Big_Dummy_Shake,reverb_l3,reverb,3,vocals,8.711627416346396,8.091723162654025,-2.49023981636236,-2.769474118506432
demucs,Moosmusic_-_Big_Dummy_Shake,reverb_l3,reverb,3,drums,12.189717116810364,11.922896475243167,-0.1487077699571273,-0.15801069714881422
demucs,Moosmusic_-_Big_Dummy_Shake,reverb_l3,reverb,3,bass,8.813461993451337,8.242504619193957,-0.28625855421065793,-0.30264300713722925
demucs,Moosmusic_-_Big_Dummy_Shake,reverb_l3,reverb,3,other,6.905388592904268,5.922759339650927,-0.688654858409615,-0.8465716788748843
demucs,Moosmusic_-_Big_Dummy_Shake,reverb_l4,reverb,4,vocals,8.77409471434471,8.164509732649906,-2.427772518364046,-2.6966875485105515
demucs,Moosmusic_-_Big_Dummy_Shake,reverb_l4,reverb,4,drums,12.213662820588214,11.948348592080443,-0.12476206617927765,-0.13255858031153878
demucs,Moosmusic_-_Big_Dummy_Shake,reverb_l4,reverb,4,bass,8.826121485626338,8.25261031043148,-0.2735990620356574,-0.2925373158997058
demucs,Moosmusic_-_Big_Dummy_Shake,reverb_l4,reverb,4,other,6.878116184816169,5.8914342735175325,-0.7159272664977143,-0.8778967450082789
spleeter,Motor_Tapes_-_Shore,bitcrush_l1,bitcrush,1,vocals,6.440737056466234,5.342148628625764,-0.2759099129156164,-0.3553524099398375
spleeter,Motor_Tapes_-_Shore,bitcrush_l1,bitcrush,1,drums,4.222925239107244,2.209404014497822,-0.10574109304155765,-0.18177760636470275
spleeter,Motor_Tapes_-_Shore,bitcrush_l1,bitcrush,1,bass,7.4800229390158135,6.764652804633686,-0.03802371149274553,-0.03813783274721061
spleeter,Motor_Tapes_-_Shore,bitcrush_l1,bitcrush,1,other,8.58213351891779,8.061672530163186,-0.06674137326144347,-0.06082526654573428
spleeter,Motor_Tapes_-_Shore,bitcrush_l2,bitcrush,2,vocals,6.446152675338601,5.349002566959592,-0.27049429404324954,-0.34849847160600955
spleeter,Motor_Tapes_-_Shore,bitcrush_l2,bitcrush,2,drums,4.229924009136978,2.220717343450115,-0.09874232301182406,-0.17046427741240988
spleeter,Motor_Tapes_-_Shore,bitcrush_l2,bitcrush,2,bass,7.48608837214697,6.77088455489042,-0.031958278361589265,-0.031906082490475995
spleeter,Motor_Tapes_-_Shore,bitcrush_l2,bitcrush,2,other,8.587546854926165,8.068020358420751,-0.06132803725306779,-0.054477438288168756
spleeter,Motor_Tapes_-_Shore,bitcrush_l3,bitcrush,3,vocals,6.598988033115535,5.543748619300299,-0.11765893626631563,-0.15375241926530236
spleeter,Motor_Tapes_-_Shore,bitcrush_l3,bitcrush,3,drums,4.2754005921666245,2.2925188571401236,-0.05326573998217743,-0.09866276372240135
spleeter,Motor_Tapes_-_Shore,bitcrush_l3,bitcrush,3,bass,7.514128206595524,6.7990773260257695,-0.003918443913034864,-0.0037133113551268693
spleeter,Motor_Tapes_-_Shore,bitcrush_l3,bitcrush,3,other,8.732176053460282,8.216592833619025,0.08330116128104947,0.09409503691010457
spleeter,Motor_Tapes_-_Shore,bitcrush_l4,bitcrush,4,vocals,6.474937318114401,5.377931617836863,-0.24170965126744903,-0.3195694207287385
spleeter,Motor_Tapes_-_Shore,bitcrush_l4,bitcrush,4,drums,4.336746470811325,2.38051031366488,0.008080138662522884,-0.010671307197644975
spleeter,Motor_Tapes_-_Shore,bitcrush_l4,bitcrush,4,bass,7.561475992055437,6.8484302191221875,0.04342934154687761,0.045639581741291124
spleeter,Motor_Tapes_-_Shore,bitcrush_l4,bitcrush,4,other,8.670972200677822,8.177259224288951,0.02209730849858893,0.054761427580031
spleeter,Motor_Tapes_-_Shore,compression_l1,compression,1,vocals,6.634377035734752,5.591030899108025,-0.08226993364709845,-0.106470139457576
spleeter,Motor_Tapes_-_Shore,compression_l1,compression,1,drums,4.293845710469119,2.34243066217178,-0.034820621679682695,-0.04875095869074508
spleeter,Motor_Tapes_-_Shore,compression_l1,compression,1,bass,7.462227956280206,6.744483416287049,-0.055818694228353394,-0.05830722109384734
spleeter,Motor_Tapes_-_Shore,compression_l1,compression,1,other,8.585629683195638,8.022878490425837,-0.06324520898359509,-0.09961930628308302
spleeter,Motor_Tapes_-_Shore,compression_l2,compression,2,vocals,5.872432989593883,4.591271178908315,-0.8442139797879671,-1.1062298596572866
spleeter,Motor_Tapes_-_Shore,compression_l2,compression,2,drums,4.208851739588874,2.2136166773190995,-0.1198145925599281,-0.17756494354342545
spleeter,Motor_Tapes_-_Shore,compression_l2,compression,2,bass,7.2793401039531265,6.555914171067773,-0.23870654655543255,-0.24687646631312354
spleeter,Motor_Tapes_-_Shore,compression_l2,compression,2,other,7.94167118293902,7.276543588952277,-0.707203709240213,-0.8459542077566429
spleeter,Motor_Tapes_-_Shore,compression_l3,compression,3,vocals,5.3090849700797085,3.802671788494284,-1.4075619993021418,-1.894829250071317
spleeter,Motor_Tapes_-_Shore,compression_l3,compression,3,drums,3.7275509513430145,1.393173896410179,-0.6011153808057874,-0.998007724452346
spleeter,Motor_Tapes_-_Shore,compression_l3,compression,3,bass,6.842608439414166,6.085277191262954,-0.6754382110943933,-0.717513446117942
spleeter,Motor_Tapes_-_Shore,compression_l3,compression,3,other,7.4432742978519695,6.735182976624717,-1.2056005943272634,-1.3873148200842031
spleeter,Motor_Tapes_-_Shore,compression_l4,compression,4,vocals,4.71162361174971,2.9260005701114906,-2.0050233576321403,-2.7715004684541107
spleeter,Motor_Tapes_-_Shore,compression_l4,compression,4,drums,2.59767351769813,-0.8185984305954339,-1.7309928144506719,-3.209780051457959
spleeter,Motor_Tapes_-_Shore,compression_l4,compression,4,bass,6.185297024909769,5.375849139717166,-1.3327496255987903,-1.42694149766373
spleeter,Motor_Tapes_-_Shore,compression_l4,compression,4,other,6.865399996027467,6.190290532607486,-1.7834748961517661,-1.932207264101434
spleeter,Motor_Tapes_-_Shore,delay_l1,delay,1,vocals,6.33092071582349,5.197119265533454,-0.3857262535583601,-0.5003817730321476
spleeter,Motor_Tapes_-_Shore,delay_l1,delay,1,drums,4.192324018669174,2.163548607359762,-0.136342313479628,-0.22763301350276288
spleeter,Motor_Tapes_-_Shore,delay_l1,delay,1,bass,7.392238102457397,6.668852657504689,-0.12580854805116193,-0.13393797987620726
spleeter,Motor_Tapes_-_Shore,delay_l1,delay,1,other,8.333988315005339,7.780520962051591,-0.314886577173894,-0.34197683465732887
spleeter,Motor_Tapes_-_Shore,delay_l2,delay,2,vocals,6.190060048811007,5.014693787453486,-0.5265869205708436,-0.6828072511121155
spleeter,Motor_Tapes_-_Shore,delay_l2,delay,2,drums,3.994932310555676,1.8315367834307268,-0.3337340215931257,-0.5596448374317982
spleeter,Motor_Tapes_-_Shore,delay_l2,delay,2,bass,7.345979629568093,6.629233757751674,-0.17206702094046644,-0.1735568796292224
spleeter,Motor_Tapes_-_Shore,delay_l2,delay,2,other,8.213479443644033,7.61896263605286,-0.43539544853519985,-0.5035351606560603
spleeter,Motor_Tapes_-_Shore,delay_l3,delay,3,vocals,5.63981027578118,4.282431093467945,-1.0768366936006704,-1.415069945097656
spleeter,Motor_Tapes_-_Shore,delay_l3,delay,3,drums,3.9138910237464186,1.7003843589414005,-0.4147753084023833,-0.6907972619211245
spleeter,Motor_Tapes_-_Shore,delay_l3,delay,3,bass,7.192558940084954,6.458645513993332,-0.32548771042360514,-0.3441451233875643
spleeter,Motor_Tapes_-_Shore,delay_l3,delay,3,other,7.7527221324519235,7.114778286966867,-0.8961527597273093,-1.0077195097420528
spleeter,Motor_Tapes_-_Shore,delay_l4,delay,4,vocals,5.242124136389361,3.7190131675359357,-1.4745228329924895,-1.9784878710296656
spleeter,Motor_Tapes_-_Shore,delay_l4,delay,4,drums,3.9583650705131634,1.7732299432461205,-0.3703012616356385,-0.6179516776164045
spleeter,Motor_Tapes_-_Shore,delay_l4,delay,4,bass,6.86393669008587,6.11557383495208,-0.654109960422689,-0.6872168024288161
spleeter,Motor_Tapes_-_Shore,delay_l4,delay,4,other,7.5468325580543425,6.860092111725712,-1.1020423341248904,-1.2624056849832082
spleeter,Motor_Tapes_-_Shore,original,original,0,vocals,6.71664696938185,5.697501038565601,0.0,0.0
spleeter,Motor_Tapes_-_Shore,original,original,0,drums,4.328666332148802,2.391181620862525,0.0,0.0
spleeter,Motor_Tapes_-_Shore,original,original,0,bass,7.518046650508559,6.802790637380896,0.0,0.0
spleeter,Motor_Tapes_-_Shore,original,original,0,other,8.648874892179233,8.12249779670892,0.0,0.0
spleeter,Motor_Tapes_-_Shore,reverb_l1,reverb,1,vocals,6.361300691040289,5.245606346283428,-0.3553462783415613,-0.45189469228217316
spleeter,Motor_Tapes_-_Shore,reverb_l1,reverb,1,drums,4.2274637683048875,2.222263361154887,-0.10120256384391446,-0.16891825970763774
spleeter,Motor_Tapes_-_Shore,reverb_l1,reverb,1,bass,7.118833434190108,6.373042298331063,-0.39921321631845075,-0.42974833904983356
spleeter,Motor_Tapes_-_Shore,reverb_l1,reverb,1,other,8.482810583972913,7.929577148675255,-0.16606430820631957,-0.19292064803366493
spleeter,Motor_Tapes_-_Shore,reverb_l2,reverb,2,vocals,4.966357093654534,3.3202418130318714,-1.750289875727316,-2.37725922553373
spleeter,Motor_Tapes_-_Shore,reverb_l2,reverb,2,drums,4.020629881335869,1.8816871126212655,-0.3080364508129332,-0.5094945082412594
spleeter,Motor_Tapes_-_Shore,reverb_l2,reverb,2,bass,5.170607518973862,4.3240003011296215,-2.3474391315346974,-2.478790336251275
spleeter,Motor_Tapes_-_Shore,reverb_l2,reverb,2,other,7.920276958736513,7.316044099787287,-0.7285979334427202,-0.8064536969216336
spleeter,Motor_Tapes_-_Shore,reverb_l3,reverb,3,vocals,4.174842372555262,2.0928124025973545,-2.541804596826588,-3.604688635968247
spleeter,Motor_Tapes_-_Shore,reverb_l3,reverb,3,drums,3.903070486250426,1.6820670020444872,-0.42559584589837574,-0.7091146188180377
spleeter,Motor_Tapes_-_Shore,reverb_l3,reverb,3,bass,4.242381206717182,3.358491296905288,-3.275665443791377,-3.4442993404756086
spleeter,Motor_Tapes_-_Shore,reverb_l3,reverb,3,other,7.484773641343089,6.908305356661152,-1.1641012508361435,-1.2141924400477686
spleeter,Motor_Tapes_-_Shore,reverb_l4,reverb,4,vocals,4.063769240140717,1.9064340345330408,-2.6528777292411334,-3.7910670040325605
spleeter,Motor_Tapes_-_Shore,reverb_l4,reverb,4,drums,3.6942778122004154,1.3218692519637338,-0.6343885199483865,-1.069312368898791
spleeter,Motor_Tapes_-_Shore,reverb_l4,reverb,4,bass,4.104219906296351,3.2192254876441235,-3.4138267442122077,-3.583565149736773
spleeter,Motor_Tapes_-_Shore,reverb_l4,reverb,4,other,7.387868309777449,6.845804643133667,-1.2610065824017838,-1.2766931535752528
demucs,Motor_Tapes_-_Shore,bitcrush_l1,bitcrush,1,vocals,8.763495515036457,8.146248586303889,-0.6123162140930578,-0.6979710633444576
demucs,Motor_Tapes_-_Shore,bitcrush_l1,bitcrush,1,drums,9.002441104329536,8.419196669551074,-0.20365191592597576,-0.23388748007596583
demucs,Motor_Tapes_-_Shore,bitcrush_l1,bitcrush,1,bass,12.12730503501987,11.86371603498343,-0.05452033883245022,-0.05972490897903704
demucs,Motor_Tapes_-_Shore,bitcrush_l1,bitcrush,1,other,10.471425513970843,10.095406429942258,-0.4897419389225739,-0.5130990459042017
demucs,Motor_Tapes_-_Shore,bitcrush_l2,bitcrush,2,vocals,8.617068154708946,7.9795702476113615,-0.7587435744205688,-0.864649402036985
demucs,Motor_Tapes_-_Shore,bitcrush_l2,bitcrush,2,drums,9.190348987165164,8.634515297701766,-0.015744033090347997,-0.018568851925273577
demucs,Motor_Tapes_-_Shore,bitcrush_l2,bitcrush,2,bass,12.156018844820043,11.894059830561655,-0.02580652903227687,-0.029381113400811287
demucs,Motor_Tapes_-_Shore,bitcrush_l2,bitcrush,2,other,10.374602651500599,9.99033681420813,-0.586564801392818,-0.6181686616383306
demucs,Motor_Tapes_-_Shore,bitcrush_l3,bitcrush,3,vocals,8.473086927509007,7.814004491590233,-0.9027248016205078,-1.0302151580581134
demucs,Motor_Tapes_-_Shore,bitcrush_l3,bitcrush,3,drums,9.103119325823714,8.534612799917378,-0.10297369443179782,-0.11847134970966167
demucs,Motor_Tapes_-_Shore,bitcrush_l3,bitcrush,3,bass,12.123649244139639,11.8599990288807,-0.058176129712681046,-0.063441915081766
demucs,Motor_Tapes_-_Shore,bitcrush_l3,bitcrush,3,other,10.234411263571587,9.842337177933544,-0.7267561893218293,-0.7661682979129161
demucs,Motor_Tapes_-_Shore,bitcrush_l4,bitcrush,4,vocals,8.428524377469145,7.756119499753039,-0.9472873516603695,-1.0881001498953076
demucs,Motor_Tapes_-_Shore,bitcrush_l4,bitcrush,4,drums,8.638989859688621,8.004163539481887,-0.5671031605668908,-0.6489206101451526
demucs,Motor_Tapes_-_Shore,bitcrush_l4,bitcrush,4,bass,12.102423352314872,11.83740823181705,-0.07940202153744735,-0.08603271214541586
demucs,Motor_Tapes_-_Shore,bitcrush_l4,bitcrush,4,other,10.183880126834852,9.816108714909804,-0.7772873260585644,-0.792396760936656
demucs,Motor_Tapes_-_Shore,compression_l1,compression,1,vocals,8.754477930209084,8.134379442296071,-0.6213337989204302,-0.7098402073522756
demucs,Motor_Tapes_-_Shore,compression_l1,compression,1,drums,9.061401114049962,8.488348687016819,-0.14469190620554961,-0.16473546261022065
demucs,Motor_Tapes_-_Shore,compression_l1,compression,1,bass,12.136196677934292,11.873475538847957,-0.04562869591802787,-0.04996540511450931
demucs,Motor_Tapes_-_Shore,compression_l1,compression,1,other,10.436807016427519,10.045000394653641,-0.5243604364658978,-0.5635050811928188
demucs,Motor_Tapes_-_Shore,compression_l2,compression,2,vocals,7.22004426119158,6.3085285269955,-2.1557674679379346,-2.535691122652847
demucs,Motor_Tapes_-_Shore,compression_l2,compression,2,drums,9.092525274120632,8.52305262240381,-0.11356774613487985,-0.1300315272232293
demucs,Motor_Tapes_-_Shore,compression_l2,compression,2,bass,12.10842426966779,11.845106476423013,-0.07340110418452994,-0.07833446753945417
demucs,Motor_Tapes_-_Shore,compression_l2,compression,2,other,9.161402540828187,8.661292800680696,-1.7997649120652301,-1.9472126751657637
demucs,Motor_Tapes_-_Shore,compression_l3,compression,3,vocals,6.123971312705107,4.908517619200782,-3.2518404164244075,-3.9357020304475645
demucs,Motor_Tapes_-_Shore,compression_l3,compression,3,drums,8.881526202458097,8.280408779618554,-0.3245668177974146,-0.3726753700084853
demucs,Motor_Tapes_-_Shore,compression_l3,compression,3,bass,12.086372761392546,11.821722799820922,-0.09545261245977343,-0.1017181441415449
demucs,Motor_Tapes_-_Shore,compression_l3,compression,3,other,8.194657308442729,7.641375752032987,-2.766510144450688,-2.967129723813473
demucs,Motor_Tapes_-_Shore,compression_l4,compression,4,vocals,6.003878049933498,4.749002134725989,-3.371933679196017,-4.095217514922357
demucs,Motor_Tapes_-_Shore,compression_l4,compression,4,drums,8.935377608251157,8.343081506381496,-0.2707154120043551,-0.31000264324554294
demucs,Motor_Tapes_-_Shore,compression_l4,compression,4,bass,12.031468743503016,11.760788792585249,-0.1503566303493038,-0.1626521513772179
demucs,Motor_Tapes_-_Shore,compression_l4,compression,4,other,8.09597845498398,7.531989061651949,-2.8651889979094367,-3.0765164141945114
demucs,Motor_Tapes_-_Shore,delay_l1,delay,1,vocals,8.840939037070992,8.233941828675757,-0.5348726920585225,-0.6102778209725894
demucs,Motor_Tapes_-_Shore,delay_l1,delay,1,drums,9.06385970041182,8.490862386247894,-0.14223331984369203,-0.1622217633791454
demucs,Motor_Tapes_-_Shore,delay_l1,delay,1,bass,12.098896226221616,11.833023365278162,-0.08292914763070414,-0.09041757868430444
demucs,Motor_Tapes_-_Shore,delay_l1,delay,1,other,10.52896641813545,10.142635591324108,-0.43220103475796634,-0.4658698845223519
demucs,Motor_Tapes_-_Shore,delay_l2,delay,2,vocals,8.33148533829283,7.643840359009247,-1.0443263908366855,-1.2003792906390993
demucs,Motor_Tapes_-_Shore,delay_l2,delay,2,drums,9.071971940561792,8.50022879435612,-0.13412107969372045,-0.1528553552709191
demucs,Motor_Tapes_-_Shore,delay_l2,delay,2,bass,12.061431667492622,11.791672627651415,-0.12039370635969782,-0.13176831631105124
demucs,Motor_Tapes_-_Shore,delay_l2,delay,2,other,10.158897583328383,9.746210412600064,-0.8022698695650341,-0.8622950632463962
demucs,Motor_Tapes_-_Shore,delay_l3,delay,3,vocals,7.558780699417483,6.7258305322201215,-1.817031029712032,-2.118389117428225
demucs,Motor_Tapes_-_Shore,delay_l3,delay,3,drums,9.111145426747795,8.544616094868848,-0.09494759350771709,-0.1084680547581911
demucs,Motor_Tapes_-_Shore,delay_l3,delay,3,bass,11.971827474346405,11.69716871913636,-0.20999789950591463,-0.22627222482610598
demucs,Motor_Tapes_-_Shore,delay_l3,delay,3,other,9.523335814105604,9.059322497659709,-1.437831638787813,-1.5491829781867512
demucs,Motor_Tapes_-_Shore,delay_l4,delay,4,vocals,6.953175518180302,5.983355368295467,-2.4226362109492126,-2.860864281352879
demucs,Motor_Tapes_-_Shore,delay_l4,delay,4,drums,8.977919912610785,8.39407089610557,-0.22817310764472687,-0.25901325352147
demucs,Motor_Tapes_-_Shore,delay_l4,delay,4,bass,11.870284600707908,11.585811379086064,-0.31154077314441153,-0.33762956487640317
demucs,Motor_Tapes_-_Shore,delay_l4,delay,4,other,8.987221638482666,8.50099833535003,-1.973945814410751,-2.1075071404964305
demucs,Motor_Tapes_-_Shore,original,original,0,vocals,9.375811729129515,8.844219649648347,0.0,0.0
demucs,Motor_Tapes_-_Shore,original,original,0,drums,9.206093020255512,8.65308414962704,0.0,0.0
demucs,Motor_Tapes_-_Shore,original,original,0,bass,12.18182537385232,11.923440943962467,0.0,0.0
demucs,Motor_Tapes_-_Shore,original,original,0,other,10.961167452893417,10.60850547584646,0.0,0.0
demucs,Motor_Tapes_-_Shore,reverb_l1,reverb,1,vocals,8.816047328966485,8.204867484257452,-0.5597644001630293,-0.6393521653908945
demucs,Motor_Tapes_-_Shore,reverb_l1,reverb,1,drums,9.05371143647493,8.47884723916313,-0.1523815837805813,-0.1742369104639092
demucs,Motor_Tapes_-_Shore,reverb_l1,reverb,1,bass,11.60327191652219,11.295483529184258,-0.5785534573301305,-0.6279574147782085
demucs,Motor_Tapes_-_Shore,reverb_l1,reverb,1,other,10.590618422766129,10.215745452932104,-0.3705490301272878,-0.39276002291435574
demucs,Motor_Tapes_-_Shore,reverb_l2,reverb,2,vocals,6.872150059275076,5.88015921253604,-2.5036616698544387,-2.9640604371123063
demucs,Motor_Tapes_-_Shore,reverb_l2,reverb,2,drums,9.116022038015942,8.54965205929473,-0.09007098223957044,-0.10343209033231027
demucs,Motor_Tapes_-_Shore,reverb_l2,reverb,2,bass,9.303420222441734,8.828014986541037,-2.878405151410586,-3.09542595742143
demucs,Motor_Tapes_-_Shore,reverb_l2,reverb,2,other,9.451497835876584,9.009265892186216,-1.5096696170168329,-1.5992395836602444
demucs,Motor_Tapes_-_Shore,reverb_l3,reverb,3,vocals,5.381890183137824,3.9301508145652857,-3.9939215459916904,-4.914068835083061
demucs,Motor_Tapes_-_Shore,reverb_l3,reverb,3,drums,9.164980740710625,8.605067569210686,-0.04111227954488683,-0.048016580416353705
demucs,Motor_Tapes_-_Shore,reverb_l3,reverb,3,bass,7.66353848751947,7.1148047987859995,-4.51828688633285,-4.808636145176467
demucs,Motor_Tapes_-_Shore,reverb_l3,reverb,3,other,8.496296308762364,8.078081867593603,-2.4648711441310525,-2.530423608252857
demucs,Motor_Tapes_-_Shore,reverb_l4,reverb,4,vocals,5.451587068916966,4.008907105965721,-3.9242246602125483,-4.835312543682625
demucs,Motor_Tapes_-_Shore,reverb_l4,reverb,4,drums,9.171064557468435,8.611810025706339,-0.03502846278707672,-0.041274123920700845
demucs,Motor_Tapes_-_Shore,reverb_l4,reverb,4,bass,8.239167649602697,7.701878774720797,-3.9426577242496226,-4.22156216924167
demucs,Motor_Tapes_-_Shore,reverb_l4,reverb,4,other,8.318647670441484,7.857963289226111,-2.6425197824519326,-2.7505421866203488
spleeter,Mu_-_Too_Bright,bitcrush_l1,bitcrush,1,vocals,5.729582497257455,4.677720205018703,-0.6739944674738094,-0.9404700973099827
spleeter,Mu_-_Too_Bright,bitcrush_l1,bitcrush,1,drums,11.053591539992576,10.705988640012094,0.03876741039995579,0.043886595202716094
spleeter,Mu_-_Too_Bright,bitcrush_l1,bitcrush,1,bass,2.9018821695922603,1.0039012559613618,-0.021806740738211428,-0.016789844609519378
spleeter,Mu_-_Too_Bright,bitcrush_l1,bitcrush,1,other,3.7232108516514844,1.4204566256429005,-0.13622346840662347,-0.2057911078579855
spleeter,Mu_-_Too_Bright,bitcrush_l2,bitcrush,2,vocals,5.726973682383303,4.674532294986737,-0.676603282347962,-0.9436580073419485
spleeter,Mu_-_Too_Bright,bitcrush_l2,bitcrush,2,drums,11.052367335736104,10.704688652912363,0.03754320614348394,0.04258660810298487
spleeter,Mu_-_Too_Bright,bitcrush_l2,bitcrush,2,bass,2.9007674363196037,1.0015650688362334,-0.02292147401086808,-0.019126031734647775
spleeter,Mu_-_Too_Bright,bitcrush_l2,bitcrush,2,other,3.7219247532950233,1.4173530915344577,-0.13750956676308457,-0.20889464196642837
spleeter,Mu_-_Too_Bright,bitcrush_l3,bitcrush,3,vocals,5.722500436624745,4.671600864008782,-0.6810765281065194,-0.9465894383199043
spleeter,Mu_-_Too_Bright,bitcrush_l3,bitcrush,3,drums,11.036961432325214,10.688294884192917,0.02213730273259351,0.02619283938353867
spleeter,Mu_-_Too_Bright,bitcrush_l3,bitcrush,3,bass,2.906710064711822,1.0084189733334585,-0.016978845618649707,-0.012272127237422659
spleeter,Mu_-_Too_Bright,bitcrush_l3,bitcrush,3,other,3.7230246431685647,1.4160697953107018,-0.13640967688954309,-0.21017793819018427
spleeter,Mu_-_Too_Bright,bitcrush_l4,bitcrush,4,vocals,5.610293079296001,4.524282262510029,-0.7932838854352635,-1.0939080398186567
spleeter,Mu_-_Too_Bright,bitcrush_l4,bitcrush,4,drums,10.969536129948738,10.615631999579191,-0.045287999643882415,-0.04647004523018694
spleeter,Mu_-_Too_Bright,bitcrush_l4,bitcrush,4,bass,2.909020285379889,0.9944922893073121,-0.014668624950582743,-0.026198811263569044
spleeter,Mu_-_Too_Bright,bitcrush_l4,bitcrush,4,other,3.7134093528998346,1.3973122523660364,-0.14602496715827318,-0.22893548113484963
spleeter,Mu_-_Too_Bright,compression_l1,compression,1,vocals,6.274755303405982,5.4581237343041735,-0.12882166132528283,-0.16006656802451236
spleeter,Mu_-_Too_Bright,compression_l1,compression,1,drums,10.97369053774466,10.617824378573385,-0.041133591847959394,-0.04427766623599361
spleeter,Mu_-_Too_Bright,compression_l1,compression,1,bass,2.9214117569982445,1.0201316224075887,-0.002277153332227222,-0.0005594781632924928
spleeter,Mu_-_Too_Bright,compression_l1,compression,1,other,3.8130860722354787,1.5478177177579187,-0.04634824782262914,-0.07843001574296737
spleeter,Mu_-_Too_Bright,compression_l2,compression,2,vocals,6.104650687860641,5.231432641040028,-0.298926276870624,-0.38675766128865785
spleeter,Mu_-_Too_Bright,compression_l2,compression,2,drums,10.879172182151041,10.516959526988893,-0.1356519474415787,-0.14514251782048504
spleeter,Mu_-_Too_Bright,compression_l2,compression,2,bass,2.905579277261891,1.003639707229237,-0.0181096330685806,-0.017051393341644294
spleeter,Mu_-_Too_Bright,compression_l2,compression,2,other,3.788577599395864,1.5001200528092329,-0.07085672066224369,-0.12612768069165314
spleeter,Mu_-_Too_Bright,compression_l3,compression,3,vocals,5.998800778827743,5.076633178069876,-0.40477618590352193,-0.5415571242588095
spleeter,Mu_-_Too_Bright,compression_l3,compression,3,drums,10.773528426936563,10.405585152267102,-0.24129570265605693,-0.25651689254227605
spleeter,Mu_-_Too_Bright,compression_l3,compression,3,bass,2.883227320077833,0.970659276071702,-0.040461590252638846,-0.0500318244991792
spleeter,Mu_-_Too_Bright,compression_l3,compression,3,other,3.779878565278683,1.4809557420975061,-0.07955575477942478,-0.1452919914033799
spleeter,Mu_-_Too_Bright,compression_l4,compression,4,vocals,5.8578666453804615,4.787587946143078,-0.5457103193508033,-0.830602356185608
spleeter,Mu_-_Too_Bright,compression_l4,compression,4,drums,10.624189465562498,10.25706988517345,-0.3906346640301219,-0.40503215963592787
spleeter,Mu_-_Too_Bright,compression_l4,compression,4,bass,3.2907774893085695,1.35047244659382,0.36708857897809777,0.32978134602293885
spleeter,Mu_-_Too_Bright,compression_l4,compression,4,other,3.7885460565625255,1.5586226347604917,-0.0708882634955823,-0.06762509874039435
spleeter,Mu_-_Too_Bright,delay_l1,delay,1,vocals,6.215017050809106,5.399789924486286,-0.18855991392215898,-0.21840037784239996
spleeter,Mu_-_Too_Bright,delay_l1,delay,1,drums,10.989035217355594,10.633487263086272,-0.02578891223702584,-0.02861478172310683
spleeter,Mu_-_Too_Bright,delay_l1,delay,1,bass,2.8552619213883212,0.9707789737895842,-0.06842698894215049,-0.04991212678129697
spleeter,Mu_-_Too_Bright,delay_l1,delay,1,other,3.7749274513605817,1.4804886120251701,-0.0845068686975261,-0.1457591214757159
spleeter,Mu_-_Too_Bright,delay_l2,delay,2,vocals,5.9179954173144935,4.988229169334257,-0.4855815474167713,-0.6299611329944286
spleeter,Mu_-_Too_Bright,delay_l2,delay,2,drums,10.882416969543197,10.51787869618195,-0.1324071600494232,-0.14422334862742758
spleeter,Mu_-_Too_Bright,delay_l2,delay,2,bass,2.819735857191803,0.9402056780155001,-0.10395305313866876,-0.08048542255538105
spleeter,Mu_-_Too_Bright,delay_l2,delay,2,other,3.627916423263731,1.240319662639498,-0.23151789679437673,-0.3859280708613879
spleeter,Mu_-_Too_Bright,delay_l3,delay,3,vocals,5.352911024137471,4.230449282961308,-1.0506659405937935,-1.387741019367378
spleeter,Mu_-_Too_Bright,delay_l3,delay,3,drums,10.787423671107737,10.413045816466514,-0.22740045848488322,-0.24905622834286412
spleeter,Mu_-_Too_Bright,delay_l3,delay,3,bass,2.767275785039538,0.9184560488645872,-0.15641312529093376,-0.10223505170629399
spleeter,Mu_-_Too_Bright,delay_l3,delay,3,other,3.355248873046805,0.7905562020201234,-0.5041854470113027,-0.8356915314807626
spleeter,Mu_-_Too_Bright,delay_l4,delay,4,vocals,4.820010528256221,3.4512787349219476,-1.583566436475044,-2.1669115674067383
spleeter,Mu_-_Too_Bright,delay_l4,delay,4,drums,10.75314618211632,10.376670323203232,-0.2616779474763007,-0.2854317216061464
spleeter,Mu_-_Too_Bright,delay_l4,delay,4,bass,2.7006144472447446,0.8135910184042707,-0.2230744630857271,-0.20710008216661047
spleeter,Mu_-_Too_Bright,delay_l4,delay,4,other,3.016188715434836,0.23458840235637132,-0.8432456046232719,-1.3916593311445147
spleeter,Mu_-_Too_Bright,original,original,0,vocals,6.403576964731265,5.618190302328686,0.0,0.0
spleeter,Mu_-_Too_Bright,original,original,0,drums,11.01482412959262,10.662102044809378,0.0,0.0
spleeter,Mu_-_Too_Bright,original,original,0,bass,2.9236889103304717,1.0206911005708812,0.0,0.0
spleeter,Mu_-_Too_Bright,original,original,0,other,3.859434320058108,1.626247733500886,0.0,0.0
spleeter,Mu_-_Too_Bright,reverb_l1,reverb,1,vocals,6.361163280872373,5.558317197057734,-0.04241368385889199,-0.059873105270951577
spleeter,Mu_-_Too_Bright,reverb_l1,reverb,1,drums,10.993113960412062,10.638326338872977,-0.021710169180558125,-0.023775705936401437
spleeter,Mu_-_Too_Bright,reverb_l1,reverb,1,bass,2.871757437908966,0.9407329261824284,-0.05193147242150564,-0.07995817438845276
spleeter,Mu_-_Too_Bright,reverb_l1,reverb,1,other,3.8520154997289002,1.6126255919104469,-0.007418820329207598,-0.013622141590439174
spleeter,Mu_-_Too_Bright,reverb_l2,reverb,2,vocals,5.8482046437212185,4.8690439434996735,-0.5553723210100463,-0.7491463588290124
spleeter,Mu_-_Too_Bright,reverb_l2,reverb,2,drums,10.977272098184354,10.622177908708867,-0.03755203140826602,-0.039924136100511376
spleeter,Mu_-_Too_Bright,reverb_l2,reverb,2,bass,2.5928147924734626,0.5771464396042798,-0.33087411785700915,-0.4435446609666014
spleeter,Mu_-_Too_Bright,reverb_l2,reverb,2,other,3.576018916665222,1.179122412638032,-0.28341540339288596,-0.44712532086285406
spleeter,Mu_-_Too_Bright,reverb_l3,reverb,3,vocals,5.58293439545705,4.451699839350426,-0.8206425692742148,-1.1664904629782598
spleeter,Mu_-_Too_Bright,reverb_l3,reverb,3,drums,11.104044676881752,10.762464495432596,0.08922054728913231,0.10036245062321747
spleeter,Mu_-_Too_Bright,reverb_l3,reverb,3,bass,2.462798064220303,0.38303465758066213,-0.4608908461101686,-0.6376564429902191
spleeter,Mu_-_Too_Bright,reverb_l3,reverb,3,other,3.3836271734419676,0.9134397719787306,-0.4758071466161402,-0.7128079615221554
spleeter,Mu_-_Too_Bright,reverb_l4,reverb,4,vocals,5.587799374466195,4.438224853983739,-0.8157775902650695,-1.179965448344947
spleeter,Mu_-_Too_Bright,reverb_l4,reverb,4,drums,11.22971806595036,10.89843483039651,0.2148939363577398,0.23633278558713222
spleeter,Mu_-_Too_Bright,reverb_l4,reverb,4,bass,2.4865611807191654,0.41566065838452515,-0.4371277296113063,-0.605030442186356
spleeter,Mu_-_Too_Bright,reverb_l4,reverb,4,other,3.352590829857208,0.8827395500707507,-0.5068434902008998,-0.7435081834301354
demucs,Mu_-_Too_Bright,bitcrush_l1,bitcrush,1,vocals,10.032054547629055,9.578134469228596,-0.1974254609963424,-0.23961732848846395
demucs,Mu_-_Too_Bright,bitcrush_l1,bitcrush,1,drums,14.789289978143973,14.64288603301788,-0.20754141104742097,-0.21432866055541488
demucs,Mu_-_Too_Bright,bitcrush_l1,bitcrush,1,bass,5.141733209032014,4.664732990481954,0.19886180695235112,0.20910908157817776
demucs,Mu_-_Too_Bright,bitcrush_l1,bitcrush,1,other,6.95141596344736,5.979617045029148,0.12265235497899774,0.13889437569447427
demucs,Mu_-_Too_Bright,bitcrush_l2,bitcrush,2,vocals,10.047735241791356,9.595674990427213,-0.18174476683404173,-0.2220768072898469
demucs,Mu_-_Too_Bright,bitcrush_l2,bitcrush,2,drums,14.714695485809564,14.56593079326445,-0.28213590338183003,-0.2912839003088461
demucs,Mu_-_Too_Bright,bitcrush_l2,bitcrush,2,bass,4.893789250765773,4.4094965062548965,-0.04908215131388971,-0.04612740264887982
demucs,Mu_-_Too_Bright,bitcrush_l2,bitcrush,2,other,6.806698600097551,5.798222884684812,-0.022065008370811157,-0.042499784649861816
demucs,Mu_-_Too_Bright,bitcrush_l3,bitcrush,3,vocals,10.026096161716412,9.571432846349017,-0.20338384690898614,-0.2463189513680426
demucs,Mu_-_Too_Bright,bitcrush_l3,bitcrush,3,drums,14.729137532863986,14.580826665158217,-0.2676938563274085,-0.27638802841507903
demucs,Mu_-_Too_Bright,bitcrush_l3,bitcrush,3,bass,5.080557159525076,4.601959074270289,0.13768575744541245,0.14633516536651303
demucs,Mu_-_Too_Bright,bitcrush_l3,bitcrush,3,other,6.919770385780249,5.939436695914844,0.091006777311887,0.09871402658017026
demucs,Mu_-_Too_Bright,bitcrush_l4,bitcrush,4,vocals,9.645221621773457,9.148061490368969,-0.5842583868519409,-0.6696903073480911
demucs,Mu_-_Too_Bright,bitcrush_l4,bitcrush,4,drums,14.44337401011948,14.287375533145648,-0.5534573790719133,-0.569839160427648
demucs,Mu_-_Too_Bright,bitcrush_l4,bitcrush,4,bass,4.763037678212439,4.268940467572796,-0.1798337238672243,-0.18668344133098014
demucs,Mu_-_Too_Bright,bitcrush_l4,bitcrush,4,other,6.751090587738736,5.7272749369502804,-0.0776730207296259,-0.11344773238439299
demucs,Mu_-_Too_Bright,compression_l1,compression,1,vocals,10.061187296502796,9.631244217541212,-0.16829271212260188,-0.18650758017584756
demucs,Mu_-_Too_Bright,compression_l1,compression,1,drums,14.899086689019978,14.75620729481179,-0.09774470017141645,-0.10100739876150477
demucs,Mu_-_Too_Bright,compression_l1,compression,1,bass,5.291245560030524,4.801545566367106,0.348374157950861,0.3459216574633297
demucs,Mu_-_Too_Bright,compression_l1,compression,1,other,6.935033923087969,5.973867883172649,0.10627031461960712,0.13314521383797562
demucs,Mu_-_Too_Bright,compression_l2,compression,2,vocals,9.720661467121497,9.254934599783446,-0.508818541503901,-0.5628171979336134
demucs,Mu_-_Too_Bright,compression_l2,compression,2,drums,14.791124211979769,14.644578516673345,-0.20570717721162524,-0.2126361768999505
demucs,Mu_-_Too_Bright,compression_l2,compression,2,bass,5.585979878802587,5.108677859065026,0.643108476722924,0.65305395016125
demucs,Mu_-_Too_Bright,compression_l2,compression,2,other,6.943617375726064,5.986297911048199,0.11485376725770191,0.14557524171352565
demucs,Mu_-_Too_Bright,compression_l3,compression,3,vocals,9.484975168320783,8.990755934116665,-0.7445048403046144,-0.8269958636003949
demucs,Mu_-_Too_Bright,compression_l3,compression,3,drums,14.587325509052697,14.433747197622658,-0.40950588013869726,-0.4234674959506375
demucs,Mu_-_Too_Bright,compression_l3,compression,3,bass,5.242085217336765,4.757410228498423,0.2992138152571018,0.30178631959464663
demucs,Mu_-_Too_Bright,compression_l3,compression,3,other,6.764315598464452,5.768834551708003,-0.0644480100039102,-0.07188811762667058
demucs,Mu_-_Too_Bright,compression_l4,compression,4,vocals,9.535336023622277,9.051429234752922,-0.6941439850031212,-0.7663225629641381
demucs,Mu_-_Too_Bright,compression_l4,compression,4,drums,14.685526728735033,14.53541641206471,-0.3113046604563614,-0.32179828150858647
demucs,Mu_-_Too_Bright,compression_l4,compression,4,bass,5.150833189820166,4.666825203982159,0.2079617877405031,0.21120129507838303
demucs,Mu_-_Too_Bright,compression_l4,compression,4,other,6.711514478541702,5.699012747379907,-0.1172491299266607,-0.1417099219547664
demucs,Mu_-_Too_Bright,delay_l1,delay,1,vocals,9.738564231743066,9.27081797097331,-0.490915776882332,-0.54693382674375
demucs,Mu_-_Too_Bright,delay_l1,delay,1,drums,14.96615252518109,14.825499826847498,-0.030678864010303286,-0.03171486672579782
demucs,Mu_-_Too_Bright,delay_l1,delay,1,bass,5.0058907127675365,4.503543605663361,0.06301931068787336,0.04791969675958452
demucs,Mu_-_Too_Bright,delay_l1,delay,1,other,6.7359462991912435,5.725015922395301,-0.09281730927711873,-0.115706746939372
demucs,Mu_-_Too_Bright,delay_l2,delay,2,vocals,8.909662154814592,8.340231553998454,-1.3198178538108056,-1.4775202437186064
demucs,Mu_-_Too_Bright,delay_l2,delay,2,drums,14.43922555188596,14.280099431909042,-0.5576058373054344,-0.5771152616642539
demucs,Mu_-_Too_Bright,delay_l2,delay,2,bass,5.600850013197665,5.132716785748336,0.6579786111180015,0.6770928768445597
demucs,Mu_-_Too_Bright,delay_l2,delay,2,other,6.5087134654515255,5.420609453103129,-0.32005014301683676,-0.4201132162315444
demucs,Mu_-_Too_Bright,delay_l3,delay,3,vocals,8.285702507747539,7.610905774608751,-1.943777500877859,-2.2068460231083087
demucs,Mu_-_Too_Bright,delay_l3,delay,3,drums,14.27732185512,14.112343211960379,-0.7195095340713937,-0.7448714816129165
demucs,Mu_-_Too_Bright,delay_l3,delay,3,bass,5.4499226267400775,4.969398222968465,0.5070512246604144,0.5137743140646887
demucs,Mu_-_Too_Bright,delay_l3,delay,3,other,6.107542106508478,4.894615829471361,-0.7212215019598842,-0.9461068398633126
demucs,Mu_-_Too_Bright,delay_l4,delay,4,vocals,7.691984280069766,6.908580897196925,-2.5374957285556317,-2.9091709005201345
demucs,Mu_-_Too_Bright,delay_l4,delay,4,drums,14.0710772201431,13.897797855736673,-0.9257541690482949,-0.9594168378366223
demucs,Mu_-_Too_Bright,delay_l4,delay,4,bass,6.060438880211233,5.60968435854507,1.11756747813157,1.1540604496412934
demucs,Mu_-_Too_Bright,delay_l4,delay,4,other,6.003132025928956,4.754670143151667,-0.8256315825394065,-1.086052526183006
demucs,Mu_-_Too_Bright,original,original,0,vocals,10.229480008625398,9.81775179771706,0.0,0.0
demucs,Mu_-_Too_Bright,original,original,0,drums,14.996831389191394,14.857214693573296,0.0,0.0
demucs,Mu_-_Too_Bright,original,original,0,bass,4.942871402079663,4.455623908903776,0.0,0.0
demucs,Mu_-_Too_Bright,original,original,0,other,6.828763608468362,5.840722669334673,0.0,0.0
demucs,Mu_-_Too_Bright,reverb_l1,reverb,1,vocals,9.792415553979525,9.328644915772749,-0.4370644546458724,-0.48910688194431096
demucs,Mu_-_Too_Bright,reverb_l1,reverb,1,drums,14.984393907219935,14.844432616721367,-0.012437481971458553,-0.012782076851928892
demucs,Mu_-_Too_Bright,reverb_l1,reverb,1,bass,4.9577091971518685,4.462005276842069,0.014837795072205395,0.00638136793829247
demucs,Mu_-_Too_Bright,reverb_l1,reverb,1,other,6.779469457041005,5.775304494353428,-0.04929415142735749,-0.06541817498124569
demucs,Mu_-_Too_Bright,reverb_l2,reverb,2,vocals,8.56267960164857,7.918808810671738,-1.6668004069768276,-1.8989429870453218
demucs,Mu_-_Too_Bright,reverb_l2,reverb,2,drums,14.837303327779638,14.69252189397961,-0.15952806141175557,-0.164692799593686
demucs,Mu_-_Too_Bright,reverb_l2,reverb,2,bass,4.46755321013597,3.945922050012642,-0.4753181919436935,-0.5097018588911344
demucs,Mu_-_Too_Bright,reverb_l2,reverb,2,other,5.9011373430531755,4.611306691975604,-0.9276262654151868,-1.2294159773590696
demucs,Mu_-_Too_Bright,reverb_l3,reverb,3,vocals,7.870214536269932,7.099610421830503,-2.3592654723554656,-2.7181413758865567
demucs,Mu_-_Too_Bright,reverb_l3,reverb,3,drums,15.051233594549679,14.913471778957074,0.05440220535828466,0.056257085383778715
demucs,Mu_-_Too_Bright,reverb_l3,reverb,3,bass,4.1990089697539,3.675004474282912,-0.7438624323257628,-0.7806194346208644
demucs,Mu_-_Too_Bright,reverb_l3,reverb,3,other,5.361411790167102,3.886996370401696,-1.4673518183012604,-1.9537262989329776
demucs,Mu_-_Too_Bright,reverb_l4,reverb,4,vocals,7.7090975127409855,6.904193302301618,-2.5203824958844123,-2.913558495415442
demucs,Mu_-_Too_Bright,reverb_l4,reverb,4,drums,15.268913801175144,15.137976519246257,0.2720824119837495,0.28076182567296115
demucs,Mu_-_Too_Bright,reverb_l4,reverb,4,bass,4.316738721792029,3.791461335577475,-0.6261326802876344,-0.6641625733263012
demucs,Mu_-_Too_Bright,reverb_l4,reverb,4,other,5.292520693333805,3.8018814506073295,-1.5362429151345571,-2.038841218727344
spleeter,Nerve_9_-_Pray_For_The_Rain,bitcrush_l1,bitcrush,1,vocals,6.717850171025514,5.682557749013361,-0.6061085153987928,-0.7579313451728815
spleeter,Nerve_9_-_Pray_For_The_Rain,bitcrush_l1,bitcrush,1,drums,8.583203829791882,7.935564460995499,-0.04745909051889896,-0.055525531041449305
spleeter,Nerve_9_-_Pray_For_The_Rain,bitcrush_l1,bitcrush,1,bass,4.728180116578599,2.9469860723350196,0.0018512609634999677,0.0029866017169783987
spleeter,Nerve_9_-_Pray_For_The_Rain,bitcrush_l1,bitcrush,1,other,5.796104301666877,4.874411109734313,-0.07346868656862249,-0.06872042924557231
spleeter,Nerve_9_-_Pray_For_The_Rain,bitcrush_l2,bitcrush,2,vocals,6.716583610777302,5.681024189965819,-0.6073750756470053,-0.7594649042204233
spleeter,Nerve_9_-_Pray_For_The_Rain,bitcrush_l2,bitcrush,2,drums,8.582409236917796,7.934635275064206,-0.048253683392985636,-0.05645471697274207
spleeter,Nerve_9_-_Pray_For_The_Rain,bitcrush_l2,bitcrush,2,bass,4.728129209956115,2.9469015554347324,0.0018003543410154421,0.002902084816691186
spleeter,Nerve_9_-_Pray_For_The_Rain,bitcrush_l2,bitcrush,2,other,5.795832707445374,4.873612419352511,-0.07374028079012529,-0.06951911962737345
spleeter,Nerve_9_-_Pray_For_The_Rain,bitcrush_l3,bitcrush,3,vocals,6.712979809613372,5.676508752301488,-0.6109788768109352,-0.7639803418847544
spleeter,Nerve_9_-_Pray_For_The_Rain,bitcrush_l3,bitcrush,3,drums,8.576821940819743,7.928100443586769,-0.05384097949103861,-0.06298954845017946
spleeter,Nerve_9_-_Pray_For_The_Rain,bitcrush_l3,bitcrush,3,bass,4.735295170662455,2.9577686444157374,0.008966315047355344,0.013769173797696155
spleeter,Nerve_9_-_Pray_For_The_Rain,bitcrush_l3,bitcrush,3,other,5.800847538559992,4.878905919633318,-0.0687254496755072,-0.06422561934656645
spleeter,Nerve_9_-_Pray_For_The_Rain,bitcrush_l4,bitcrush,4,vocals,6.612510452497008,5.5502369318645695,-0.7114482339272987,-0.8902521623216728
spleeter,Nerve_9_-_Pray_For_The_Rain,bitcrush_l4,bitcrush,4,drums,8.547680942839898,7.894206400941074,-0.0829819774708831,-0.09688359109587452
spleeter,Nerve_9_-_Pray_For_The_Rain,bitcrush_l4,bitcrush,4,bass,4.786297083809855,3.0336516764119033,0.059968228194756,0.08965220579386202
spleeter,Nerve_9_-_Pray_For_The_Rain,bitcrush_l4,bitcrush,4,other,5.782496570638997,4.8501861815428455,-0.08707641759650286,-0.09294535743703936
spleeter,Nerve_9_-_Pray_For_The_Rain,compression_l1,compression,1,vocals,7.225877917026918,6.321729693724146,-0.09808076939738886,-0.11875940046209621
spleeter,Nerve_9_-_Pray_For_The_Rain,compression_l1,compression,1,drums,8.621959664135435,7.98093409957786,-0.008703256175346397,-0.0101558924590881
spleeter,Nerve_9_-_Pray_For_The_Rain,compression_l1,compression,1,bass,4.726442405454896,2.944274033703439,0.00011354983979661171,0.0002745630853979719
spleeter,Nerve_9_-_Pray_For_The_Rain,compression_l1,compression,1,other,5.832457735484349,4.891294863462902,-0.037115252751150685,-0.05183667551698257
spleeter,Nerve_9_-_Pray_For_The_Rain,compression_l2,compression,2,vocals,7.204398085769665,6.29726030010905,-0.11956060065464236,-0.14322879407719213
spleeter,Nerve_9_-_Pray_For_The_Rain,compression_l2,compression,2,drums,8.60819221997179,7.964771055255121,-0.022470700338990568,-0.026318936781827063
spleeter,Nerve_9_-_Pray_For_The_Rain,compression_l2,compression,2,bass,4.7339630926719805,2.955816210447776,0.007634237056881155,0.011816739829734857
spleeter,Nerve_9_-_Pray_For_The_Rain,compression_l2,compression,2,other,5.845253378523427,4.899152161104837,-0.024319609712072143,-0.04397937787504791
spleeter,Nerve_9_-_Pray_For_The_Rain,compression_l3,compression,3,vocals,7.299311301609887,6.414843299982386,-0.024647384814420192,-0.025645794203856376
spleeter,Nerve_9_-_Pray_For_The_Rain,compression_l3,compression,3,drums,8.579223568896296,7.9309082646621265,-0.0514393514144853,-0.06018172737482175
spleeter,Nerve_9_-_Pray_For_The_Rain,compression_l3,compression,3,bass,4.748987421963347,2.9782783950984166,0.022658566348248144,0.034278924480375395
spleeter,Nerve_9_-_Pray_For_The_Rain,compression_l3,compression,3,other,5.920851964807456,4.98368183167908,0.05127897657195657,0.04055029269919519
spleeter,Nerve_9_-_Pray_For_The_Rain,compression_l4,compression,4,vocals,7.135409581979734,6.207045597147273,-0.18854910444457307,-0.23344349703896938
spleeter,Nerve_9_-_Pray_For_The_Rain,compression_l4,compression,4,drums,8.439548050126264,7.768225102631318,-0.19111487018451712,-0.22286488940563043
spleeter,Nerve_9_-_Pray_For_The_Rain,compression_l4,compression,4,bass,4.694916160485457,2.8955098464058118,-0.03141269512964229,-0.048489624212229465
spleeter,Nerve_9_-_Pray_For_The_Rain,compression_l4,compression,4,other,5.81648705223725,4.894427449516677,-0.053085935998249845,-0.048704089463208255
spleeter,Nerve_9_-_Pray_For_The_Rain,delay_l1,delay,1,vocals,6.9946422150576595,6.030779521801314,-0.32931647136664743,-0.4097095723849282
spleeter,Nerve_9_-_Pray_For_The_Rain,delay_l1,delay,1,drums,8.617408778118563,7.975359865932791,-0.013254142192218765,-0.015730126104156916
spleeter,Nerve_9_-_Pray_For_The_Rain,delay_l1,delay,1,bass,4.7262733831350925,2.9441140758609126,-5.547248000681293e-05,0.00011460524287132401
spleeter,Nerve_9_-_Pray_For_The_Rain,delay_l1,delay,1,other,5.708103628652932,4.758793640601125,-0.16146935958256758,-0.18433789837876002
spleeter,Nerve_9_-_Pray_For_The_Rain,delay_l2,delay,2,vocals,6.572462752271068,5.492896394222124,-0.7514959341532386,-0.947592699964118
spleeter,Nerve_9_-_Pray_For_The_Rain,delay_l2,delay,2,drums,8.561099341984045,7.909902519291265,-0.06956357832673632,-0.08118747274568339
spleeter,Nerve_9_-_Pray_For_The_Rain,delay_l2,delay,2,bass,4.723950881508553,2.9399063381689263,-0.00237797410654661,-0.004093132449114911
spleeter,Nerve_9_-_Pray_For_The_Rain,delay_l2,delay,2,other,5.495959784824011,4.540163977331403,-0.3736132034114883,-0.4029675616484818
spleeter,Nerve_9_-_Pray_For_The_Rain,delay_l3,delay,3,vocals,6.070957169060362,4.840195115456865,-1.2530015173639448,-1.6002939787293773
spleeter,Nerve_9_-_Pray_For_The_Rain,delay_l3,delay,3,drums,8.56147605990263,7.910271605985544,-0.06918686040815203,-0.08081838605140401
spleeter,Nerve_9_-_Pray_For_The_Rain,delay_l3,delay,3,bass,4.770046105181228,3.008894574350844,0.04371724956612866,0.06489510373280272
spleeter,Nerve_9_-_Pray_For_The_Rain,delay_l3,delay,3,other,5.235293376457639,4.245842773428193,-0.6342796117778606,-0.6972887655516917
spleeter,Nerve_9_-_Pray_For_The_Rain,delay_l4,delay,4,vocals,5.481981078287465,4.046391596771625,-1.8419776081368422,-2.3940974974146174
spleeter,Nerve_9_-_Pray_For_The_Rain,delay_l4,delay,4,drums,8.525165066986789,7.86797952518824,-0.10549785332399253,-0.12311046684870863
spleeter,Nerve_9_-_Pray_For_The_Rain,delay_l4,delay,4,bass,4.755773191418447,2.987523997878449,0.0294443358033476,0.0435245272604079
spleeter,Nerve_9_-_Pray_For_The_Rain,delay_l4,delay,4,other,4.899058585290285,3.865998486561984,-0.9705144029452146,-1.077133052417901
spleeter,Nerve_9_-_Pray_For_The_Rain,original,original,0,vocals,7.323958686424307,6.440489094186242,0.0,0.0
spleeter,Nerve_9_-_Pray_For_The_Rain,original,original,0,drums,8.630662920310781,7.991089992036948,0.0,0.0
spleeter,Nerve_9_-_Pray_For_The_Rain,original,original,0,bass,4.726328855615099,2.9439994706180412,0.0,0.0
spleeter,Nerve_9_-_Pray_For_The_Rain,original,original,0,other,5.8695729882354994,4.943131538979885,0.0,0.0
spleeter,Nerve_9_-_Pray_For_The_Rain,reverb_l1,reverb,1,vocals,7.284536791487395,6.390824985234403,-0.03942189493691206,-0.04966410895183948
spleeter,Nerve_9_-_Pray_For_The_Rain,reverb_l1,reverb,1,drums,8.619666361764635,7.978332994491039,-0.010996558546146673,-0.012756997545909421
spleeter,Nerve_9_-_Pray_For_The_Rain,reverb_l1,reverb,1,bass,4.745070431868913,2.9724062435098997,0.018741576253813896,0.028406772891858445
spleeter,Nerve_9_-_Pray_For_The_Rain,reverb_l1,reverb,1,other,5.867764219983867,4.955008556862198,-0.0018087682516325643,0.011877017882313545
spleeter,Nerve_9_-_Pray_For_The_Rain,reverb_l2,reverb,2,vocals,6.46276686480309,5.351417857966392,-0.8611918216212171,-1.0890712362198505
spleeter,Nerve_9_-_Pray_For_The_Rain,reverb_l2,reverb,2,drums,8.606010469554894,7.9621022929618865,-0.0246524507558874,-0.028987699075061713
spleeter,Nerve_9_-_Pray_For_The_Rain,reverb_l2,reverb,2,bass,4.763475867307312,3.0014925485576427,0.03714701169221257,0.057493077939601456
spleeter,Nerve_9_-_Pray_For_The_Rain,reverb_l2,reverb,2,other,5.448286636169505,4.525888628225854,-0.4212863520659944,-0.4172429107540312
spleeter,Nerve_9_-_Pray_For_The_Rain,reverb_l3,reverb,3,vocals,5.718076020467163,4.369198616535416,-1.605882665957144,-2.071290477650826
spleeter,Nerve_9_-_Pray_For_The_Rain,reverb_l3,reverb,3,drums,8.615917482774261,7.973476580898675,-0.014745437536520356,-0.017613411138273527
spleeter,Nerve_9_-_Pray_For_The_Rain,reverb_l3,reverb,3,bass,4.7354723091135575,2.9608560554296792,0.009143453498458243,0.016856584811637987
spleeter,Nerve_9_-_Pray_For_The_Rain,reverb_l3,reverb,3,other,4.990211959665153,4.049464140869105,-0.8793610285703464,-0.8936673981107797
spleeter,Nerve_9_-_Pray_For_The_Rain,reverb_l4,reverb,4,vocals,5.536648806103588,4.120002889196364,-1.787309880320719,-2.3204862049898782
spleeter,Nerve_9_-_Pray_For_The_Rain,reverb_l4,reverb,4,drums,8.630839458838926,7.990759201493819,0.00017653852814447646,-0.00033079054312956657
spleeter,Nerve_9_-_Pray_For_The_Rain,reverb_l4,reverb,4,bass,4.723062985965846,2.9419472084246374,-0.003265869649252906,-0.00205226219340382
spleeter,Nerve_9_-_Pray_For_The_Rain,reverb_l4,reverb,4,other,4.866183437593945,3.9148808255275624,-1.0033895506415549,-1.0282507134523224
demucs,Nerve_9_-_Pray_For_The_Rain,bitcrush_l1,bitcrush,1,vocals,8.325340694854916,7.639874120430586,-0.2005846468204151,-0.23133696561674366
demucs,Nerve_9_-_Pray_For_The_Rain,bitcrush_l1,bitcrush,1,drums,12.849239791643154,12.617866938117071,-0.1710780315472462,-0.18109573153150826
demucs,Nerve_9_-_Pray_For_The_Rain,bitcrush_l1,bitcrush,1,bass,8.0171507727023,7.305620156258943,-0.02565003441506697,-0.03246940158802758
demucs,Nerve_9_-_Pray_For_The_Rain,bitcrush_l1,bitcrush,1,other,7.673756894418997,6.980991580487142,-0.09020296439530995,-0.07236678940526708
demucs,Nerve_9_-_Pray_For_The_Rain,bitcrush_l2,bitcrush,2,vocals,8.311486723676442,7.624571662404836,-0.21443861799888886,-0.24663942364249358
demucs,Nerve_9_-_Pray_For_The_Rain,bitcrush_l2,bitcrush,2,drums,12.847278089470144,12.615857122133878,-0.17303973372025538,-0.18310554751470143
demucs,Nerve_9_-_Pray_For_The_Rain,bitcrush_l2,bitcrush,2,bass,8.02086162661646,7.314827215205687,-0.021939180500906375,-0.02326234264128324
demucs,Nerve_9_-_Pray_For_The_Rain,bitcrush_l2,bitcrush,2,other,7.679616727658457,6.9861696603850545,-0.08434313115584935,-0.0671887095073549
demucs,Nerve_9_-_Pray_For_The_Rain,bitcrush_l3,bitcrush,3,vocals,8.256104021362953,7.558983581016236,-0.2698213203123778,-0.3122275050310943
demucs,Nerve_9_-_Pray_For_The_Rain,bitcrush_l3,bitcrush,3,drums,12.876048594877933,12.646184146968697,-0.14426922831246713,-0.152778522679883
demucs,Nerve_9_-_Pray_For_The_Rain,bitcrush_l3,bitcrush,3,bass,8.089216133171078,7.391311198207778,0.04641532605371168,0.053221640360807676
demucs,Nerve_9_-_Pray_For_The_Rain,bitcrush_l3,bitcrush,3,other,7.659327718231338,6.972511595145715,-0.10463214058296888,-0.08084677474669455
demucs,Nerve_9_-_Pray_For_The_Rain,bitcrush_l4,bitcrush,4,vocals,7.914349907110216,7.159467125189083,-0.6115754345651148,-0.7117439608582465
demucs,Nerve_9_-_Pray_For_The_Rain,bitcrush_l4,bitcrush,4,drums,12.806504680361279,12.572761890452796,-0.213813142829121,-0.22620077919578385
demucs,Nerve_9_-_Pray_For_The_Rain,bitcrush_l4,bitcrush,4,bass,8.049258264150128,7.3448288185727195,0.006457457032761127,0.006739260725749041
demucs,Nerve_9_-_Pray_For_The_Rain,bitcrush_l4,bitcrush,4,other,7.4464366616204325,6.745063679375037,-0.3175231971938741,-0.30829469051737224
demucs,Nerve_9_-_Pray_For_The_Rain,compression_l1,compression,1,vocals,8.402595563662533,7.726640740536423,-0.12332977801279732,-0.14457034551090686
demucs,Nerve_9_-_Pray_For_The_Rain,compression_l1,compression,1,drums,13.020640541333666,12.799086319171952,0.00032271814326634285,0.0001236495233722934
demucs,Nerve_9_-_Pray_For_The_Rain,compression_l1,compression,1,bass,8.07323395111067,7.367585622360845,0.03043314399330299,0.02949606451387421
demucs,Nerve_9_-_Pray_For_The_Rain,compression_l1,compression,1,other,7.708725898863042,6.987366569291597,-0.055233959951264566,-0.06599180060081267
demucs,Nerve_9_-_Pray_For_The_Rain,compression_l2,compression,2,vocals,8.493727845578077,7.832610662957869,-0.032197496097253975,-0.03860042308946099
demucs,Nerve_9_-_Pray_For_The_Rain,compression_l2,compression,2,drums,12.977180764343386,12.753671090625279,-0.04313705884701413,-0.045291579023301054
demucs,Nerve_9_-_Pray_For_The_Rain,compression_l2,compression,2,bass,8.01945763894052,7.308176290483339,-0.02334316817684723,-0.029913267363631313
demucs,Nerve_9_-_Pray_For_The_Rain,compression_l2,compression,2,other,7.746454415852711,7.02566937345728,-0.017505442961595286,-0.027688996435129454
demucs,Nerve_9_-_Pray_For_The_Rain,compression_l3,compression,3,vocals,8.685054079564816,8.054073109074391,0.15912873788948545,0.18286202302706123
demucs,Nerve_9_-_Pray_For_The_Rain,compression_l3,compression,3,drums,12.943374637566261,12.7177962877463,-0.07694318562413827,-0.0811663819022801
demucs,Nerve_9_-_Pray_For_The_Rain,compression_l3,compression,3,bass,8.020310556787063,7.3058124007643235,-0.022490250330303496,-0.032277157082647
demucs,Nerve_9_-_Pray_For_The_Rain,compression_l3,compression,3,other,7.862856751478786,7.159744230177013,0.0988968926644791,0.10638586028460395
demucs,Nerve_9_-_Pray_For_The_Rain,compression_l4,compression,4,vocals,8.81740288582057,8.206123772859167,0.2914775441452395,0.33491268681183683
demucs,Nerve_9_-_Pray_For_The_Rain,compression_l4,compression,4,drums,12.919430289896557,12.692608278236655,-0.10088753329384303,-0.10635439141192471
demucs,Nerve_9_-_Pray_For_The_Rain,compression_l4,compression,4,bass,8.01020106301753,7.295676590985555,-0.032599744099837125,-0.04241296686141549
demucs,Nerve_9_-_Pray_For_The_Rain,compression_l4,compression,4,other,7.947397439026187,7.24967231903542,0.18343758021187995,0.19631394914301037
demucs,Nerve_9_-_Pray_For_The_Rain,delay_l1,delay,1,vocals,8.320966948766866,7.63313522876937,-0.2049583929084644,-0.23807585727796
demucs,Nerve_9_-_Pray_For_The_Rain,delay_l1,delay,1,drums,13.003128069135197,12.780598620011588,-0.0171897540552024,-0.018364049636991453
demucs,Nerve_9_-_Pray_For_The_Rain,delay_l1,delay,1,bass,8.070199353625597,7.3618947521000875,0.02739854650823048,0.023805194253117
demucs,Nerve_9_-_Pray_For_The_Rain,delay_l1,delay,1,other,7.691731250043933,6.961235371492935,-0.07222860877037363,-0.09212299839947402
demucs,Nerve_9_-_Pray_For_The_Rain,delay_l2,delay,2,vocals,7.703384908403138,6.91203367853173,-0.8225404332721924,-0.9591774075156003
demucs,Nerve_9_-_Pray_For_The_Rain,delay_l2,delay,2,drums,12.952189811072044,12.726832436370533,-0.06812801211835584,-0.07213023327804713
demucs,Nerve_9_-_Pray_For_The_Rain,delay_l2,delay,2,bass,8.051464326101197,7.340722273473913,0.008663518983830443,0.002632715626942783
demucs,Nerve_9_-_Pray_For_The_Rain,delay_l2,delay,2,other,7.317739184861571,6.549532282241184,-0.4462206739527357,-0.503826087651225
demucs,Nerve_9_-_Pray_For_The_Rain,delay_l3,delay,3,vocals,7.459028096580255,6.6238599855358915,-1.0668972450950758,-1.2473511005114384
demucs,Nerve_9_-_Pray_For_The_Rain,delay_l3,delay,3,drums,12.924727049528146,12.698131805043008,-0.09559077366225388,-0.10083086460557134
demucs,Nerve_9_-_Pray_For_The_Rain,delay_l3,delay,3,bass,7.958232749853811,7.23887697753669,-0.08456805726355565,-0.09921258031028035
demucs,Nerve_9_-_Pray_For_The_Rain,delay_l3,delay,3,other,7.156025505006288,6.3404222249580435,-0.6079343538080186,-0.7129361449343659
demucs,Nerve_9_-_Pray_For_The_Rain,delay_l4,delay,4,vocals,6.704946294169767,5.690426754831987,-1.8209790475055634,-2.180784331215343
demucs,Nerve_9_-_Pray_For_The_Rain,delay_l4,delay,4,drums,12.860458474330695,12.630223910472893,-0.15985934885970465,-0.16873875917568704
demucs,Nerve_9_-_Pray_For_The_Rain,delay_l4,delay,4,bass,7.9112221479716025,7.1754176736244135,-0.13157865914576394,-0.16267188422255696
demucs,Nerve_9_-_Pray_For_The_Rain,delay_l4,delay,4,other,6.654970811496131,5.745095323325394,-1.1089890473181754,-1.3082630465670153
demucs,Nerve_9_-_Pray_For_The_Rain,original,original,0,vocals,8.52592534167533,7.87121108604733,0.0,0.0
demucs,Nerve_9_-_Pray_For_The_Rain,original,original,0,drums,13.0203178231904,12.79896266964858,0.0,0.0
demucs,Nerve_9_-_Pray_For_The_Rain,original,original,0,bass,8.042800807117366,7.3380895578469705,0.0,0.0
demucs,Nerve_9_-_Pray_For_The_Rain,original,original,0,other,7.763959858814307,7.053358369892409,0.0,0.0
demucs,Nerve_9_-_Pray_For_The_Rain,reverb_l1,reverb,1,vocals,8.394087628408503,7.717881668423621,-0.1318377132668278,-0.15332941762370922
demucs,Nerve_9_-_Pray_For_The_Rain,reverb_l1,reverb,1,drums,13.006841527722983,12.784723339917113,-0.013476295467416577,-0.01423932973146691
demucs,Nerve_9_-_Pray_For_The_Rain,reverb_l1,reverb,1,bass,8.047487836208523,7.344265459592637,0.0046870290911567025,0.006175901745666401
demucs,Nerve_9_-_Pray_For_The_Rain,reverb_l1,reverb,1,other,7.702201133721238,6.980489565897393,-0.061758725093068456,-0.07286880399501605
demucs,Nerve_9_-_Pray_For_The_Rain,reverb_l2,reverb,2,vocals,7.424299920363189,6.578102739918541,-1.101625421312142,-1.2931083461287889
demucs,Nerve_9_-_Pray_For_The_Rain,reverb_l2,reverb,2,drums,13.027942552986334,12.806687288251066,0.00762472979593376,0.0077246186024861885
demucs,Nerve_9_-_Pray_For_The_Rain,reverb_l2,reverb,2,bass,7.977580653034365,7.257492078976594,-0.06522015408300152,-0.08059747887037627
demucs,Nerve_9_-_Pray_For_The_Rain,reverb_l2,reverb,2,other,7.0848070380314345,6.329736964759882,-0.6791528207828721,-0.7236214051325272
demucs,Nerve_9_-_Pray_For_The_Rain,reverb_l3,reverb,3,vocals,6.00105198313774,4.814416245223059,-2.524873358537591,-3.0567948408242707
demucs,Nerve_9_-_Pray_For_The_Rain,reverb_l3,reverb,3,drums,13.09008366611739,12.87241770780851,0.06976584292699073,0.07345503815992949
demucs,Nerve_9_-_Pray_For_The_Rain,reverb_l3,reverb,3,bass,7.986045164964968,7.263914562930052,-0.0567556421523987,-0.07417499491691881
demucs,Nerve_9_-_Pray_For_The_Rain,reverb_l3,reverb,3,other,6.089497896336473,5.342585546345335,-1.6744619624778334,-1.7107728235470745
demucs,Nerve_9_-_Pray_For_The_Rain,reverb_l4,reverb,4,vocals,5.101823037029947,3.5767596818492926,-3.424102304645384,-4.294451404198037
demucs,Nerve_9_-_Pray_For_The_Rain,reverb_l4,reverb,4,drums,13.116469865355604,12.90071661296883,0.09615204216520468,0.10175394332025078
demucs,Nerve_9_-_Pray_For_The_Rain,reverb_l4,reverb,4,bass,7.977026895445203,7.248305595014488,-0.06577391167216362,-0.0897839628324828
demucs,Nerve_9_-_Pray_For_The_Rain,reverb_l4,reverb,4,other,5.404922236618108,4.7121964951039255,-2.3590376221961984,-2.341161874788484
spleeter,PR_-_Happy_Daze,bitcrush_l1,bitcrush,1,vocals,-3.10189887327847,-41.173959234938266,-0.33975514800698514,-1.3283835374934938
spleeter,PR_-_Happy_Daze,bitcrush_l1,bitcrush,1,drums,8.598642156663988,8.584473549759574,0.052685432278650524,0.05187229665019366
spleeter,PR_-_Happy_Daze,bitcrush_l1,bitcrush,1,bass,0.09407145678596322,-16.559954287146457,0.040405773761953645,2.3789120662274748
spleeter,PR_-_Happy_Daze,bitcrush_l1,bitcrush,1,other,0.5468376844708219,-8.65944613864896,0.03769695442144094,0.36598309432597453
spleeter,PR_-_Happy_Daze,bitcrush_l2,bitcrush,2,vocals,-3.113176551437706,-41.07953494247009,-0.3510328261662212,-1.2339592450253178
spleeter,PR_-_Happy_Daze,bitcrush_l2,bitcrush,2,drums,8.599188189779563,8.584962913922835,0.05323146539422474,0.05236166081345495
spleeter,PR_-_Happy_Daze,bitcrush_l2,bitcrush,2,bass,0.09444828974957097,-16.54276532486882,0.04078260672556139,2.396101028505111
spleeter,PR_-_Happy_Daze,bitcrush_l2,bitcrush,2,other,0.5462243826348955,-8.664376902872148,0.03708365258551449,0.3610523301027868
spleeter,PR_-_Happy_Daze,bitcrush_l3,bitcrush,3,vocals,-3.159734622920722,-40.93786666285391,-0.3975908976492373,-1.0922909654091342
spleeter,PR_-_Happy_Daze,bitcrush_l3,bitcrush,3,drums,8.593168735517368,8.578721388653308,0.04721201113203044,0.04612013554392824
spleeter,PR_-_Happy_Daze,bitcrush_l3,bitcrush,3,bass,0.09340758922184304,-16.588734399223,0.039741906197833465,2.350131954150932
spleeter,PR_-_Happy_Daze,bitcrush_l3,bitcrush,3,other,0.5223674433420972,-8.861610914490804,0.013226713292716186,0.16381831848413064
spleeter,PR_-_Happy_Daze,bitcrush_l4,bitcrush,4,vocals,-3.1549791354171157,-41.9749149323005,-0.39283541014563106,-2.1293392348557276
spleeter,PR_-_Happy_Daze,bitcrush_l4,bitcrush,4,drums,8.575830127262652,8.561957144309421,0.029873402877313993,0.029355891200040674
spleeter,PR_-_Happy_Daze,bitcrush_l4,bitcrush,4,bass,0.09954791663421836,-16.314110699835528,0.04588223361020878,2.6247556535384042
spleeter,PR_-_Happy_Daze,bitcrush_l4,bitcrush,4,other,0.45892857664587955,-9.43549021914237,-0.050212153403501436,-0.41006098616743536
spleeter,PR_-_Happy_Daze,compression_l1,compression,1,vocals,-3.0981146561788875,-39.70211527551591,-0.3359709309074028,0.14346042192886443
spleeter,PR_-_Happy_Daze,compression_l1,compression,1,drums,8.61545684006149,8.601945305343436,0.06950011567615277,0.06934405223405626
spleeter,PR_-_Happy_Daze,compression_l1,compression,1,bass,0.10159869383514984,-16.22099174671665,0.047933010811140264,2.7178746066572828
spleeter,PR_-_Happy_Daze,compression_l1,compression,1,other,0.6037480878827706,-8.214461556491914,0.09460735783338958,0.8109676764830205
spleeter,PR_-_Happy_Daze,compression_l2,compression,2,vocals,-2.74879257022925,-39.77367881628905,0.01335115504223472,0.07189688115572324
spleeter,PR_-_Happy_Daze,compression_l2,compression,2,drums,8.590832068105168,8.576901375592987,0.044875343719830596,0.04430012248360704
spleeter,PR_-_Happy_Daze,compression_l2,compression,2,bass,0.07329176410859078,-17.624073674461762,0.019626081084581207,1.3147926789121698
spleeter,PR_-_Happy_Daze,compression_l2,compression,2,other,0.5825121844977753,-8.417555527000381,0.07337145444839432,0.6078737059745531
spleeter,PR_-_Happy_Daze,compression_l3,compression,3,vocals,-2.9039242159523377,-42.44965934911932,-0.14178049068085308,-2.60408365167455
spleeter,PR_-_Happy_Daze,compression_l3,compression,3,drums,8.648518758601075,8.635395417829988,0.10256203421573673,0.1027941647206081
spleeter,PR_-_Happy_Daze,compression_l3,compression,3,bass,0.08494755197222607,-16.992177277725606,0.031281868948216496,1.946689075648326
spleeter,PR_-_Happy_Daze,compression_l3,compression,3,other,0.7186600603835936,-7.419980522770785,0.20951933033421266,1.6054487102041497
spleeter,PR_-_Happy_Daze,compression_l4,compression,4,vocals,-3.0543387405481077,-49.200455750850345,-0.29219501527662306,-9.354880053405573
spleeter,PR_-_Happy_Daze,compression_l4,compression,4,drums,8.621758840043407,8.610669904385556,0.07580211565806927,0.07806865127617613
spleeter,PR_-_Happy_Daze,compression_l4,compression,4,bass,0.09878068487991487,-16.276116019161442,0.04511500185590529,2.6627503342124896
spleeter,PR_-_Happy_Daze,compression_l4,compression,4,other,0.5883463064709064,-8.309044062475046,0.07920557642152537,0.7163851704998887
spleeter,PR_-_Happy_Daze,delay_l1,delay,1,vocals,-2.7537367737585523,-35.30573305173889,0.008406951512932359,4.539842645705882
spleeter,PR_-_Happy_Daze,delay_l1,delay,1,drums,8.5988135932042,8.581417219498501,0.052856868818862424,0.048815966389121
spleeter,PR_-_Happy_Daze,delay_l1,delay,1,bass,0.06381988655845042,-18.218144875283663,0.01015420353444084,0.7207214780902689
spleeter,PR_-_Happy_Daze,delay_l1,delay,1,other,0.6570542851087007,-7.860164140885331,0.1479135550593197,1.1652650920896033
spleeter,PR_-_Happy_Daze,delay_l2,delay,2,vocals,-2.832390529396918,-32.31535637394919,-0.07024680412543338,7.530219323495579
spleeter,PR_-_Happy_Daze,delay_l2,delay,2,drums,8.741803312992463,8.722399728103383,0.19584658860712523,0.18979847499400293
spleeter,PR_-_Happy_Daze,delay_l2,delay,2,bass,0.08583479559283524,-16.948941151154,0.03216911256882567,1.9899252022199327
spleeter,PR_-_Happy_Daze,delay_l2,delay,2,other,1.0521672325404101,-5.619620670350307,0.5430265024910291,3.4058085626246273
spleeter,PR_-_Happy_Daze,delay_l3,delay,3,vocals,-3.7645782278153956,-25.04102526200169,-1.002434502543911,14.804550435443083
spleeter,PR_-_Happy_Daze,delay_l3,delay,3,drums,8.745809623567947,8.708977770076718,0.19985289918260918,0.1763765169673377
spleeter,PR_-_Happy_Daze,delay_l3,delay,3,bass,0.032999071239190596,-21.169036323796455,-0.020666611784818982,-2.230169970422523
spleeter,PR_-_Happy_Daze,delay_l3,delay,3,other,0.8366154931574397,-6.669998259630433,0.3274747631080587,2.355430973344501
spleeter,PR_-_Happy_Daze,delay_l4,delay,4,vocals,-3.6553849963364566,-25.31629606854676,-0.893241271064972,14.529279628898013
spleeter,PR_-_Happy_Daze,delay_l4,delay,4,drums,8.967096946096921,8.859611924609194,0.4211402217115836,0.32701067149981355
spleeter,PR_-_Happy_Daze,delay_l4,delay,4,bass,0.03250731534575545,-21.203390440516504,-0.02115836767825413,-2.264524087142572
spleeter,PR_-_Happy_Daze,delay_l4,delay,4,other,-0.16226094383989073,-8.272561561888597,-0.6714016738892717,0.7528676710863369
spleeter,PR_-_Happy_Daze,original,original,0,vocals,-2.7621437252714847,-39.84557569744477,0.0,0.0
spleeter,PR_-_Happy_Daze,original,original,0,drums,8.545956724385338,8.53260125310938,0.0,0.0
spleeter,PR_-_Happy_Daze,original,original,0,bass,0.05366568302400958,-18.938866353373932,0.0,0.0
spleeter,PR_-_Happy_Daze,original,original,0,other,0.509140730049381,-9.025429232974934,0.0,0.0
spleeter,PR_-_Happy_Daze,reverb_l1,reverb,1,vocals,-2.6490765574870254,-41.649998308445326,0.11306716778445924,-1.804422611000554
spleeter,PR_-_Happy_Daze,reverb_l1,reverb,1,drums,8.5567647542808,8.542364306623757,0.010808029895462923,0.009763053514376452
spleeter,PR_-_Happy_Daze,reverb_l1,reverb,1,bass,0.033136411394627585,-21.145264558728304,-0.020529271629381993,-2.206398205354372
spleeter,PR_-_Happy_Daze,reverb_l1,reverb,1,other,0.6056412079620126,-8.236489929223875,0.09650047791263161,0.788939303751059
spleeter,PR_-_Happy_Daze,reverb_l2,reverb,2,vocals,-2.6464600994427565,-50.128830545633804,0.11568362582872815,-10.283254848189031
spleeter,PR_-_Happy_Daze,reverb_l2,reverb,2,drums,8.681111014447087,8.66270399911031,0.13515429006174884,0.13010274600092941
spleeter,PR_-_Happy_Daze,reverb_l2,reverb,2,bass,0.09674188787860526,-16.444256518354436,0.04307620485459568,2.494609835019496
spleeter,PR_-_Happy_Daze,reverb_l2,reverb,2,other,0.8768909958280195,-6.502470929413832,0.36775026577863856,2.5229583035611025
spleeter,PR_-_Happy_Daze,reverb_l3,reverb,3,vocals,-2.8800302142525065,-50.235141833344414,-0.11788648898102183,-10.389566135899642
spleeter,PR_-_Happy_Daze,reverb_l3,reverb,3,drums,8.80802686248666,8.789025261438068,0.26207013810132196,0.25642400832868795
spleeter,PR_-_Happy_Daze,reverb_l3,reverb,3,bass,0.18488448775499466,-13.600696371378442,0.13121880473098507,5.33816998199549
spleeter,PR_-_Happy_Daze,reverb_l3,reverb,3,other,0.9838287238156167,-5.946049739897372,0.4746879937662357,3.079379493077562
spleeter,PR_-_Happy_Daze,reverb_l4,reverb,4,vocals,-2.9272213721563145,-50.74532659195235,-0.16507764688482984,-10.899750894507577
spleeter,PR_-_Happy_Daze,reverb_l4,reverb,4,drums,8.8590115884751,8.838650985205472,0.3130548640897626,0.306049732096092
spleeter,PR_-_Happy_Daze,reverb_l4,reverb,4,bass,0.19861263241333485,-13.294381478880691,0.14494694938932529,5.644484874493241
spleeter,PR_-_Happy_Daze,reverb_l4,reverb,4,other,1.0344536696686886,-5.691964025820119,0.5253129396193076,3.3334652071548154
demucs,PR_-_Happy_Daze,bitcrush_l1,bitcrush,1,vocals,-2.3490358669370996,-20.966740981096127,-0.708027237295761,-9.172379615635862
demucs,PR_-_Happy_Daze,bitcrush_l1,bitcrush,1,drums,3.7395594704045054,14.463019086500797,-11.136654682942503,-4.756271887608921
demucs,PR_-_Happy_Daze,bitcrush_l1,bitcrush,1,bass,3.0684004446397206,5.564497128975358,-4.829779166158941,-3.685141031212911
demucs,PR_-_Happy_Daze,bitcrush_l1,bitcrush,1,other,1.8479612107694634,0.22359744119452543,-1.3670943015925312,-2.373792618327042
demucs,PR_-_Happy_Daze,bitcrush_l2,bitcrush,2,vocals,-1.2829128177848546,-17.74813144187624,0.3580958118564841,-5.953770076415974
demucs,PR_-_Happy_Daze,bitcrush_l2,bitcrush,2,drums,6.706095343590178,17.421142537562734,-8.170118809756831,-1.7981484365469846
demucs,PR_-_Happy_Daze,bitcrush_l2,bitcrush,2,bass,11.479216865125476,11.188132216298502,3.581037254326814,1.9384940561102333
demucs,PR_-_Happy_Daze,bitcrush_l2,bitcrush,2,other,3.647407593435483,4.425549907031101,0.4323520810734882,1.8281598475095335
demucs,PR_-_Happy_Daze,bitcrush_l3,bitcrush,3,vocals,-0.951487516489212,-17.768298977796274,0.6895211131521266,-5.973937612336009
demucs,PR_-_Happy_Daze,bitcrush_l3,bitcrush,3,drums,19.42199650028918,19.426882862564565,4.54578234694217,0.20759188845484644
demucs,PR_-_Happy_Daze,bitcrush_l3,bitcrush,3,bass,11.36349937502133,11.062009642376566,3.4653197642226683,1.812371482188297
demucs,PR_-_Happy_Daze,bitcrush_l3,bitcrush,3,other,7.778280384516614,6.985829418924,4.563224872154619,4.388439359402433
demucs,PR_-_Happy_Daze,bitcrush_l4,bitcrush,4,vocals,-1.8707673946409233,-22.971540328515218,-0.2297587649995847,-11.177178963054953
demucs,PR_-_Happy_Daze,bitcrush_l4,bitcrush,4,drums,8.908070915194523,18.186640526074143,-5.968143238152486,-1.0326504480355752
demucs,PR_-_Happy_Daze,bitcrush_l4,bitcrush,4,bass,6.706094503415779,9.220954600022344,-1.1920851073828835,-0.028683560165925215
demucs,PR_-_Happy_Daze,bitcrush_l4,bitcrush,4,other,2.91313122175345,3.9263734826607637,-0.3019242906085444,1.3289834231391962
demucs,PR_-_Happy_Daze,compression_l1,compression,1,vocals,-1.0137528802492892,-9.297536403018917,0.6272557493920494,2.496824962441348
demucs,PR_-_Happy_Daze,compression_l1,compression,1,drums,18.725138687190437,18.728799347716024,3.8489245338434284,-0.4904916263936947
demucs,PR_-_Happy_Daze,compression_l1,compression,1,bass,6.832077881638562,8.329988481787778,-1.0661017291601,-0.919649678400491
demucs,PR_-_Happy_Daze,compression_l1,compression,1,other,3.743206119678568,3.909964512575463,0.5281506073165736,1.3125744530538954
demucs,PR_-_Happy_Daze,compression_l2,compression,2,vocals,1.0013345883977818,-5.738984206007446,2.6423432180391204,6.055377159452819
demucs,PR_-_Happy_Daze,compression_l2,compression,2,drums,19.6081176994933,19.61390930477979,4.73190354614629,0.39461833067007035
demucs,PR_-_Happy_Daze,compression_l2,compression,2,bass,12.035194637476266,11.791908276951443,4.137015026677604,2.5422701167631736
demucs,PR_-_Happy_Daze,compression_l2,compression,2,other,8.79991233387115,8.229859457526462,5.584856821509156,5.632469398004895
demucs,PR_-_Happy_Daze,compression_l3,compression,3,vocals,-2.3577867870115883,-17.40403775049422,-0.7167781573702496,-5.6096763850339535
demucs,PR_-_Happy_Daze,compression_l3,compression,3,drums,18.35657967081375,18.87704307268634,3.4803655174667423,-0.34224790142337724
demucs,PR_-_Happy_Daze,compression_l3,compression,3,bass,10.536930054099026,10.893325374702867,2.6387504433003635,1.643687214514598
demucs,PR_-_Happy_Daze,compression_l3,compression,3,other,2.3868614624561033,3.74189825037611,-0.8281940499058913,1.1445081908545425
demucs,PR_-_Happy_Daze,compression_l4,compression,4,vocals,-1.2612525757911355,-28.418615356808736,0.37975605385020317,-16.62425399134847
demucs,PR_-_Happy_Daze,compression_l4,compression,4,drums,18.889365731441227,18.839236383471608,4.013151578094218,-0.3800545906381103
demucs,PR_-_Happy_Daze,compression_l4,compression,4,bass,6.596292760938216,9.21819659626608,-1.3018868498604466,-0.03144156392218811
demucs,PR_-_Happy_Daze,compression_l4,compression,4,other,6.545375029487687,5.488169862823837,3.3303195171256923,2.89077980330227
demucs,PR_-_Happy_Daze,delay_l1,delay,1,vocals,-4.803672897802805,-23.606173278115424,-3.1626642681614667,-11.811811912655159
demucs,PR_-_Happy_Daze,delay_l1,delay,1,drums,1.5302423036726553,8.519667837146411,-13.345971849674353,-10.699623136963307
demucs,PR_-_Happy_Daze,delay_l1,delay,1,bass,4.261036832741731,5.137184430558342,-3.6371427780569308,-4.112453729629927
demucs,PR_-_Happy_Daze,delay_l1,delay,1,other,0.7769414834660835,-5.618217511011164,-2.438114028895911,-8.21560757053273
demucs,PR_-_Happy_Daze,delay_l2,delay,2,vocals,-6.018754041177697,-9.942405601515192,-4.377745411536359,1.8519557639450728
demucs,PR_-_Happy_Daze,delay_l2,delay,2,drums,19.596796367788556,19.600237288069,4.7205822144415475,0.38094631395928147
demucs,PR_-_Happy_Daze,delay_l2,delay,2,bass,12.106451284724077,11.863083997848012,4.208271673925415,2.613445837659743
demucs,PR_-_Happy_Daze,delay_l2,delay,2,other,3.8515891023295064,1.597483419859084,0.6365335899675117,-0.9999066396624836
demucs,PR_-_Happy_Daze,delay_l3,delay,3,vocals,1.659603129597564,-2.4387721241507854,3.300611759238903,9.35558924130948
demucs,PR_-_Happy_Daze,delay_l3,delay,3,drums,19.313595425293666,19.317856063175157,4.437381271946657,0.09856508906543837
demucs,PR_-_Happy_Daze,delay_l3,delay,3,bass,11.444138689937944,11.147321293434517,3.5459590791392817,1.8976831332462485
demucs,PR_-_Happy_Daze,delay_l3,delay,3,other,8.329609348614632,7.711093897407066,5.114553836252638,5.113703837885499
demucs,PR_-_Happy_Daze,delay_l4,delay,4,vocals,0.5407975418351129,-3.670279826375644,2.1818061714764516,8.12408153908462
demucs,PR_-_Happy_Daze,delay_l4,delay,4,drums,19.588512209158853,19.593754762353775,4.712298055811845,0.3744637882440571
demucs,PR_-_Happy_Daze,delay_l4,delay,4,bass,12.042759653969277,11.793303682987272,4.144580043170615,2.543665522799003
demucs,PR_-_Happy_Daze,delay_l4,delay,4,other,7.492487293973524,6.702199508911245,4.277431781611529,4.104809449389677
demucs,PR_-_Happy_Daze,original,original,0,vocals,-1.6410086296413386,-11.794361365460265,0.0,0.0
demucs,PR_-_Happy_Daze,original,original,0,drums,14.876214153347009,19.219290974109718,0.0,0.0
demucs,PR_-_Happy_Daze,original,original,0,bass,7.898179610798662,9.249638160188269,0.0,0.0
demucs,PR_-_Happy_Daze,original,original,0,other,3.2150555123619946,2.5973900595215675,0.0,0.0
demucs,PR_-_Happy_Daze,reverb_l1,reverb,1,vocals,0.8622749159262655,-6.217418775439968,2.503283545567604,5.576942590020297
demucs,PR_-_Happy_Daze,reverb_l1,reverb,1,drums,18.95727808673668,18.964216892294083,4.08106393338967,-0.2550740818156356
demucs,PR_-_Happy_Daze,reverb_l1,reverb,1,bass,11.237616387962513,10.931526252318303,3.3394367771638507,1.681888092130034
demucs,PR_-_Happy_Daze,reverb_l1,reverb,1,other,8.524911760196641,7.8842758198154925,5.309856247834647,5.286885760293925
demucs,PR_-_Happy_Daze,reverb_l2,reverb,2,vocals,-0.30243293707825525,-12.679244514136492,1.3385756925630834,-0.8848831486762272
demucs,PR_-_Happy_Daze,reverb_l2,reverb,2,drums,19.74069597736913,19.74695304387587,4.8644818240221195,0.5276620697661514
demucs,PR_-_Happy_Daze,reverb_l2,reverb,2,bass,12.031864137484805,11.789754810567654,4.133684526686142,2.5401166503793853
demucs,PR_-_Happy_Daze,reverb_l2,reverb,2,other,7.98369323216953,7.239023566184446,4.768637719807536,4.641633506662879
demucs,PR_-_Happy_Daze,reverb_l3,reverb,3,vocals,-1.568037653413755,-72.41693550091681,0.07297097622758364,-60.622574135456546
demucs,PR_-_Happy_Daze,reverb_l3,reverb,3,drums,3.1422949958285207,17.635138398663393,-11.73391915751849,-1.5841525754463248
demucs,PR_-_Happy_Daze,reverb_l3,reverb,3,bass,4.472408043765513,8.099711868643473,-3.4257715670331494,-1.149926291544796
demucs,PR_-_Happy_Daze,reverb_l3,reverb,3,other,3.0234531296663434,3.3520871087294446,-0.19160238269565122,0.7546970492078771
demucs,PR_-_Happy_Daze,reverb_l4,reverb,4,vocals,-0.24339463141541814,-43.973125570341736,1.3976139982259206,-32.178764204881475
demucs,PR_-_Happy_Daze,reverb_l4,reverb,4,drums,19.98574036968042,19.992293345483954,5.109526216333412,0.7730023713742362
demucs,PR_-_Happy_Daze,reverb_l4,reverb,4,bass,11.980329888261334,11.732487236390178,4.082150277462672,2.4828490762019086
demucs,PR_-_Happy_Daze,reverb_l4,reverb,4,other,7.911282594208922,7.158795857511645,4.696227081846928,4.561405797990078
spleeter,PR_-_Oh_No,bitcrush_l1,bitcrush,1,vocals,1.3853023035287035,-4.089039431664071,-0.12781530057220736,-0.39579523008973094
spleeter,PR_-_Oh_No,bitcrush_l1,bitcrush,1,drums,6.837399260224194,6.365246575457682,0.03741570824109974,0.03796771954872469
spleeter,PR_-_Oh_No,bitcrush_l1,bitcrush,1,bass,1.481864207423817,-3.557142844592973,0.011757063212264773,0.052886060009246894
spleeter,PR_-_Oh_No,bitcrush_l1,bitcrush,1,other,-0.7318486660714801,-4.3636122695049036,0.008035217423617902,-0.013388104173133186
spleeter,PR_-_Oh_No,bitcrush_l2,bitcrush,2,vocals,1.3759792639004256,-4.116946916270805,-0.13713834020048532,-0.42370271469646426
spleeter,PR_-_Oh_No,bitcrush_l2,bitcrush,2,drums,6.835585281053546,6.362387442570164,0.03560172907045178,0.035108586661205976
spleeter,PR_-_Oh_No,bitcrush_l2,bitcrush,2,bass,1.4793659560488028,-3.562367218412053,0.009258811837250525,0.047661686190167085
spleeter,PR_-_Oh_No,bitcrush_l2,bitcrush,2,other,-0.7336085080486727,-4.368038941603121,0.006275375446425313,-0.017814776271350752
spleeter,PR_-_Oh_No,bitcrush_l3,bitcrush,3,vocals,1.3870926455461845,-4.071947280680098,-0.1260249585547264,-0.3787030791057573
spleeter,PR_-_Oh_No,bitcrush_l3,bitcrush,3,drums,6.819676048361133,6.345263136973715,0.01969249637803916,0.017984281064757468
spleeter,PR_-_Oh_No,bitcrush_l3,bitcrush,3,bass,1.481088781218856,-3.5453083224489985,0.010981637007303702,0.06472058215322152
spleeter,PR_-_Oh_No,bitcrush_l3,bitcrush,3,other,-0.71334845626148,-4.347696394659874,0.026535427233618014,0.0025277706718966897
spleeter,PR_-_Oh_No,bitcrush_l4,bitcrush,4,vocals,1.0498640212093102,-5.15927550224415,-0.4632535828916007,-1.46603130066981
spleeter,PR_-_Oh_No,bitcrush_l4,bitcrush,4,drums,6.804050064659219,6.316182352587655,0.004066512676124567,-0.011096503321303075
spleeter,PR_-_Oh_No,bitcrush_l4,bitcrush,4,bass,1.4684711815680322,-3.582621560738491,-0.0016359626435200614,0.027407343863729228
spleeter,PR_-_Oh_No,bitcrush_l4,bitcrush,4,other,-0.7161012904068831,-4.295317407246888,0.023782593088214954,0.05490675808488277
spleeter,PR_-_Oh_No,compression_l1,compression,1,vocals,1.5111309886421165,-3.6525365567969863,-0.0019866154587944163,0.040707644777354
spleeter,PR_-_Oh_No,compression_l1,compression,1,drums,6.911950847797042,6.430080782457399,0.11196729581394838,0.102801926548441
spleeter,PR_-_Oh_No,compression_l1,compression,1,bass,1.528072195227135,-3.4035733799204397,0.05796505101558269,0.2064555246817803
spleeter,PR_-_Oh_No,compression_l1,compression,1,other,-0.7087895707838436,-4.344326805216308,0.0310943127112544,0.005897360115461936
spleeter,PR_-_Oh_No,compression_l2,compression,2,vocals,1.407577653722283,-3.990901176476302,-0.10553995037862784,-0.29765697490196175
spleeter,PR_-_Oh_No,compression_l2,compression,2,drums,6.6866441840562,6.206491617760594,-0.11333936792689414,-0.12078723814836323
spleeter,PR_-_Oh_No,compression_l2,compression,2,bass,1.4515798372956867,-3.7078294198264623,-0.01852730691586557,-0.09780051522424227
spleeter,PR_-_Oh_No,compression_l2,compression,2,other,-0.7040414913328814,-4.1702613890357645,0.03584239216221663,0.17996277629600588
spleeter,PR_-_Oh_No,compression_l3,compression,3,vocals,1.3184186478521387,-4.337651180476596,-0.1946989562487722,-0.6444069789022553
spleeter,PR_-_Oh_No,compression_l3,compression,3,drums,6.726685254558735,6.231988830460985,-0.07329829742435923,-0.09529002544797294
spleeter,PR_-_Oh_No,compression_l3,compression,3,bass,1.502449451685099,-3.5403373832893466,0.032342307473546716,0.06969152131287348
spleeter,PR_-_Oh_No,compression_l3,compression,3,other,-0.6145840079881583,-4.08882682921795,0.12529987550693977,0.26139733611382
spleeter,PR_-_Oh_No,compression_l4,compression,4,vocals,0.7464632994707887,-6.801169639523881,-0.7666543046301222,-3.1079254379495405
spleeter,PR_-_Oh_No,compression_l4,compression,4,drums,6.690769443890245,6.209105109541115,-0.10921410809284904,-0.11817374636784272
spleeter,PR_-_Oh_No,compression_l4,compression,4,bass,1.475952749440278,-3.647615252893088,0.005845605228725681,-0.03758634829086782
spleeter,PR_-_Oh_No,compression_l4,compression,4,other,-0.618882697785568,-4.080316458815463,0.12100118570953,0.2699077065163076
spleeter,PR_-_Oh_No,delay_l1,delay,1,vocals,1.4853727884975592,-3.7675405724209234,-0.027744815603351736,-0.07429637084658314
spleeter,PR_-_Oh_No,delay_l1,delay,1,drums,6.844625390365469,6.35601209782727,0.044641838382374566,0.028733241918311947
spleeter,PR_-_Oh_No,delay_l1,delay,1,bass,1.4720723101702082,-3.553636630048553,0.0019651659586559234,0.05639227455366713
spleeter,PR_-_Oh_No,delay_l1,delay,1,other,-0.7212859353294377,-4.325727169302178,0.018597948165660294,0.02449699602959221
spleeter,PR_-_Oh_No,delay_l2,delay,2,vocals,1.2242940866845409,-4.687106135792792,-0.28882351741637,-0.9938619342184518
spleeter,PR_-_Oh_No,delay_l2,delay,2,drums,6.862737277286826,6.382822970910529,0.06275372530373158,0.05554411500157119
spleeter,PR_-_Oh_No,delay_l2,delay,2,bass,1.5477283547747402,-3.3480076365937106,0.07762121056318794,0.26202126800850944
spleeter,PR_-_Oh_No,delay_l2,delay,2,other,-0.7036486935471519,-4.329221883850947,0.03623518994794617,0.021002281480823726
spleeter,PR_-_Oh_No,delay_l3,delay,3,vocals,1.0092473908261073,-5.785235431320076,-0.5038702132748036,-2.0919912297457355
spleeter,PR_-_Oh_No,delay_l3,delay,3,drums,6.958909536594989,6.482199203955117,0.1589259846118951,0.15492034804615962
spleeter,PR_-_Oh_No,delay_l3,delay,3,bass,1.681675813778125,-2.99086925659332,0.2115686695665726,0.6191596480089001
spleeter,PR_-_Oh_No,delay_l3,delay,3,other,-0.5165443592373978,-4.021950438992142,0.2233395242577002,0.3282737263396287
spleeter,PR_-_Oh_No,delay_l4,delay,4,vocals,1.204421333128783,-4.952814203094017,-0.30869627097212793,-1.259570001519677
spleeter,PR_-_Oh_No,delay_l4,delay,4,drums,6.9972954178593945,6.519697884530064,0.19731186587630045,0.1924190286211065
spleeter,PR_-_Oh_No,delay_l4,delay,4,bass,1.6291984853645167,-3.1890612348682446,0.15909134115296442,0.4209676697339755
spleeter,PR_-_Oh_No,delay_l4,delay,4,other,-0.6060735385781201,-4.038028345539979,0.13381034491697796,0.3121958197917918
spleeter,PR_-_Oh_No,original,original,0,vocals,1.513117604100911,-3.6932442015743403,0.0,0.0
spleeter,PR_-_Oh_No,original,original,0,drums,6.799983551983094,6.327278855908958,0.0,0.0
spleeter,PR_-_Oh_No,original,original,0,bass,1.4701071442115523,-3.61002890460222,0.0,0.0
spleeter,PR_-_Oh_No,original,original,0,other,-0.739883883495098,-4.35022416533177,0.0,0.0
spleeter,PR_-_Oh_No,reverb_l1,reverb,1,vocals,1.3642657797849942,-4.211574539302589,-0.1488518243159167,-0.5183303377282487
spleeter,PR_-_Oh_No,reverb_l1,reverb,1,drums,6.755237867061542,6.274766434042477,-0.044745684921552176,-0.05251242186648053
spleeter,PR_-_Oh_No,reverb_l1,reverb,1,bass,1.427898556873211,-3.7289369562074484,-0.04220858733834132,-0.11890805160522833
spleeter,PR_-_Oh_No,reverb_l1,reverb,1,other,-0.7872681132820982,-4.387225734244852,-0.04738422978700019,-0.03700156891308204
spleeter,PR_-_Oh_No,reverb_l2,reverb,2,vocals,0.8532158464667992,-6.450945299357265,-0.6599017576341117,-2.757701097782925
spleeter,PR_-_Oh_No,reverb_l2,reverb,2,drums,6.769347687896856,6.281202600504163,-0.030635864086238307,-0.04607625540479443
spleeter,PR_-_Oh_No,reverb_l2,reverb,2,bass,1.4314150754712633,-3.7291684924870685,-0.038692068740288965,-0.11913958788484846
spleeter,PR_-_Oh_No,reverb_l2,reverb,2,other,-0.816667705218463,-4.37309166078582,-0.07678382172336495,-0.02286749545404998
spleeter,PR_-_Oh_No,reverb_l3,reverb,3,vocals,0.3758784776777566,-10.132367563147788,-1.1372391264231543,-6.439123361573448
spleeter,PR_-_Oh_No,reverb_l3,reverb,3,drums,6.945246639373799,6.460835018894066,0.14526308739070526,0.13355616298510853
spleeter,PR_-_Oh_No,reverb_l3,reverb,3,bass,1.5754903146241592,-3.281292665066164,0.10538317041260692,0.328736239536056
spleeter,PR_-_Oh_No,reverb_l3,reverb,3,other,-0.6891345421398355,-4.335781878235149,0.050749341355262545,0.014442287096620987
spleeter,PR_-_Oh_No,reverb_l4,reverb,4,vocals,0.3869682291973483,-10.011634308208489,-1.1261493749035627,-6.318390106634149
spleeter,PR_-_Oh_No,reverb_l4,reverb,4,drums,7.043662605635072,6.561168217088877,0.24367905365197817,0.23388936117991932
spleeter,PR_-_Oh_No,reverb_l4,reverb,4,bass,1.6507300661699988,-3.0578925008244804,0.18062292195844654,0.5521364037777396
spleeter,PR_-_Oh_No,reverb_l4,reverb,4,other,-0.6003963160390852,-4.238754101897777,0.13948756745601287,0.1114700634339938
demucs,PR_-_Oh_No,bitcrush_l1,bitcrush,1,vocals,0.12154702714037399,-5.843607888853822,-2.13572929159727,-4.203899063244022
demucs,PR_-_Oh_No,bitcrush_l1,bitcrush,1,drums,5.597193959492315,10.184792893766977,-6.921054120097039,-2.1640661013983937
demucs,PR_-_Oh_No,bitcrush_l1,bitcrush,1,bass,8.506331178743968,7.85204793555518,0.4680304641250057,0.5559710697674847
demucs,PR_-_Oh_No,bitcrush_l1,bitcrush,1,other,3.54194406384928,2.1440106892179407,-0.8458019213458106,-0.836365054014117
demucs,PR_-_Oh_No,bitcrush_l2,bitcrush,2,vocals,0.14742688943090523,-8.692437705835514,-2.1098494293067387,-7.052728880225715
demucs,PR_-_Oh_No,bitcrush_l2,bitcrush,2,drums,5.689438892620275,11.626560340888311,-6.828809186969079,-0.7222986542770595
demucs,PR_-_Oh_No,bitcrush_l2,bitcrush,2,bass,5.368676736413321,6.157959112939215,-2.6696239782056415,-1.1381177528484798
demucs,PR_-_Oh_No,bitcrush_l2,bitcrush,2,other,1.3615783734233633,-1.3020913576004425,-3.0261676117717276,-4.2824671008325
demucs,PR_-_Oh_No,bitcrush_l3,bitcrush,3,vocals,1.112264123200137,-4.026983459719116,-1.145012195537507,-2.387274634109316
demucs,PR_-_Oh_No,bitcrush_l3,bitcrush,3,drums,12.387205221551966,12.169962090890657,-0.1310428580373877,-0.17889690427471372
demucs,PR_-_Oh_No,bitcrush_l3,bitcrush,3,bass,8.207152596902693,7.495690620375932,0.1688518822837306,0.1996137545882366
demucs,PR_-_Oh_No,bitcrush_l3,bitcrush,3,other,3.448559617674009,1.387580649612985,-0.9391863675210814,-1.5927950936190727
demucs,PR_-_Oh_No,bitcrush_l4,bitcrush,4,vocals,0.4584728099066018,-7.086786509964972,-1.7988035088310421,-5.447077684355172
demucs,PR_-_Oh_No,bitcrush_l4,bitcrush,4,drums,2.534420880420089,6.421347220692672,-9.983827199169264,-5.927511774472698
demucs,PR_-_Oh_No,bitcrush_l4,bitcrush,4,bass,3.1709721290835557,4.619931757532419,-4.867328585535407,-2.676145108255276
demucs,PR_-_Oh_No,bitcrush_l4,bitcrush,4,other,1.586735234995607,-1.8488316051540574,-2.8010107501994836,-4.829207348386115
demucs,PR_-_Oh_No,compression_l1,compression,1,vocals,-0.17039075724440522,-9.015099071712383,-2.427667075982049,-7.375390246102583
demucs,PR_-_Oh_No,compression_l1,compression,1,drums,9.441493329132523,11.591089554509379,-3.0767547504568302,-0.7577694406559914
demucs,PR_-_Oh_No,compression_l1,compression,1,bass,5.551169815142077,5.816235496697924,-2.4871308994768855,-1.4798413690897707
demucs,PR_-_Oh_No,compression_l1,compression,1,other,1.6431215643110382,-0.5526064867466147,-2.7446244208840525,-3.532982229978672
demucs,PR_-_Oh_No,compression_l2,compression,2,vocals,1.3933035867685375,-2.4463242049125156,-0.8639727319691064,-0.8066153793027155
demucs,PR_-_Oh_No,compression_l2,compression,2,drums,12.809975876324426,12.64153200857756,0.29172779673507243,0.2926730134121893
demucs,PR_-_Oh_No,compression_l2,compression,2,bass,8.527592653880209,7.88281334099681,0.48929193926124626,0.5867364752091149
demucs,PR_-_Oh_No,compression_l2,compression,2,other,4.6179720257902,2.885218692226092,0.23022604059510954,-0.09515705100596561
demucs,PR_-_Oh_No,compression_l3,compression,3,vocals,2.435302640293621,-0.905825536106617,0.17802632155597697,0.733883289503183
demucs,PR_-_Oh_No,compression_l3,compression,3,drums,12.691866208871916,12.488044831201517,0.1736181292825627,0.13918583603614643
demucs,PR_-_Oh_No,compression_l3,compression,3,bass,8.610374511907636,7.978314969098438,0.5720737972886738,0.682238103310743
demucs,PR_-_Oh_No,compression_l3,compression,3,other,4.808741915494036,3.239058572145405,0.420995930298945,0.25868282891334715
demucs,PR_-_Oh_No,compression_l4,compression,4,vocals,0.7102629619449528,-4.486381111958881,-1.5470133567926911,-2.846672286349081
demucs,PR_-_Oh_No,compression_l4,compression,4,drums,5.6464272546621,10.204385122333608,-6.871820824927253,-2.144473872831762
demucs,PR_-_Oh_No,compression_l4,compression,4,bass,2.031988692978487,4.300392966404475,-6.0063120216404755,-2.99568389938322
demucs,PR_-_Oh_No,compression_l4,compression,4,other,1.9154539313536754,-0.18054089640481347,-2.4722920538414153,-3.1609166396368713
demucs,PR_-_Oh_No,delay_l1,delay,1,vocals,-0.820842885971863,-10.609908126895144,-3.0781192047095067,-8.970199301285344
demucs,PR_-_Oh_No,delay_l1,delay,1,drums,2.173396939984624,5.951172911163515,-10.34485113960473,-6.3976860840018555
demucs,PR_-_Oh_No,delay_l1,delay,1,bass,4.257223426916469,5.671800965748326,-3.7810772877024936,-1.6242759000393692
demucs,PR_-_Oh_No,delay_l1,delay,1,other,0.9910900221156551,-3.905957651788112,-3.3966559630794357,-6.88633339502017
demucs,PR_-_Oh_No,delay_l2,delay,2,vocals,0.31306163254750496,-5.734258821928256,-1.944214686190139,-4.094549996318456
demucs,PR_-_Oh_No,delay_l2,delay,2,drums,5.809378000062615,11.14859709744037,-6.708870079526738,-1.2002618977250012
demucs,PR_-_Oh_No,delay_l2,delay,2,bass,6.028077267650006,7.305561792804516,-2.010223446968957,0.009484927016821132
demucs,PR_-_Oh_No,delay_l2,delay,2,other,0.9561538042146802,-3.669670545310452,-3.4315921809804104,-6.65004628854251
demucs,PR_-_Oh_No,delay_l3,delay,3,vocals,-0.924808971378766,-11.952492861583398,-3.18208529011641,-10.312784035973598
demucs,PR_-_Oh_No,delay_l3,delay,3,drums,4.66701751898082,8.257213046394194,-7.851230560608534,-4.091645948771177
demucs,PR_-_Oh_No,delay_l3,delay,3,bass,3.017044714922836,3.7549129748250594,-5.021255999696127,-3.5411638909626357
demucs,PR_-_Oh_No,delay_l3,delay,3,other,0.9645758107147833,-5.759731696696643,-3.4231701744803074,-8.7401074399287
demucs,PR_-_Oh_No,delay_l4,delay,4,vocals,-0.7743306190785361,-12.434176366693084,-3.03160693781618,-10.794467541083284
demucs,PR_-_Oh_No,delay_l4,delay,4,drums,7.0275238229563115,11.827390379268463,-5.490724256633042,-0.5214686158969073
demucs,PR_-_Oh_No,delay_l4,delay,4,bass,3.0906254701261684,4.272210938637825,-4.947675244492794,-3.0238659271498705
demucs,PR_-_Oh_No,delay_l4,delay,4,other,1.4715425870766032,-1.860156246990388,-2.9162033981184874,-4.840531990222446
demucs,PR_-_Oh_No,original,original,0,vocals,2.257276318737644,-1.6397088256098,0.0,0.0
demucs,PR_-_Oh_No,original,original,0,drums,12.518248079589354,12.34885899516537,0.0,0.0
demucs,PR_-_Oh_No,original,original,0,bass,8.038300714618963,7.296076865787695,0.0,0.0
demucs,PR_-_Oh_No,original,original,0,other,4.387745985195091,2.9803757432320577,0.0,0.0
demucs,PR_-_Oh_No,reverb_l1,reverb,1,vocals,1.3911371525753056,-3.479728366978155,-0.8661391661623383,-1.840019541368355
demucs,PR_-_Oh_No,reverb_l1,reverb,1,drums,11.743041024959231,11.808404019295512,-0.7752070546301226,-0.5404549758698582
demucs,PR_-_Oh_No,reverb_l1,reverb,1,bass,5.306929283219959,6.254630075699011,-2.731371431399004,-1.041446790088684
demucs,PR_-_Oh_No,reverb_l1,reverb,1,other,1.7563961056880104,-0.22155136688743654,-2.63134987950708,-3.2019271101194944
demucs,PR_-_Oh_No,reverb_l2,reverb,2,vocals,0.6530501988202984,-5.2264039174231245,-1.6042261199173455,-3.5866950918133247
demucs,PR_-_Oh_No,reverb_l2,reverb,2,drums,9.168193189222722,12.011868850356544,-3.350054890366632,-0.3369901448088264
demucs,PR_-_Oh_No,reverb_l2,reverb,2,bass,8.085980221878005,7.359157949098,0.04767950725904235,0.06308108331030482
demucs,PR_-_Oh_No,reverb_l2,reverb,2,other,4.037699519766487,2.4529057826562766,-0.35004646542860396,-0.5274699605757811
demucs,PR_-_Oh_No,reverb_l3,reverb,3,vocals,-0.8594844035262085,-16.742581916540157,-3.1167607222638525,-15.102873090930357
demucs,PR_-_Oh_No,reverb_l3,reverb,3,drums,4.490907073055358,10.973216787033302,-8.027341006533995,-1.375642208132069
demucs,PR_-_Oh_No,reverb_l3,reverb,3,bass,2.4942524857108834,4.986681800846261,-5.544048228908079,-2.309395064941434
demucs,PR_-_Oh_No,reverb_l3,reverb,3,other,1.523975829085186,-0.3733056774000826,-2.8637701561099047,-3.35368142063214
demucs,PR_-_Oh_No,reverb_l4,reverb,4,vocals,1.543119574908982,-3.4572548287805627,-0.7141567438286618,-1.8175460031707626
demucs,PR_-_Oh_No,reverb_l4,reverb,4,drums,8.902409507561718,11.041807886963264,-3.615838572027636,-1.3070511082021063
demucs,PR_-_Oh_No,reverb_l4,reverb,4,bass,7.022836986806603,6.921917451269589,-1.0154637278123593,-0.37415941451810575
demucs,PR_-_Oh_No,reverb_l4,reverb,4,other,2.5976422829445105,0.45902229683935714,-1.7901037022505801,-2.5213534463927005
spleeter,Punkdisco_-_Oral_Hygiene,bitcrush_l1,bitcrush,1,vocals,6.31534356332637,5.3045512992065404,-0.6560823091854937,-0.8840381533112316
spleeter,Punkdisco_-_Oral_Hygiene,bitcrush_l1,bitcrush,1,drums,7.453146273187805,6.59261064323603,-0.012511746365946763,-0.016428732122625078
spleeter,Punkdisco_-_Oral_Hygiene,bitcrush_l1,bitcrush,1,bass,8.042957206358407,7.341658529797291,-0.007014440862089799,-0.024720230081473282
spleeter,Punkdisco_-_Oral_Hygiene,bitcrush_l1,bitcrush,1,other,3.162123622706406,0.5794079943028199,-0.35899127362443206,-0.5432742742050027
spleeter,Punkdisco_-_Oral_Hygiene,bitcrush_l2,bitcrush,2,vocals,6.304081548159273,5.291788870508849,-0.667344324352591,-0.8968005820089227
spleeter,Punkdisco_-_Oral_Hygiene,bitcrush_l2,bitcrush,2,drums,7.452103184272865,6.591349550328644,-0.01355483528088719,-0.017689825030011264
spleeter,Punkdisco_-_Oral_Hygiene,bitcrush_l2,bitcrush,2,bass,8.039210440160572,7.3380465831099055,-0.010761207059925226,-0.028332176768858908
spleeter,Punkdisco_-_Oral_Hygiene,bitcrush_l2,bitcrush,2,other,3.168676460655302,0.5884041938907267,-0.3524384356755359,-0.5342780746170959
spleeter,Punkdisco_-_Oral_Hygiene,bitcrush_l3,bitcrush,3,vocals,6.289023624122873,5.272067542871033,-0.6824022483889909,-0.9165219096467387
spleeter,Punkdisco_-_Oral_Hygiene,bitcrush_l3,bitcrush,3,drums,7.465887870853958,6.608226606101498,0.0002298513002063629,-0.0008127692571573419
spleeter,Punkdisco_-_Oral_Hygiene,bitcrush_l3,bitcrush,3,bass,8.05433381234174,7.356548905651583,0.004362165121243322,-0.0098298542271813
spleeter,Punkdisco_-_Oral_Hygiene,bitcrush_l3,bitcrush,3,other,3.159588533005206,0.5680392266374379,-0.3615263633256318,-0.5546430418703847
spleeter,Punkdisco_-_Oral_Hygiene,bitcrush_l4,bitcrush,4,vocals,6.01025888345331,4.871143009375158,-0.9611669890585537,-1.3174464431426136
spleeter,Punkdisco_-_Oral_Hygiene,bitcrush_l4,bitcrush,4,drums,7.451417151032481,6.5904646557754045,-0.014240868521270933,-0.018574719583250854
spleeter,Punkdisco_-_Oral_Hygiene,bitcrush_l4,bitcrush,4,bass,8.071357077349248,7.371724046807776,0.021385430128750826,0.0053452869290113725
spleeter,Punkdisco_-_Oral_Hygiene,bitcrush_l4,bitcrush,4,other,3.0207440878995024,0.3890801191467385,-0.5003708084313354,-0.733602149361084
spleeter,Punkdisco_-_Oral_Hygiene,compression_l1,compression,1,vocals,6.671710820161224,5.809757086835116,-0.29971505235063933,-0.37883236568265577
spleeter,Punkdisco_-_Oral_Hygiene,compression_l1,compression,1,drums,7.462635322416195,6.605433966206364,-0.0030226971375570955,-0.003605409152291017
spleeter,Punkdisco_-_Oral_Hygiene,compression_l1,compression,1,bass,8.048394043586356,7.366581922443583,-0.001577603634141056,0.00020316256481844874
spleeter,Punkdisco_-_Oral_Hygiene,compression_l1,compression,1,other,3.4870010041617796,1.0689694369755514,-0.034113892169058246,-0.053712831532271244
spleeter,Punkdisco_-_Oral_Hygiene,compression_l2,compression,2,vocals,5.975206485583124,4.89229856442902,-0.9962193869287397,-1.2962908880887518
spleeter,Punkdisco_-_Oral_Hygiene,compression_l2,compression,2,drums,7.437654852039718,6.574395044684791,-0.028003167514033755,-0.03464433067386441
spleeter,Punkdisco_-_Oral_Hygiene,compression_l2,compression,2,bass,8.03130928268606,7.348436767648869,-0.01866236453443726,-0.01794199222989512
spleeter,Punkdisco_-_Oral_Hygiene,compression_l2,compression,2,other,3.4101123070377874,0.9537454248583248,-0.1110025892930504,-0.1689368436494978
spleeter,Punkdisco_-_Oral_Hygiene,compression_l3,compression,3,vocals,5.38060714300041,4.046622676380564,-1.5908187295114535,-2.141966776137208
spleeter,Punkdisco_-_Oral_Hygiene,compression_l3,compression,3,drums,7.353447204518394,6.470715307278593,-0.11221081503535757,-0.13832406808006237
spleeter,Punkdisco_-_Oral_Hygiene,compression_l3,compression,3,bass,8.011318847128857,7.32641647258194,-0.03865280009163996,-0.039962287296824606
spleeter,Punkdisco_-_Oral_Hygiene,compression_l3,compression,3,other,3.362920097505527,0.8877639893966427,-0.15819479882531073,-0.2349182791111799
spleeter,Punkdisco_-_Oral_Hygiene,compression_l4,compression,4,vocals,5.145334568969603,3.672204648050403,-1.8260913035422606,-2.516384804467369
spleeter,Punkdisco_-_Oral_Hygiene,compression_l4,compression,4,drums,7.146712718708313,6.227932795960416,-0.3189453008454386,-0.38110657939823955
spleeter,Punkdisco_-_Oral_Hygiene,compression_l4,compression,4,bass,7.795485954693579,7.072890697676061,-0.25448569252691833,-0.2934880622027034
spleeter,Punkdisco_-_Oral_Hygiene,compression_l4,compression,4,other,3.1166300843716526,0.5462324548968166,-0.4044848119591853,-0.576449813611006
spleeter,Punkdisco_-_Oral_Hygiene,delay_l1,delay,1,vocals,6.800929294717593,5.939963723068083,-0.1704965777942702,-0.24862572944968875
spleeter,Punkdisco_-_Oral_Hygiene,delay_l1,delay,1,drums,7.432009512297979,6.567260578556971,-0.03364850725577284,-0.04177879680168406
spleeter,Punkdisco_-_Oral_Hygiene,delay_l1,delay,1,bass,8.053519368745453,7.365638840464421,0.0035477215249564154,-0.0007399194143431487
spleeter,Punkdisco_-_Oral_Hygiene,delay_l1,delay,1,other,3.3779235123125217,0.8814294815978954,-0.1431913840183161,-0.24125278690992724
spleeter,Punkdisco_-_Oral_Hygiene,delay_l2,delay,2,vocals,6.384597923577031,5.365427798598383,-0.5868279489348325,-0.8231616539193887
spleeter,Punkdisco_-_Oral_Hygiene,delay_l2,delay,2,drums,7.362318129373141,6.483326866483785,-0.10333989018061107,-0.1257125088748703
spleeter,Punkdisco_-_Oral_Hygiene,delay_l2,delay,2,bass,8.025223742177877,7.34823966940004,-0.024747905042620033,-0.01813909047872464
spleeter,Punkdisco_-_Oral_Hygiene,delay_l2,delay,2,other,3.046160034812825,0.36067548520249926,-0.4749548615180128,-0.7620067833053233
spleeter,Punkdisco_-_Oral_Hygiene,delay_l3,delay,3,vocals,6.062475865700243,4.944161358824811,-0.9089500068116205,-1.244428093692961
spleeter,Punkdisco_-_Oral_Hygiene,delay_l3,delay,3,drums,7.446092237727298,6.593328868253435,-0.019565781826454298,-0.015710507105220373
spleeter,Punkdisco_-_Oral_Hygiene,delay_l3,delay,3,bass,8.07418045500971,7.419045506490766,0.024208807789213083,0.05266674661200188
spleeter,Punkdisco_-_Oral_Hygiene,delay_l3,delay,3,other,2.9246064179087523,0.14951144804154134,-0.5965084784220855,-0.9731708204662812
spleeter,Punkdisco_-_Oral_Hygiene,delay_l4,delay,4,vocals,5.846540900407238,4.624169967400917,-1.124884972104626,-1.5644194851168551
spleeter,Punkdisco_-_Oral_Hygiene,delay_l4,delay,4,drums,7.3887319497062185,6.523484216932988,-0.07692606984753336,-0.08555515842566752
spleeter,Punkdisco_-_Oral_Hygiene,delay_l4,delay,4,bass,8.047950431836163,7.3801298507011515,-0.00202121538433353,0.013751090822387013
spleeter,Punkdisco_-_Oral_Hygiene,delay_l4,delay,4,other,2.8182946513045692,-0.04552135243780107,-0.7028202450262686,-1.1682036209456237
spleeter,Punkdisco_-_Oral_Hygiene,original,original,0,vocals,6.971425872511864,6.188589452517772,0.0,0.0
spleeter,Punkdisco_-_Oral_Hygiene,original,original,0,drums,7.465658019553752,6.609039375358655,0.0,0.0
spleeter,Punkdisco_-_Oral_Hygiene,original,original,0,bass,8.049971647220497,7.3663787598787644,0.0,0.0
spleeter,Punkdisco_-_Oral_Hygiene,original,original,0,other,3.521114896330838,1.1226822685078226,0.0,0.0
spleeter,Punkdisco_-_Oral_Hygiene,reverb_l1,reverb,1,vocals,6.783618893035918,5.956681353736762,-0.18780697947594582,-0.23190809878100982
spleeter,Punkdisco_-_Oral_Hygiene,reverb_l1,reverb,1,drums,7.516340069390203,6.673489134816284,0.050682049836451526,0.06444975945762899
spleeter,Punkdisco_-_Oral_Hygiene,reverb_l1,reverb,1,bass,8.100604548199776,7.433886642125051,0.05063290097927897,0.06750788224628668
spleeter,Punkdisco_-_Oral_Hygiene,reverb_l1,reverb,1,other,3.4686435766603783,1.0176145014997837,-0.05247131967045959,-0.10506776700803888
spleeter,Punkdisco_-_Oral_Hygiene,reverb_l2,reverb,2,vocals,5.773570504203468,4.518374879187111,-1.197855368308396,-1.6702145733306608
spleeter,Punkdisco_-_Oral_Hygiene,reverb_l2,reverb,2,drums,7.513801858674309,6.668528180341746,0.04814383912055753,0.05948880498309084
spleeter,Punkdisco_-_Oral_Hygiene,reverb_l2,reverb,2,bass,8.118107837454033,7.44507230106773,0.06813619023353645,0.07869354118896599
spleeter,Punkdisco_-_Oral_Hygiene,reverb_l2,reverb,2,other,2.4093135914083486,-0.523441409657727,-1.1118013049224893,-1.6461236781655497
spleeter,Punkdisco_-_Oral_Hygiene,reverb_l3,reverb,3,vocals,5.953043090807086,4.743070694573804,-1.0183827817047773,-1.445518757943968
spleeter,Punkdisco_-_Oral_Hygiene,reverb_l3,reverb,3,drums,7.449790291016826,6.588545456204095,-0.015867728536925974,-0.020493919154560558
spleeter,Punkdisco_-_Oral_Hygiene,reverb_l3,reverb,3,bass,8.005806601323757,7.291565473842123,-0.044165045896740196,-0.07481328603664128
spleeter,Punkdisco_-_Oral_Hygiene,reverb_l3,reverb,3,other,2.2798618041673104,-0.666860523890992,-1.2412530921635274,-1.7895427923988145
spleeter,Punkdisco_-_Oral_Hygiene,reverb_l4,reverb,4,vocals,6.1143885381972085,4.957558723845209,-0.8570373343146551,-1.2310307286725628
spleeter,Punkdisco_-_Oral_Hygiene,reverb_l4,reverb,4,drums,7.434632705256466,6.570306502142832,-0.03102531429728561,-0.03873287321582364
spleeter,Punkdisco_-_Oral_Hygiene,reverb_l4,reverb,4,bass,7.979674022809423,7.257257816542397,-0.07029762441107401,-0.10912094333636713
spleeter,Punkdisco_-_Oral_Hygiene,reverb_l4,reverb,4,other,2.3400566944552144,-0.5685191582868483,-1.1810582018756235,-1.691201426794671
demucs,Punkdisco_-_Oral_Hygiene,bitcrush_l1,bitcrush,1,vocals,8.424856829042621,7.7638366370390255,-1.379319962181082,-1.5951752847806553
demucs,Punkdisco_-_Oral_Hygiene,bitcrush_l1,bitcrush,1,drums,5.535509332024279,5.227690275046998,0.32546130345608226,0.3201541458868995
demucs,Punkdisco_-_Oral_Hygiene,bitcrush_l1,bitcrush,1,bass,5.535767523269007,4.209291281440589,0.2302937718277338,0.3229397982782447
demucs,Punkdisco_-_Oral_Hygiene,bitcrush_l1,bitcrush,1,other,1.7970593154602659,-1.0170528954726146,0.005310058987169075,0.16075098894785933
demucs,Punkdisco_-_Oral_Hygiene,bitcrush_l2,bitcrush,2,vocals,8.45288275358468,7.796225213779961,-1.3512940376390237,-1.5627867080397202
demucs,Punkdisco_-_Oral_Hygiene,bitcrush_l2,bitcrush,2,drums,5.319903838117323,5.0184136894445714,0.109855809549126,0.11087756028447338
demucs,Punkdisco_-_Oral_Hygiene,bitcrush_l2,bitcrush,2,bass,5.363638272280008,3.9638671962960057,0.058164520838735356,0.07751571313366101
demucs,Punkdisco_-_Oral_Hygiene,bitcrush_l2,bitcrush,2,other,1.7239273803343287,-1.2187016280801108,-0.06782187613876811,-0.04089774365963694
demucs,Punkdisco_-_Oral_Hygiene,bitcrush_l3,bitcrush,3,vocals,8.466471921970795,7.807423055141271,-1.3377048692529083,-1.5515888666784097
demucs,Punkdisco_-_Oral_Hygiene,bitcrush_l3,bitcrush,3,drums,5.584070769613641,5.2686213908375485,0.37402274104544375,0.3610852616774505
demucs,Punkdisco_-_Oral_Hygiene,bitcrush_l3,bitcrush,3,bass,5.556017405944963,4.229967559749865,0.25054365450368987,0.3436160765875207
demucs,Punkdisco_-_Oral_Hygiene,bitcrush_l3,bitcrush,3,other,1.7085015322963373,-1.1181042105800592,-0.08324772417675952,0.059699673840414746
demucs,Punkdisco_-_Oral_Hygiene,bitcrush_l4,bitcrush,4,vocals,8.077413001428546,7.3457275232836725,-1.7267637897951573,-2.0132843985360083
demucs,Punkdisco_-_Oral_Hygiene,bitcrush_l4,bitcrush,4,drums,5.395370991853704,5.083539682332231,0.18532296328550668,0.17600355317213268
demucs,Punkdisco_-_Oral_Hygiene,bitcrush_l4,bitcrush,4,bass,5.395488982874288,4.014881964261602,0.09001523143301515,0.12853048109925735
demucs,Punkdisco_-_Oral_Hygiene,bitcrush_l4,bitcrush,4,other,1.6002584647956362,-1.2021903323745111,-0.19149079167746064,-0.024386447954037216
demucs,Punkdisco_-_Oral_Hygiene,compression_l1,compression,1,vocals,9.67385564020888,9.20876689942895,-0.1303211510148241,-0.150245022390731
demucs,Punkdisco_-_Oral_Hygiene,compression_l1,compression,1,drums,5.322883912731529,5.021259217036878,0.11283588416333146,0.11372308787677987
demucs,Punkdisco_-_Oral_Hygiene,compression_l1,compression,1,bass,5.33486095074362,3.944955335181043,0.0293871993023469,0.058603852018698444
demucs,Punkdisco_-_Oral_Hygiene,compression_l1,compression,1,other,1.783770556182137,-1.1875208353894173,-0.007978700290959706,-0.009716950968943427
demucs,Punkdisco_-_Oral_Hygiene,compression_l2,compression,2,vocals,9.063479443206015,8.515687051831875,-0.7406973480176884,-0.8433248699878053
demucs,Punkdisco_-_Oral_Hygiene,compression_l2,compression,2,drums,5.152319048386035,4.829557860720891,-0.057728980182162104,-0.07797826843920674
demucs,Punkdisco_-_Oral_Hygiene,compression_l2,compression,2,bass,5.201265984281593,3.742007947740097,-0.1042077671596795,-0.14434353542224754
demucs,Punkdisco_-_Oral_Hygiene,compression_l2,compression,2,other,1.7746048143268587,-1.1138568456416034,-0.017144442146238115,0.06394703877887054
demucs,Punkdisco_-_Oral_Hygiene,compression_l3,compression,3,vocals,8.580763903966913,7.949661297679654,-1.2234128872567904,-1.4093506241400267
demucs,Punkdisco_-_Oral_Hygiene,compression_l3,compression,3,drums,5.1784671801319595,4.864936416417763,-0.03158084843623765,-0.04259971274233543
demucs,Punkdisco_-_Oral_Hygiene,compression_l3,compression,3,bass,5.210702153006757,3.747875079750452,-0.09477159843451588,-0.1384764034118926
demucs,Punkdisco_-_Oral_Hygiene,compression_l3,compression,3,other,1.4109146615072146,-1.5843007816931474,-0.38083459496588223,-0.40649689727267346
demucs,Punkdisco_-_Oral_Hygiene,compression_l4,compression,4,vocals,8.052271507739082,7.33208577969446,-1.7519052834846214,-2.0269261421252205
demucs,Punkdisco_-_Oral_Hygiene,compression_l4,compression,4,drums,5.347994317578912,5.030091705159055,0.13794628901071526,0.12255557599895717
demucs,Punkdisco_-_Oral_Hygiene,compression_l4,compression,4,bass,5.347523855479129,3.9346484061975353,0.04205010403785625,0.04829692303519062
demucs,Punkdisco_-_Oral_Hygiene,compression_l4,compression,4,other,1.333013300539962,-1.63663015359679,-0.45873595593313476,-0.4588262691763161
demucs,Punkdisco_-_Oral_Hygiene,delay_l1,delay,1,vocals,9.282776548873601,8.771127357003678,-0.5214002423501025,-0.5878845648160027
demucs,Punkdisco_-_Oral_Hygiene,delay_l1,delay,1,drums,4.845381565765946,4.5374255916412105,-0.36466646280225135,-0.37011053751888756
demucs,Punkdisco_-_Oral_Hygiene,delay_l1,delay,1,bass,4.94992728225868,3.3878616875495977,-0.3555464691825927,-0.498489795612747
demucs,Punkdisco_-_Oral_Hygiene,delay_l1,delay,1,other,2.0124637724402192,-0.9261284390450308,0.22071451596712244,0.25167544537544306
demucs,Punkdisco_-_Oral_Hygiene,delay_l2,delay,2,vocals,8.61761536523373,8.008338083439691,-1.1865614259899733,-1.3506738383799899
demucs,Punkdisco_-_Oral_Hygiene,delay_l2,delay,2,drums,4.94844146168458,4.647386070306776,-0.26160656688361694,-0.26015005885332165
demucs,Punkdisco_-_Oral_Hygiene,delay_l2,delay,2,bass,5.101038488733156,3.6185028218377284,-0.20443526270811674,-0.26784866132461627
demucs,Punkdisco_-_Oral_Hygiene,delay_l2,delay,2,other,2.377536874048741,-0.4622645459995035,0.5857876175756442,0.7155393384209704
demucs,Punkdisco_-_Oral_Hygiene,delay_l3,delay,3,vocals,8.257648002323563,7.600660945174397,-1.5465287889001402,-1.7583509766452838
demucs,Punkdisco_-_Oral_Hygiene,delay_l3,delay,3,drums,4.7448518950281295,4.43845848486806,-0.4651961335400676,-0.4690776442920379
demucs,Punkdisco_-_Oral_Hygiene,delay_l3,delay,3,bass,4.908104933669245,3.3314619900678855,-0.39736881777202804,-0.5548894930944592
demucs,Punkdisco_-_Oral_Hygiene,delay_l3,delay,3,other,2.247745539344888,-0.7206727171120052,0.45599628287179117,0.4571311673084687
demucs,Punkdisco_-_Oral_Hygiene,delay_l4,delay,4,vocals,7.546681439443973,6.791575143267075,-2.2574953517797303,-2.567436778552606
demucs,Punkdisco_-_Oral_Hygiene,delay_l4,delay,4,drums,4.737709131639977,4.442666070399202,-0.4723388969282203,-0.46487005876089604
demucs,Punkdisco_-_Oral_Hygiene,delay_l4,delay,4,bass,4.898081337113869,3.3145542831038863,-0.40739241432740414,-0.5717972000584584
demucs,Punkdisco_-_Oral_Hygiene,delay_l4,delay,4,other,2.4986517162875117,-0.4245099444008849,0.7069024598144149,0.753293940019589
demucs,Punkdisco_-_Oral_Hygiene,original,original,0,vocals,9.804176791223703,9.35901192181968,0.0,0.0
demucs,Punkdisco_-_Oral_Hygiene,original,original,0,drums,5.210048028568197,4.907536129160098,0.0,0.0
demucs,Punkdisco_-_Oral_Hygiene,original,original,0,bass,5.305473751441273,3.8863514831623447,0.0,0.0
demucs,Punkdisco_-_Oral_Hygiene,original,original,0,other,1.7917492564730968,-1.177803884420474,0.0,0.0
demucs,Punkdisco_-_Oral_Hygiene,reverb_l1,reverb,1,vocals,9.339475078497358,8.833758383170366,-0.4647017127263453,-0.5252535386493147
demucs,Punkdisco_-_Oral_Hygiene,reverb_l1,reverb,1,drums,5.230388570817373,4.914959572716463,0.020340542249176252,0.00742344355636515
demucs,Punkdisco_-_Oral_Hygiene,reverb_l1,reverb,1,bass,5.2894795446204865,3.8779716239706548,-0.01599420682078634,-0.008379859191689931
demucs,Punkdisco_-_Oral_Hygiene,reverb_l1,reverb,1,other,1.7954297271058204,-1.2240415944111196,0.003680470632723587,-0.04623770999064569
demucs,Punkdisco_-_Oral_Hygiene,reverb_l2,reverb,2,vocals,8.379953612860943,7.724621764140381,-1.4242231783627606,-1.6343901576792996
demucs,Punkdisco_-_Oral_Hygiene,reverb_l2,reverb,2,drums,4.490212521985143,4.189882156247274,-0.7198355065830544,-0.7176539729128244
demucs,Punkdisco_-_Oral_Hygiene,reverb_l2,reverb,2,bass,4.628053356174166,2.9113733673237636,-0.6774203952671067,-0.9749781158385811
demucs,Punkdisco_-_Oral_Hygiene,reverb_l2,reverb,2,other,1.8061273523216377,-1.4262902265637243,0.014378095848540884,-0.24848634214325038
demucs,Punkdisco_-_Oral_Hygiene,reverb_l3,reverb,3,vocals,8.462562454093415,7.8185292199479575,-1.341614337130288,-1.5404827018717233
demucs,Punkdisco_-_Oral_Hygiene,reverb_l3,reverb,3,drums,4.465021721451332,4.173069593615504,-0.7450263071168655,-0.7344665355445938
demucs,Punkdisco_-_Oral_Hygiene,reverb_l3,reverb,3,bass,4.585634388275811,2.827391146308897,-0.7198393631654616,-1.0589603368534477
demucs,Punkdisco_-_Oral_Hygiene,reverb_l3,reverb,3,other,1.574245321791429,-1.7944314180367968,-0.21750393468166784,-0.6166275336163229
demucs,Punkdisco_-_Oral_Hygiene,reverb_l4,reverb,4,vocals,8.499082731880067,7.8635558046416225,-1.3050940593436362,-1.4954561171780583
demucs,Punkdisco_-_Oral_Hygiene,reverb_l4,reverb,4,drums,4.25192223312154,3.9486920948368045,-0.9581257954466569,-0.9588440343232936
demucs,Punkdisco_-_Oral_Hygiene,reverb_l4,reverb,4,bass,4.405072077214403,2.5421152595099263,-0.9004016742268695,-1.3442362236524183
demucs,Punkdisco_-_Oral_Hygiene,reverb_l4,reverb,4,other,1.6086330224774148,-1.7388150425356443,-0.183116233995682,-0.5610111581151704
spleeter,Raft_Monk_-_Tiring,bitcrush_l1,bitcrush,1,vocals,3.8671295383676663,1.5876238241415976,-0.21382282793595841,-0.35275788109619954
spleeter,Raft_Monk_-_Tiring,bitcrush_l1,bitcrush,1,drums,5.245803544917184,3.7288811964861917,-0.023535188322764355,-0.030584354960008664
spleeter,Raft_Monk_-_Tiring,bitcrush_l1,bitcrush,1,bass,5.321716740017697,3.8582497606873103,-0.011088959346995608,-0.01334164932799542
spleeter,Raft_Monk_-_Tiring,bitcrush_l1,bitcrush,1,other,3.7527052166906265,1.6206912933900544,-0.03567734606006612,-0.0416267356898774
spleeter,Raft_Monk_-_Tiring,bitcrush_l2,bitcrush,2,vocals,3.866935145749653,1.5873371296321859,-0.21401722055397165,-0.3530445756056113
spleeter,Raft_Monk_-_Tiring,bitcrush_l2,bitcrush,2,drums,5.245670037621261,3.72863755220642,-0.023668695618686897,-0.03082799923978019
spleeter,Raft_Monk_-_Tiring,bitcrush_l2,bitcrush,2,bass,5.32199001113673,3.8585537648064836,-0.010815688227962639,-0.013037645208822113
spleeter,Raft_Monk_-_Tiring,bitcrush_l2,bitcrush,2,other,3.7525543084848305,1.6206867604567528,-0.035828254265862114,-0.04163126862317901
spleeter,Raft_Monk_-_Tiring,bitcrush_l3,bitcrush,3,vocals,3.862904979739455,1.580457024889372,-0.2180473865641699,-0.3599246803484253
spleeter,Raft_Monk_-_Tiring,bitcrush_l3,bitcrush,3,drums,5.2460220978614736,3.729384129190554,-0.023316635378474615,-0.030081422255646473
spleeter,Raft_Monk_-_Tiring,bitcrush_l3,bitcrush,3,bass,5.321474129354934,3.8576612440274816,-0.011331570009758707,-0.01393016598782415
spleeter,Raft_Monk_-_Tiring,bitcrush_l3,bitcrush,3,other,3.7505820331668103,1.6180401705883416,-0.03780052958388236,-0.04427785849159016
spleeter,Raft_Monk_-_Tiring,bitcrush_l4,bitcrush,4,vocals,3.7702709972359187,1.4211890349224983,-0.31068136906770594,-0.5191926703152989
spleeter,Raft_Monk_-_Tiring,bitcrush_l4,bitcrush,4,drums,5.234056716755307,3.713420617055844,-0.0352820164846408,-0.046044934390356396
spleeter,Raft_Monk_-_Tiring,bitcrush_l4,bitcrush,4,bass,5.320936204454696,3.857354953711642,-0.011869494909996448,-0.014236456303663658
spleeter,Raft_Monk_-_Tiring,bitcrush_l4,bitcrush,4,other,3.712154397808753,1.5635382720045408,-0.07622816494193962,-0.098779757075391
spleeter,Raft_Monk_-_Tiring,compression_l1,compression,1,vocals,3.998377938152692,1.8076006798287358,-0.08257442815093263,-0.13278102540906134
spleeter,Raft_Monk_-_Tiring,compression_l1,compression,1,drums,5.262137424682004,3.751201613688649,-0.007201308557943875,-0.00826393775755152
spleeter,Raft_Monk_-_Tiring,compression_l1,compression,1,bass,5.317256006541131,3.8528730881587903,-0.015549692823562111,-0.018718321856515452
spleeter,Raft_Monk_-_Tiring,compression_l1,compression,1,other,3.756254061902329,1.6194943129745532,-0.03212850084836383,-0.042823716105378606
spleeter,Raft_Monk_-_Tiring,compression_l2,compression,2,vocals,3.8121413431694635,1.4985211180548694,-0.26881102313416116,-0.44186058718292776
spleeter,Raft_Monk_-_Tiring,compression_l2,compression,2,drums,5.240321136331333,3.722926102862398,-0.029017596908615495,-0.036539448583802425
spleeter,Raft_Monk_-_Tiring,compression_l2,compression,2,bass,5.291671205784818,3.823919337611797,-0.0411344935798752,-0.0476720724035089
spleeter,Raft_Monk_-_Tiring,compression_l2,compression,2,other,3.6921153145303625,1.5387199894163333,-0.09626724822033017,-0.1235980396635985
spleeter,Raft_Monk_-_Tiring,compression_l3,compression,3,vocals,3.7029633370607966,1.3121596049213469,-0.37798902924282807,-0.6282221003164503
spleeter,Raft_Monk_-_Tiring,compression_l3,compression,3,drums,5.202756025988999,3.67234431096966,-0.06658270725094884,-0.08712124047654024
spleeter,Raft_Monk_-_Tiring,compression_l3,compression,3,bass,5.2702077253729565,3.8000550057654188,-0.06259797399173639,-0.07153640424988694
spleeter,Raft_Monk_-_Tiring,compression_l3,compression,3,other,3.6745128646485203,1.521090874305404,-0.11386969810217229,-0.14122715477452785
spleeter,Raft_Monk_-_Tiring,compression_l4,compression,4,vocals,3.8219019594220556,1.51263871869644,-0.2590504068815691,-0.4277429865413571
spleeter,Raft_Monk_-_Tiring,compression_l4,compression,4,drums,5.2049940222530235,3.6719838297358565,-0.06434471098692462,-0.08748172171034385
spleeter,Raft_Monk_-_Tiring,compression_l4,compression,4,bass,5.235431940597649,3.7727293208424193,-0.09737375876704402,-0.09886208917288641
spleeter,Raft_Monk_-_Tiring,compression_l4,compression,4,other,3.7379441338208985,1.5930617100937878,-0.05043842892979411,-0.06925631898614393
spleeter,Raft_Monk_-_Tiring,delay_l1,delay,1,vocals,3.8375671404738125,1.5300648865445314,-0.24338522582981215,-0.41031681869326575
spleeter,Raft_Monk_-_Tiring,delay_l1,delay,1,drums,5.260052116579933,3.745001653582558,-0.009286616660014957,-0.014463897863642217
spleeter,Raft_Monk_-_Tiring,delay_l1,delay,1,bass,5.3197440020507605,3.8622033580188027,-0.013061697313932363,-0.009388051996503055
spleeter,Raft_Monk_-_Tiring,delay_l1,delay,1,other,3.6546494885876823,1.4574529919283383,-0.13373307416301028,-0.20486503715159343
spleeter,Raft_Monk_-_Tiring,delay_l2,delay,2,vocals,3.4664180172046235,0.9215164678624026,-0.6145343490990012,-1.0188652373753946
spleeter,Raft_Monk_-_Tiring,delay_l2,delay,2,drums,5.2154303718513715,3.687254148441423,-0.05390836138857669,-0.07221140300477735
spleeter,Raft_Monk_-_Tiring,delay_l2,delay,2,bass,5.293377091890239,3.8202565912509816,-0.03942860747445387,-0.05133481876432411
spleeter,Raft_Monk_-_Tiring,delay_l2,delay,2,other,3.450341765412621,1.2199610050738967,-0.33804079733807146,-0.44235702400603505
spleeter,Raft_Monk_-_Tiring,delay_l3,delay,3,vocals,2.6213179577687313,-0.6937850057031613,-1.4596344085348933,-2.6341667109409586
spleeter,Raft_Monk_-_Tiring,delay_l3,delay,3,drums,5.168848769876045,3.6230096321685434,-0.10048996336390292,-0.13645591927765688
spleeter,Raft_Monk_-_Tiring,delay_l3,delay,3,bass,5.296475591540686,3.8182006749043302,-0.03633010782400703,-0.053390735110975474
spleeter,Raft_Monk_-_Tiring,delay_l3,delay,3,other,2.9331542215032886,0.6697410737452911,-0.855228341247404,-0.9925769553346406
spleeter,Raft_Monk_-_Tiring,delay_l4,delay,4,vocals,2.1558491291621484,-1.679625627633567,-1.9251032371414762,-3.6200073328713644
spleeter,Raft_Monk_-_Tiring,delay_l4,delay,4,drums,5.140859960265588,3.5828798354098264,-0.1284787729743604,-0.17658571603637396
spleeter,Raft_Monk_-_Tiring,delay_l4,delay,4,bass,5.28667668214535,3.807190708152458,-0.04612901721934293,-0.06440070186284785
spleeter,Raft_Monk_-_Tiring,delay_l4,delay,4,other,2.6342860538969632,0.3957125577844178,-1.1540965088537294,-1.266605471295514
spleeter,Raft_Monk_-_Tiring,original,original,0,vocals,4.080952366303625,1.9403817052377972,0.0,0.0
spleeter,Raft_Monk_-_Tiring,original,original,0,drums,5.269338733239948,3.7594655514462003,0.0,0.0
spleeter,Raft_Monk_-_Tiring,original,original,0,bass,5.332805699364693,3.8715914100153057,0.0,0.0
spleeter,Raft_Monk_-_Tiring,original,original,0,other,3.7883825627506926,1.6623180290799318,0.0,0.0
spleeter,Raft_Monk_-_Tiring,reverb_l1,reverb,1,vocals,3.19958632130193,0.3917596382242334,-0.8813660450016947,-1.5486220670135638
spleeter,Raft_Monk_-_Tiring,reverb_l1,reverb,1,drums,5.2190524352312275,3.6904370784475757,-0.05028629800872064,-0.06902847299862458
spleeter,Raft_Monk_-_Tiring,reverb_l1,reverb,1,bass,5.269393257682246,3.7760717431865283,-0.06341244168244664,-0.09551966682877744
spleeter,Raft_Monk_-_Tiring,reverb_l1,reverb,1,other,3.5425370921645563,1.4185979012731367,-0.24584547058613637,-0.24372012780679508
spleeter,Raft_Monk_-_Tiring,reverb_l2,reverb,2,vocals,0.7810551141762702,-7.031417127637405,-3.2998972521273546,-8.971798832875201
spleeter,Raft_Monk_-_Tiring,reverb_l2,reverb,2,drums,5.0962695025073765,3.5238373157488647,-0.17306923073257163,-0.2356282356973356
spleeter,Raft_Monk_-_Tiring,reverb_l2,reverb,2,bass,4.962925299655936,3.3636921243707967,-0.36988039970875697,-0.507899285644509
spleeter,Raft_Monk_-_Tiring,reverb_l2,reverb,2,other,2.2233687722655864,0.10552844043368995,-1.5650137904851062,-1.5567895886462417
spleeter,Raft_Monk_-_Tiring,reverb_l3,reverb,3,vocals,0.31700143214171683,-11.161031487397853,-3.7639509341619077,-13.10141319263565
spleeter,Raft_Monk_-_Tiring,reverb_l3,reverb,3,drums,5.107447266612713,3.5328106218879913,-0.1618914666272353,-0.22665492955820898
spleeter,Raft_Monk_-_Tiring,reverb_l3,reverb,3,bass,4.84951884325836,3.2211668029871765,-0.48328685610633304,-0.6504246070281292
spleeter,Raft_Monk_-_Tiring,reverb_l3,reverb,3,other,1.8953816541521622,-0.0761541914334477,-1.8930009085985304,-1.7384722205133794
spleeter,Raft_Monk_-_Tiring,reverb_l4,reverb,4,vocals,0.2954960414407016,-11.483374285487605,-3.785456324862923,-13.423755990725402
spleeter,Raft_Monk_-_Tiring,reverb_l4,reverb,4,drums,5.100957148789998,3.5223139960461958,-0.16838158444994988,-0.23715155540000454
spleeter,Raft_Monk_-_Tiring,reverb_l4,reverb,4,bass,4.827204622965282,3.1950340217444557,-0.5056010763994108,-0.67655738827085
spleeter,Raft_Monk_-_Tiring,reverb_l4,reverb,4,other,1.9051509827256332,-0.06786014047841277,-1.8832315800250594,-1.7301781695583445
demucs,Raft_Monk_-_Tiring,bitcrush_l1,bitcrush,1,vocals,5.546159613506597,4.132133535521554,-0.23262220205118123,-0.329223228719532
demucs,Raft_Monk_-_Tiring,bitcrush_l1,bitcrush,1,drums,9.0052202731827,8.425366025226797,-0.025516293320631434,-0.02886363743109399
demucs,Raft_Monk_-_Tiring,bitcrush_l1,bitcrush,1,bass,8.773060368537177,8.237950593733277,0.06322720651771263,0.06415766344374063
demucs,Raft_Monk_-_Tiring,bitcrush_l1,bitcrush,1,other,5.445362956519317,3.988542037924379,-0.05058447856330783,-0.09069313284793523
demucs,Raft_Monk_-_Tiring,bitcrush_l2,bitcrush,2,vocals,5.549148066395773,4.134542522310721,-0.22963374916200507,-0.32681424193036523
demucs,Raft_Monk_-_Tiring,bitcrush_l2,bitcrush,2,drums,9.023790758712614,8.445797862346634,-0.006945807790716074,-0.00843180031125712
demucs,Raft_Monk_-_Tiring,bitcrush_l2,bitcrush,2,bass,8.78086931772674,8.246251639984028,0.07103615570727584,0.07245870969449086
demucs,Raft_Monk_-_Tiring,bitcrush_l2,bitcrush,2,other,5.443217303504069,3.984692346107071,-0.05273013157855644,-0.09454282466524333
demucs,Raft_Monk_-_Tiring,bitcrush_l3,bitcrush,3,vocals,5.542348516363438,4.127806246163384,-0.2364332991943403,-0.3335505180777014
demucs,Raft_Monk_-_Tiring,bitcrush_l3,bitcrush,3,drums,9.040397347208113,8.464488715702558,0.009660780704782823,0.0102590530446669
demucs,Raft_Monk_-_Tiring,bitcrush_l3,bitcrush,3,bass,8.783672486239368,8.24817174529646,0.0738393242199038,0.07437881500692356
demucs,Raft_Monk_-_Tiring,bitcrush_l3,bitcrush,3,other,5.43354877474461,3.9721972220824138,-0.06239866033801533,-0.10703794868990046
demucs,Raft_Monk_-_Tiring,bitcrush_l4,bitcrush,4,vocals,5.351524640560152,3.862357808534644,-0.42725717499762617,-0.5989989557064419
demucs,Raft_Monk_-_Tiring,bitcrush_l4,bitcrush,4,drums,8.993709222829573,8.411683785113176,-0.03702734367375804,-0.04254587754471473
demucs,Raft_Monk_-_Tiring,bitcrush_l4,bitcrush,4,bass,8.72421970696138,8.187912769839922,0.014386544941915602,0.014119839550385649
demucs,Raft_Monk_-_Tiring,bitcrush_l4,bitcrush,4,other,5.322829989547692,3.8147237035422137,-0.1731174455349329,-0.26451146723010055
demucs,Raft_Monk_-_Tiring,compression_l1,compression,1,vocals,5.675695860318875,4.321612418496741,-0.10308595523890318,-0.13974434574434458
demucs,Raft_Monk_-_Tiring,compression_l1,compression,1,drums,9.001713194643173,8.421097009892872,-0.029023371860157354,-0.03313265276501909
demucs,Raft_Monk_-_Tiring,compression_l1,compression,1,bass,8.657035379574982,8.120821458302109,-0.05279778244448252,-0.05297147198742813
demucs,Raft_Monk_-_Tiring,compression_l1,compression,1,other,5.440835279949843,3.9987950093406828,-0.05511215513278245,-0.08044016143163146
demucs,Raft_Monk_-_Tiring,compression_l2,compression,2,vocals,5.4603506844698,4.018685649788397,-0.31843113108797816,-0.4426711144526889
demucs,Raft_Monk_-_Tiring,compression_l2,compression,2,drums,8.997508765900285,8.416383136837066,-0.03322780060304531,-0.03784652582082515
demucs,Raft_Monk_-_Tiring,compression_l2,compression,2,bass,8.676145575046952,8.137180433857447,-0.03368758697251195,-0.03661249643208997
demucs,Raft_Monk_-_Tiring,compression_l2,compression,2,other,5.361979968128862,3.881501329451074,-0.13396746695376294,-0.19773384132124017
demucs,Raft_Monk_-_Tiring,compression_l3,compression,3,vocals,5.314902415202543,3.8168632827441273,-0.46387940035523556,-0.6444934814969585
demucs,Raft_Monk_-_Tiring,compression_l3,compression,3,drums,8.90994641840688,8.316684364104429,-0.12079014809645017,-0.1375452985534622
demucs,Raft_Monk_-_Tiring,compression_l3,compression,3,bass,8.628805795481014,8.08552144389098,-0.08102736653845,-0.08827148639855587
demucs,Raft_Monk_-_Tiring,compression_l3,compression,3,other,5.28542079350784,3.7720379240686137,-0.21052664157478507,-0.3071972467037005
demucs,Raft_Monk_-_Tiring,compression_l4,compression,4,vocals,5.47773163560338,4.049642998360242,-0.3010501799543981,-0.41171376588084385
demucs,Raft_Monk_-_Tiring,compression_l4,compression,4,drums,8.93147436831842,8.342025923138426,-0.09926219818490978,-0.11220373951946527
demucs,Raft_Monk_-_Tiring,compression_l4,compression,4,bass,8.651344563606843,8.110669874499578,-0.05848859841262133,-0.06312305578995847
demucs,Raft_Monk_-_Tiring,compression_l4,compression,4,other,5.384263691211161,3.9170050795948534,-0.11168374387146418,-0.1622300911774608
demucs,Raft_Monk_-_Tiring,delay_l1,delay,1,vocals,5.372726793321013,3.8896315528297096,-0.4060550222367647,-0.5717252114113762
demucs,Raft_Monk_-_Tiring,delay_l1,delay,1,drums,9.004883607205795,8.424332320910885,-0.02585295929753606,-0.029897341747005868
demucs,Raft_Monk_-_Tiring,delay_l1,delay,1,bass,8.711104767640707,8.175034593054335,0.001271605621242955,0.0012416627647979794
demucs,Raft_Monk_-_Tiring,delay_l1,delay,1,other,5.311456782760947,3.8059799260530998,-0.18449065232167783,-0.2732552447192145
demucs,Raft_Monk_-_Tiring,delay_l2,delay,2,vocals,4.913484254719845,3.22488398362107,-0.8652975608379334,-1.2364727806200158
demucs,Raft_Monk_-_Tiring,delay_l2,delay,2,drums,8.96109857039029,8.375608183195387,-0.06963799611304111,-0.07862147946250353
demucs,Raft_Monk_-_Tiring,delay_l2,delay,2,bass,8.652168072825067,8.111656358929443,-0.05766508919439772,-0.062136571360094095
demucs,Raft_Monk_-_Tiring,delay_l2,delay,2,other,5.099102301993113,3.493677466125415,-0.39684513308951175,-0.5855577046468992
demucs,Raft_Monk_-_Tiring,delay_l3,delay,3,vocals,4.126146655853407,2.023965472725612,-1.6526351597043716,-2.437391291515474
demucs,Raft_Monk_-_Tiring,delay_l3,delay,3,drums,8.959281667469487,8.372620268609175,-0.07145489903384394,-0.0816093940487157
demucs,Raft_Monk_-_Tiring,delay_l3,delay,3,bass,8.673479158643644,8.12501050059626,-0.03635400337581984,-0.04878242969327751
demucs,Raft_Monk_-_Tiring,delay_l3,delay,3,other,4.655396666556423,2.875526106590711,-0.8405507685262021,-1.203709064181603
demucs,Raft_Monk_-_Tiring,delay_l4,delay,4,vocals,3.540622049946121,1.0784034318768565,-2.238159765611657,-3.382953332364229
demucs,Raft_Monk_-_Tiring,delay_l4,delay,4,drums,8.939305545974197,8.350347609395717,-0.09143102052913399,-0.10388205326217381
demucs,Raft_Monk_-_Tiring,delay_l4,delay,4,bass,8.626177119209327,8.077921936403422,-0.08365604281013717,-0.09587099388611442
demucs,Raft_Monk_-_Tiring,delay_l4,delay,4,other,4.3078312738948625,2.4333971337175524,-1.1881161611877626,-1.6458380370547618
demucs,Raft_Monk_-_Tiring,original,original,0,vocals,5.778781815557778,4.461356764241086,0.0,0.0
demucs,Raft_Monk_-_Tiring,original,original,0,drums,9.03073656650333,8.454229662657891,0.0,0.0
demucs,Raft_Monk_-_Tiring,original,original,0,bass,8.709833162019464,8.173792930289537,0.0,0.0
demucs,Raft_Monk_-_Tiring,original,original,0,other,5.495947435082625,4.079235170772314,0.0,0.0
demucs,Raft_Monk_-_Tiring,reverb_l1,reverb,1,vocals,4.584368888032153,2.729498778440576,-1.194412927525625,-1.7318579858005099
demucs,Raft_Monk_-_Tiring,reverb_l1,reverb,1,drums,8.93068099995695,8.339963234795679,-0.1000555665463807,-0.11426642786221208
demucs,Raft_Monk_-_Tiring,reverb_l1,reverb,1,bass,8.659094458827767,8.118094451194613,-0.05073870319169771,-0.055698479094923314
demucs,Raft_Monk_-_Tiring,reverb_l1,reverb,1,other,4.940049615509765,3.2770499567798677,-0.5558978195728601,-0.8021852139924466
demucs,Raft_Monk_-_Tiring,reverb_l2,reverb,2,vocals,1.3946271791149738,-4.217271475939413,-4.384154636442805,-8.6786282401805
demucs,Raft_Monk_-_Tiring,reverb_l2,reverb,2,drums,8.641024048887918,8.016639005163082,-0.38971251761541303,-0.43759065749480897
demucs,Raft_Monk_-_Tiring,reverb_l2,reverb,2,bass,8.481993508812101,7.9270517930495865,-0.2278396532073632,-0.24674113723995017
demucs,Raft_Monk_-_Tiring,reverb_l2,reverb,2,other,2.9817175043062543,0.9517005288794901,-2.514229930776371,-3.127534641892824
demucs,Raft_Monk_-_Tiring,reverb_l3,reverb,3,vocals,0.6529744374630321,-7.896126379906635,-5.125807378094746,-12.357483144147722
demucs,Raft_Monk_-_Tiring,reverb_l3,reverb,3,drums,8.613099630886579,7.9870847679439985,-0.41763693561675197,-0.46714489471389253
demucs,Raft_Monk_-_Tiring,reverb_l3,reverb,3,bass,8.15513211663223,7.579123485513684,-0.554701045387235,-0.5946694447758523
demucs,Raft_Monk_-_Tiring,reverb_l3,reverb,3,other,2.6522482828008878,0.82617390592546,-2.8436991522817374,-3.2530612648468544
demucs,Raft_Monk_-_Tiring,reverb_l4,reverb,4,vocals,0.608248199782198,-8.227557856052838,-5.170533615775581,-12.688914620293925
demucs,Raft_Monk_-_Tiring,reverb_l4,reverb,4,drums,8.561518172743053,7.930173886291678,-0.4692183937602774,-0.5240557763662128
demucs,Raft_Monk_-_Tiring,reverb_l4,reverb,4,bass,8.330298283893233,7.763752243394394,-0.3795348781262309,-0.41004068689514295
demucs,Raft_Monk_-_Tiring,reverb_l4,reverb,4,other,2.4682348197171726,0.6577187739477636,-3.0277126153654526,-3.4215163968245506
spleeter,Sambasevam_Shanmugam_-_Kaathaadi,bitcrush_l1,bitcrush,1,vocals,10.616662622750304,10.228262139542167,-0.49350133827414133,-0.5405391716791819
spleeter,Sambasevam_Shanmugam_-_Kaathaadi,bitcrush_l1,bitcrush,1,drums,3.659494273416736,1.2216992032841612,-0.030314064631270288,-0.05166388375862718
spleeter,Sambasevam_Shanmugam_-_Kaathaadi,bitcrush_l1,bitcrush,1,bass,7.98108557792623,7.287386129931491,-0.012480726156337774,-0.013741495667805026
spleeter,Sambasevam_Shanmugam_-_Kaathaadi,bitcrush_l1,bitcrush,1,other,6.947831784690522,6.4095503771352895,-0.12556316997252548,-0.1228236669144458
spleeter,Sambasevam_Shanmugam_-_Kaathaadi,bitcrush_l2,bitcrush,2,vocals,10.602079709106766,10.212161590255809,-0.5080842519176798,-0.5566397209655403
spleeter,Sambasevam_Shanmugam_-_Kaathaadi,bitcrush_l2,bitcrush,2,drums,3.65672407147996,1.2170775646086673,-0.033084266568046417,-0.056285522434120994
spleeter,Sambasevam_Shanmugam_-_Kaathaadi,bitcrush_l2,bitcrush,2,bass,7.980378707041277,7.286517795528678,-0.013187597041290466,-0.014609830070617669
spleeter,Sambasevam_Shanmugam_-_Kaathaadi,bitcrush_l2,bitcrush,2,other,6.937179630073059,6.397525233819196,-0.13621532458998864,-0.1348488102305394
spleeter,Sambasevam_Shanmugam_-_Kaathaadi,bitcrush_l3,bitcrush,3,vocals,10.542562497892261,10.14778978721733,-0.5676014631321848,-0.6210115240040182
spleeter,Sambasevam_Shanmugam_-_Kaathaadi,bitcrush_l3,bitcrush,3,drums,3.643772255901223,1.1951371688872254,-0.04603608214678312,-0.0782259181555629
spleeter,Sambasevam_Shanmugam_-_Kaathaadi,bitcrush_l3,bitcrush,3,bass,7.9732866127478355,7.277936499844494,-0.020279691334732064,-0.023191125754801867
spleeter,Sambasevam_Shanmugam_-_Kaathaadi,bitcrush_l3,bitcrush,3,other,6.913670423379709,6.37612585110357,-0.15972453128333886,-0.15624819294616543
spleeter,Sambasevam_Shanmugam_-_Kaathaadi,bitcrush_l4,bitcrush,4,vocals,10.045107806102312,9.600124557146204,-1.065056154922134,-1.168676754075145
spleeter,Sambasevam_Shanmugam_-_Kaathaadi,bitcrush_l4,bitcrush,4,drums,3.49807284135694,0.9484300443116314,-0.19173549669106604,-0.324933042731157
spleeter,Sambasevam_Shanmugam_-_Kaathaadi,bitcrush_l4,bitcrush,4,bass,7.883089833793125,7.173471139555529,-0.1104764702894423,-0.127656486043767
spleeter,Sambasevam_Shanmugam_-_Kaathaadi,bitcrush_l4,bitcrush,4,other,6.58927108366392,6.034837434503098,-0.48412387099912735,-0.49753660954663737
spleeter,Sambasevam_Shanmugam_-_Kaathaadi,compression_l1,compression,1,vocals,10.98885676079114,10.639157224709795,-0.12130720023330532,-0.12964408651155424
spleeter,Sambasevam_Shanmugam_-_Kaathaadi,compression_l1,compression,1,drums,3.6535710142668005,1.209963421173419,-0.0362373237812057,-0.0633996658693694
spleeter,Sambasevam_Shanmugam_-_Kaathaadi,compression_l1,compression,1,bass,7.956820121145958,7.261233777083324,-0.036746182936609806,-0.03989384851597233
spleeter,Sambasevam_Shanmugam_-_Kaathaadi,compression_l1,compression,1,other,7.082429654896166,6.514958508043575,0.009034700233118365,-0.01741553600616008
spleeter,Sambasevam_Shanmugam_-_Kaathaadi,compression_l2,compression,2,vocals,10.584350242362628,10.194685458147049,-0.5258137186618175,-0.5741158530743
spleeter,Sambasevam_Shanmugam_-_Kaathaadi,compression_l2,compression,2,drums,3.57985401154915,1.0843755119723073,-0.10995432649885606,-0.18898757507048103
spleeter,Sambasevam_Shanmugam_-_Kaathaadi,compression_l2,compression,2,bass,7.9544332423873465,7.258629053383112,-0.039133061695221016,-0.042498572216183916
spleeter,Sambasevam_Shanmugam_-_Kaathaadi,compression_l2,compression,2,other,6.9785367954020705,6.371464111423821,-0.09485815926097718,-0.16090993262591446
spleeter,Sambasevam_Shanmugam_-_Kaathaadi,compression_l3,compression,3,vocals,9.993864040311959,9.53674184741642,-1.1162999207124873,-1.2320594638049283
spleeter,Sambasevam_Shanmugam_-_Kaathaadi,compression_l3,compression,3,drums,3.5756536753045203,1.0834131378149099,-0.11415466274348596,-0.18994994922787845
spleeter,Sambasevam_Shanmugam_-_Kaathaadi,compression_l3,compression,3,bass,8.105964054164316,7.4264895385965914,0.11239775008174835,0.12536191299729538
spleeter,Sambasevam_Shanmugam_-_Kaathaadi,compression_l3,compression,3,other,6.683870920058453,6.0796049482720385,-0.3895240346045945,-0.45276909577769686
spleeter,Sambasevam_Shanmugam_-_Kaathaadi,compression_l4,compression,4,vocals,9.82984151821749,9.353422542221457,-1.2803224428069555,-1.4153787689998918
spleeter,Sambasevam_Shanmugam_-_Kaathaadi,compression_l4,compression,4,drums,3.5833259468783902,1.0931511327510455,-0.106482391169616,-0.18021195429174286
spleeter,Sambasevam_Shanmugam_-_Kaathaadi,compression_l4,compression,4,bass,8.132516130940088,7.455064974435012,0.13894982685752044,0.15393734883571586
spleeter,Sambasevam_Shanmugam_-_Kaathaadi,compression_l4,compression,4,other,6.4786272502824165,5.881745096170862,-0.5947677043806312,-0.6506289478788734
spleeter,Sambasevam_Shanmugam_-_Kaathaadi,delay_l1,delay,1,vocals,10.904919990268723,10.541922770168512,-0.20524397075572232,-0.22687854105283733
spleeter,Sambasevam_Shanmugam_-_Kaathaadi,delay_l1,delay,1,drums,3.650869665738356,1.2044399796365157,-0.03893867230965009,-0.06892310740627261
spleeter,Sambasevam_Shanmugam_-_Kaathaadi,delay_l1,delay,1,bass,7.945554828051245,7.248820079531431,-0.04801147603132261,-0.052307546067865474
spleeter,Sambasevam_Shanmugam_-_Kaathaadi,delay_l1,delay,1,other,7.016801856094345,6.46744872378508,-0.05659309856870287,-0.06492532026465536
spleeter,Sambasevam_Shanmugam_-_Kaathaadi,delay_l2,delay,2,vocals,10.217087850990403,9.782977385102306,-0.893076110034043,-0.9858239261190427
spleeter,Sambasevam_Shanmugam_-_Kaathaadi,delay_l2,delay,2,drums,3.616263280361526,1.1466459946509326,-0.07354505768648023,-0.1267170923918557
spleeter,Sambasevam_Shanmugam_-_Kaathaadi,delay_l2,delay,2,bass,7.933780615166541,7.232661647861271,-0.0597856889160262,-0.06846597773802543
spleeter,Sambasevam_Shanmugam_-_Kaathaadi,delay_l2,delay,2,other,6.640061863086347,6.067780586004412,-0.4333330915767011,-0.46459345804532326
spleeter,Sambasevam_Shanmugam_-_Kaathaadi,delay_l3,delay,3,vocals,8.72173641470956,8.099697811206028,-2.388427546314885,-2.6691035000153214
spleeter,Sambasevam_Shanmugam_-_Kaathaadi,delay_l3,delay,3,drums,3.5356833602497617,1.0042575590199219,-0.15412497779824452,-0.26910552802286647
spleeter,Sambasevam_Shanmugam_-_Kaathaadi,delay_l3,delay,3,bass,7.861123759950254,7.151014286859105,-0.1324425441323136,-0.15011333874019073
spleeter,Sambasevam_Shanmugam_-_Kaathaadi,delay_l3,delay,3,other,5.7784978910252764,5.162736225522617,-1.2948970636377712,-1.369637818527118
spleeter,Sambasevam_Shanmugam_-_Kaathaadi,delay_l4,delay,4,vocals,8.46018455202089,7.803011202876058,-2.6499794090035564,-2.965790108345291
spleeter,Sambasevam_Shanmugam_-_Kaathaadi,delay_l4,delay,4,drums,3.5400653714658414,1.0190366433356268,-0.1497429665821648,-0.2543264437071615
spleeter,Sambasevam_Shanmugam_-_Kaathaadi,delay_l4,delay,4,bass,7.813694171430164,7.077990041155026,-0.17987213265240332,-0.22313758444427023
spleeter,Sambasevam_Shanmugam_-_Kaathaadi,delay_l4,delay,4,other,5.487868621963444,4.825680070751037,-1.5855263326996036,-1.706693973298698
spleeter,Sambasevam_Shanmugam_-_Kaathaadi,original,original,0,vocals,11.110163961024446,10.768801311221349,0.0,0.0
spleeter,Sambasevam_Shanmugam_-_Kaathaadi,original,original,0,drums,3.6898083380480062,1.2733630870427883,0.0,0.0
spleeter,Sambasevam_Shanmugam_-_Kaathaadi,original,original,0,bass,7.9935663040825675,7.301127625599296,0.0,0.0
spleeter,Sambasevam_Shanmugam_-_Kaathaadi,original,original,0,other,7.073394954663048,6.532374044049735,0.0,0.0
spleeter,Sambasevam_Shanmugam_-_Kaathaadi,reverb_l1,reverb,1,vocals,10.894241929747249,10.527804469174653,-0.21592203127719678,-0.24099684204669636
spleeter,Sambasevam_Shanmugam_-_Kaathaadi,reverb_l1,reverb,1,drums,3.702808605341805,1.2963659011042301,0.01300026729379855,0.02300281406144178
spleeter,Sambasevam_Shanmugam_-_Kaathaadi,reverb_l1,reverb,1,bass,8.008717890464105,7.318070645031883,0.015151586381537463,0.01694301943258658
spleeter,Sambasevam_Shanmugam_-_Kaathaadi,reverb_l1,reverb,1,other,6.97793773260945,6.4249620348440075,-0.09545722205359741,-0.1074120092057278
spleeter,Sambasevam_Shanmugam_-_Kaathaadi,reverb_l2,reverb,2,vocals,9.718962912457117,9.246793705727939,-1.3912010485673285,-1.5220076054934104
spleeter,Sambasevam_Shanmugam_-_Kaathaadi,reverb_l2,reverb,2,drums,3.6125045915774123,1.1392787580425308,-0.0773037464705939,-0.13408432900025757
spleeter,Sambasevam_Shanmugam_-_Kaathaadi,reverb_l2,reverb,2,bass,7.882880878630171,7.176970917612567,-0.11068542545239612,-0.12415670798672895
spleeter,Sambasevam_Shanmugam_-_Kaathaadi,reverb_l2,reverb,2,other,6.404239264913264,5.83039122861599,-0.6691556897497835,-0.7019828154337455
spleeter,Sambasevam_Shanmugam_-_Kaathaadi,reverb_l3,reverb,3,vocals,9.670223744546707,9.201804101841667,-1.4399402164777388,-1.5669972093796822
spleeter,Sambasevam_Shanmugam_-_Kaathaadi,reverb_l3,reverb,3,drums,3.5969591983605254,1.1111834394071778,-0.09284913968748087,-0.16217964763561055
spleeter,Sambasevam_Shanmugam_-_Kaathaadi,reverb_l3,reverb,3,bass,7.892988407393707,7.1921438158641955,-0.10057789668886041,-0.10898380973510058
spleeter,Sambasevam_Shanmugam_-_Kaathaadi,reverb_l3,reverb,3,other,6.293070553701345,5.722237494557206,-0.7803244009617023,-0.8101365494925297
spleeter,Sambasevam_Shanmugam_-_Kaathaadi,reverb_l4,reverb,4,vocals,9.735084138953026,9.266078525350206,-1.3750798220714202,-1.5027227858711427
spleeter,Sambasevam_Shanmugam_-_Kaathaadi,reverb_l4,reverb,4,drums,3.579836721581984,1.0815908712432054,-0.10997161646602205,-0.19177221579958292
spleeter,Sambasevam_Shanmugam_-_Kaathaadi,reverb_l4,reverb,4,bass,7.917830633224679,7.21919405649656,-0.07573567085788824,-0.08193356910273586
spleeter,Sambasevam_Shanmugam_-_Kaathaadi,reverb_l4,reverb,4,other,6.290091536881784,5.719510959926327,-0.7833034177812639,-0.8128630841234079
demucs,Sambasevam_Shanmugam_-_Kaathaadi,bitcrush_l1,bitcrush,1,vocals,13.276656475428691,13.067503982813571,-0.5339038853106945,-0.5593923357862902
demucs,Sambasevam_Shanmugam_-_Kaathaadi,bitcrush_l1,bitcrush,1,drums,7.528215489066556,6.686680792648893,-0.34950522512999704,-0.4235529553801918
demucs,Sambasevam_Shanmugam_-_Kaathaadi,bitcrush_l1,bitcrush,1,bass,11.217402321828757,10.908481941848496,-0.05204722100458525,-0.05279278198940318
demucs,Sambasevam_Shanmugam_-_Kaathaadi,bitcrush_l1,bitcrush,1,other,9.877172987642876,9.482280090827684,-0.31729939338103463,-0.3289453509309226
demucs,Sambasevam_Shanmugam_-_Kaathaadi,bitcrush_l2,bitcrush,2,vocals,13.277375197174848,13.068275278880508,-0.5331851635645375,-0.5586210397193536
demucs,Sambasevam_Shanmugam_-_Kaathaadi,bitcrush_l2,bitcrush,2,drums,7.552733796529472,6.717196929122718,-0.324986917667081,-0.3930368189063671
demucs,Sambasevam_Shanmugam_-_Kaathaadi,bitcrush_l2,bitcrush,2,bass,11.126350873329027,10.810106089915976,-0.14309866950431527,-0.15116863392192315
demucs,Sambasevam_Shanmugam_-_Kaathaadi,bitcrush_l2,bitcrush,2,other,9.903500610100618,9.510660034764138,-0.2909717709232922,-0.300565406994469
demucs,Sambasevam_Shanmugam_-_Kaathaadi,bitcrush_l3,bitcrush,3,vocals,13.181351054569886,12.96768266886585,-0.6292093061694999,-0.6592136497340118
demucs,Sambasevam_Shanmugam_-_Kaathaadi,bitcrush_l3,bitcrush,3,drums,7.563857742568616,6.729715818681903,-0.31386297162793664,-0.38051792934718165
demucs,Sambasevam_Shanmugam_-_Kaathaadi,bitcrush_l3,bitcrush,3,bass,11.119811716975015,10.802480672763293,-0.14963782585832774,-0.1587940510746062
demucs,Sambasevam_Shanmugam_-_Kaathaadi,bitcrush_l3,bitcrush,3,other,9.839888118995473,9.44680013052358,-0.3545842620284372,-0.36442531123502775
demucs,Sambasevam_Shanmugam_-_Kaathaadi,bitcrush_l4,bitcrush,4,vocals,12.371794479370408,12.114872582297398,-1.4387658813689779,-1.5120237363024636
demucs,Sambasevam_Shanmugam_-_Kaathaadi,bitcrush_l4,bitcrush,4,drums,7.438339382021734,6.578977182397756,-0.43938133217481834,-0.5312565656313293
demucs,Sambasevam_Shanmugam_-_Kaathaadi,bitcrush_l4,bitcrush,4,bass,11.106329478213192,10.792601305623386,-0.16312006462015027,-0.16867341821451376
demucs,Sambasevam_Shanmugam_-_Kaathaadi,bitcrush_l4,bitcrush,4,other,9.495176591505446,9.084133945649237,-0.6992957895184642,-0.7270914961093702
demucs,Sambasevam_Shanmugam_-_Kaathaadi,compression_l1,compression,1,vocals,13.527242609456316,13.331204301399268,-0.2833177512830698,-0.2956920172005937
demucs,Sambasevam_Shanmugam_-_Kaathaadi,compression_l1,compression,1,drums,7.529320752418011,6.688897176893813,-0.3483999617785418,-0.4213365711352717
demucs,Sambasevam_Shanmugam_-_Kaathaadi,compression_l1,compression,1,bass,11.036927528877579,10.716759944003014,-0.232522013955764,-0.24451477983488523
demucs,Sambasevam_Shanmugam_-_Kaathaadi,compression_l1,compression,1,other,10.07446201068133,9.67703311050947,-0.12001037034258033,-0.1341923312491371
demucs,Sambasevam_Shanmugam_-_Kaathaadi,compression_l2,compression,2,vocals,12.897629402940222,12.67019364711696,-0.9129309577991638,-0.9567026714829012
demucs,Sambasevam_Shanmugam_-_Kaathaadi,compression_l2,compression,2,drums,7.410200140720033,6.544358504967683,-0.46752057347652,-0.5658752430614022
demucs,Sambasevam_Shanmugam_-_Kaathaadi,compression_l2,compression,2,bass,10.942470105233111,10.615923993163051,-0.3269794376002313,-0.34535073067484845
demucs,Sambasevam_Shanmugam_-_Kaathaadi,compression_l2,compression,2,other,9.79593006773088,9.377119778221452,-0.3985423132930297,-0.43410566353715474
demucs,Sambasevam_Shanmugam_-_Kaathaadi,compression_l3,compression,3,vocals,12.76444813685652,12.529029927108294,-1.046112223882865,-1.0978663914915678
demucs,Sambasevam_Shanmugam_-_Kaathaadi,compression_l3,compression,3,drums,7.37079198749787,6.496959134521009,-0.5069287266986828,-0.613274613508076
demucs,Sambasevam_Shanmugam_-_Kaathaadi,compression_l3,compression,3,bass,10.950564198077522,10.626100020828913,-0.3188853447558202,-0.33517470300898644
demucs,Sambasevam_Shanmugam_-_Kaathaadi,compression_l3,compression,3,other,9.730503874800199,9.306268407673537,-0.46396850622371133,-0.50495703408507
demucs,Sambasevam_Shanmugam_-_Kaathaadi,compression_l4,compression,4,vocals,12.949766343479247,12.724263235743232,-0.8607940172601385,-0.9026330828566298
demucs,Sambasevam_Shanmugam_-_Kaathaadi,compression_l4,compression,4,drums,7.515142791589922,6.673236690077432,-0.362577922606631,-0.4369970579516531
demucs,Sambasevam_Shanmugam_-_Kaathaadi,compression_l4,compression,4,bass,11.034929378549725,10.713400226888709,-0.23452016428361766,-0.24787449694919061
demucs,Sambasevam_Shanmugam_-_Kaathaadi,compression_l4,compression,4,other,9.865716262956237,9.45222869049151,-0.32875611806767324,-0.35899675126709774
demucs,Sambasevam_Shanmugam_-_Kaathaadi,delay_l1,delay,1,vocals,13.250998497116413,13.040909708228376,-0.5595618636229727,-0.585986610371485
demucs,Sambasevam_Shanmugam_-_Kaathaadi,delay_l1,delay,1,drums,7.787487757753951,7.002509891551289,-0.09023295644260187,-0.10772385647779625
demucs,Sambasevam_Shanmugam_-_Kaathaadi,delay_l1,delay,1,bass,11.157575028703025,10.840813703958844,-0.11187451413031724,-0.12046101987905544
demucs,Sambasevam_Shanmugam_-_Kaathaadi,delay_l1,delay,1,other,9.892058659158746,9.495454514369523,-0.3024137218651646,-0.3157709273890834
demucs,Sambasevam_Shanmugam_-_Kaathaadi,delay_l2,delay,2,vocals,12.269054893333296,12.007078448483277,-1.5415054674060897,-1.6198178701165844
demucs,Sambasevam_Shanmugam_-_Kaathaadi,delay_l2,delay,2,drums,7.31617363099315,6.4329826599486415,-0.5615470832034024,-0.6772510880804434
demucs,Sambasevam_Shanmugam_-_Kaathaadi,delay_l2,delay,2,bass,10.700134043974586,10.350613807629614,-0.5693154988587565,-0.6106609162082854
demucs,Sambasevam_Shanmugam_-_Kaathaadi,delay_l2,delay,2,other,9.133019940781624,8.693777182165514,-1.0614524402422862,-1.1174482595930932
demucs,Sambasevam_Shanmugam_-_Kaathaadi,delay_l3,delay,3,vocals,11.207937079548637,10.881270648332798,-2.6026232811907484,-2.7456256702670636
demucs,Sambasevam_Shanmugam_-_Kaathaadi,delay_l3,delay,3,drums,7.405974638630649,6.541370656569601,-0.4717460755659033,-0.5688630914594839
demucs,Sambasevam_Shanmugam_-_Kaathaadi,delay_l3,delay,3,bass,10.701147856874371,10.349452015925802,-0.5683016859589713,-0.611822707912097
demucs,Sambasevam_Shanmugam_-_Kaathaadi,delay_l3,delay,3,other,8.625823670664781,8.14635937950653,-1.5686487103591293,-1.6648660622520772
demucs,Sambasevam_Shanmugam_-_Kaathaadi,delay_l4,delay,4,vocals,10.357835898586432,9.987809047979873,-3.452724462152954,-3.6390872706199886
demucs,Sambasevam_Shanmugam_-_Kaathaadi,delay_l4,delay,4,drums,7.3452086568149655,6.465864666864849,-0.5325120573815871,-0.6443690811642355
demucs,Sambasevam_Shanmugam_-_Kaathaadi,delay_l4,delay,4,bass,10.616398624522091,10.258842978699237,-0.6530509183112514,-0.7024317451386626
demucs,Sambasevam_Shanmugam_-_Kaathaadi,delay_l4,delay,4,other,7.978722050559575,7.472836571266858,-2.215750330464336,-2.338388870491749
demucs,Sambasevam_Shanmugam_-_Kaathaadi,original,original,0,vocals,13.810560360739386,13.626896318599862,0.0,0.0
demucs,Sambasevam_Shanmugam_-_Kaathaadi,original,original,0,drums,7.877720714196553,7.110233748029085,0.0,0.0
demucs,Sambasevam_Shanmugam_-_Kaathaadi,original,original,0,bass,11.269449542833343,10.9612747238379,0.0,0.0
demucs,Sambasevam_Shanmugam_-_Kaathaadi,original,original,0,other,10.19447238102391,9.811225441758607,0.0,0.0
demucs,Sambasevam_Shanmugam_-_Kaathaadi,reverb_l1,reverb,1,vocals,13.42940154500007,13.227819775342692,-0.3811588157393153,-0.3990765432571699
demucs,Sambasevam_Shanmugam_-_Kaathaadi,reverb_l1,reverb,1,drums,7.784785576469133,6.997249790555421,-0.09293513772741946,-0.11298395747366374
demucs,Sambasevam_Shanmugam_-_Kaathaadi,reverb_l1,reverb,1,bass,11.12976187050041,10.812256609144038,-0.13968767233293278,-0.1490181146938614
demucs,Sambasevam_Shanmugam_-_Kaathaadi,reverb_l1,reverb,1,other,9.96892779452275,9.57635768867853,-0.22554458650115983,-0.234867753080076
demucs,Sambasevam_Shanmugam_-_Kaathaadi,reverb_l2,reverb,2,vocals,12.22951831186082,11.969009005469468,-1.5810420488785653,-1.6578873131303933
demucs,Sambasevam_Shanmugam_-_Kaathaadi,reverb_l2,reverb,2,drums,7.806325977164378,7.023312977113097,-0.07139473703217458,-0.08692077091598804
demucs,Sambasevam_Shanmugam_-_Kaathaadi,reverb_l2,reverb,2,bass,10.961223251161293,10.625595683769987,-0.3082262916720495,-0.3356790400679124
demucs,Sambasevam_Shanmugam_-_Kaathaadi,reverb_l2,reverb,2,other,9.35652176474273,8.942205431636902,-0.8379506162811801,-0.8690200101217052
demucs,Sambasevam_Shanmugam_-_Kaathaadi,reverb_l3,reverb,3,vocals,11.666784532437802,11.367416639897074,-2.1437758283015835,-2.259479678702787
demucs,Sambasevam_Shanmugam_-_Kaathaadi,reverb_l3,reverb,3,drums,7.7638720101828955,6.9714779880766,-0.1138487040136571,-0.13875575995248468
demucs,Sambasevam_Shanmugam_-_Kaathaadi,reverb_l3,reverb,3,bass,10.80668539342385,10.459568515288316,-0.46276414940949273,-0.5017062085495834
demucs,Sambasevam_Shanmugam_-_Kaathaadi,reverb_l3,reverb,3,other,9.059058418862458,8.63071930622911,-1.1354139621614525,-1.1805061355294963
demucs,Sambasevam_Shanmugam_-_Kaathaadi,reverb_l4,reverb,4,vocals,11.445344604636178,11.129384018626778,-2.3652157561032077,-2.497512299973083
demucs,Sambasevam_Shanmugam_-_Kaathaadi,reverb_l4,reverb,4,drums,7.862116227699728,7.089749296161401,-0.015604486496824777,-0.020484451867684328
demucs,Sambasevam_Shanmugam_-_Kaathaadi,reverb_l4,reverb,4,bass,10.889587882929748,10.547256939026493,-0.3798616599035949,-0.4140177848114064
demucs,Sambasevam_Shanmugam_-_Kaathaadi,reverb_l4,reverb,4,other,8.889687604909614,8.452645150093097,-1.304784776114296,-1.3585802916655094
spleeter,Secretariat_-_Borderline,bitcrush_l1,bitcrush,1,vocals,6.202692276941473,5.020892866022094,-0.48447774576406655,-0.6315616439285252
spleeter,Secretariat_-_Borderline,bitcrush_l1,bitcrush,1,drums,4.260057077636028,2.2413744560955733,-0.07960710119203185,-0.11520911191377703
spleeter,Secretariat_-_Borderline,bitcrush_l1,bitcrush,1,bass,3.153843347791092,0.6163933356815725,0.025144963111598084,0.03173478702119936
spleeter,Secretariat_-_Borderline,bitcrush_l1,bitcrush,1,other,6.896841842522874,5.923670165281576,-0.02535684256710713,-0.029508487287092322
spleeter,Secretariat_-_Borderline,bitcrush_l2,bitcrush,2,vocals,6.201678525288905,5.019504345117464,-0.48549149741663467,-0.6329501648331552
spleeter,Secretariat_-_Borderline,bitcrush_l2,bitcrush,2,drums,4.2604678654937205,2.2419463613318236,-0.07919631333433941,-0.11463720667752675
spleeter,Secretariat_-_Borderline,bitcrush_l2,bitcrush,2,bass,3.1515886658201193,0.6135932981832207,0.0228902811406253,0.02893474952284758
spleeter,Secretariat_-_Borderline,bitcrush_l2,bitcrush,2,other,6.895430070334942,5.921978744416958,-0.026768614755039444,-0.031199908151711142
spleeter,Secretariat_-_Borderline,bitcrush_l3,bitcrush,3,vocals,6.195092516616821,5.011167307202191,-0.4920775060887186,-0.641287202748428
spleeter,Secretariat_-_Borderline,bitcrush_l3,bitcrush,3,drums,4.25491578193003,2.234113499570064,-0.08474839689803026,-0.1224700684392861
spleeter,Secretariat_-_Borderline,bitcrush_l3,bitcrush,3,bass,3.1551058185749947,0.6197701482237856,0.02640743389550071,0.03511159956341248
spleeter,Secretariat_-_Borderline,bitcrush_l3,bitcrush,3,other,6.893297382807341,5.918977163353089,-0.028901302282640096,-0.03420148921557953
spleeter,Secretariat_-_Borderline,bitcrush_l4,bitcrush,4,vocals,6.065150415920785,4.8431082419287605,-0.6220196067847548,-0.8093462680218586
spleeter,Secretariat_-_Borderline,bitcrush_l4,bitcrush,4,drums,4.226453584730734,2.192581192088289,-0.11321059409732559,-0.16400237592106137
spleeter,Secretariat_-_Borderline,bitcrush_l4,bitcrush,4,bass,3.133041934158877,0.5752287257324077,0.004343549479382869,-0.009429822927965459
spleeter,Secretariat_-_Borderline,bitcrush_l4,bitcrush,4,other,6.832119417459229,5.845397649716605,-0.09007926763075247,-0.1077810028520636
spleeter,Secretariat_-_Borderline,compression_l1,compression,1,vocals,6.423902852998108,5.321158294943219,-0.263267169707432,-0.33129621500740036
spleeter,Secretariat_-_Borderline,compression_l1,compression,1,drums,4.304019992795302,2.3038097390096675,-0.03564418603275765,-0.05277382899968286
spleeter,Secretariat_-_Borderline,compression_l1,compression,1,bass,3.1219352796969457,0.5838263077591529,-0.006763104982548285,-0.0008322409012202492
spleeter,Secretariat_-_Borderline,compression_l1,compression,1,other,6.835786139840875,5.842426598235858,-0.08641254524910646,-0.11075205433281088
spleeter,Secretariat_-_Borderline,compression_l2,compression,2,vocals,5.9452562181994555,4.695546943665752,-0.7419138045060842,-0.9569075662848672
spleeter,Secretariat_-_Borderline,compression_l2,compression,2,drums,4.220351575731833,2.180799979119841,-0.11931260309622704,-0.17578358888950918
spleeter,Secretariat_-_Borderline,compression_l2,compression,2,bass,3.0877709247699108,0.5540282168559602,-0.04092745990958324,-0.03063033180441299
spleeter,Secretariat_-_Borderline,compression_l2,compression,2,other,6.663536861221738,5.626700965654577,-0.258661823868243,-0.3264776869140915
spleeter,Secretariat_-_Borderline,compression_l3,compression,3,vocals,5.5362867489988385,4.139073800082191,-1.1508832737067012,-1.5133807098684278
spleeter,Secretariat_-_Borderline,compression_l3,compression,3,drums,4.089588191657311,1.9932460286899603,-0.2500759871707485,-0.36333753931939006
spleeter,Secretariat_-_Borderline,compression_l3,compression,3,bass,3.060420432154285,0.5199928771058949,-0.06827795252520907,-0.06466567155447822
spleeter,Secretariat_-_Borderline,compression_l3,compression,3,other,6.5332240100975225,5.465806707448586,-0.3889746749924585,-0.4873719451200831
spleeter,Secretariat_-_Borderline,compression_l4,compression,4,vocals,5.2795418538349725,3.7670193886984746,-1.4076281688705672,-1.8854351212521445
spleeter,Secretariat_-_Borderline,compression_l4,compression,4,drums,3.8103443673427835,1.4978375191862003,-0.5293198114852764,-0.85874604882315
spleeter,Secretariat_-_Borderline,compression_l4,compression,4,bass,2.834074665493467,0.10584377997418863,-0.2946237191860268,-0.4788147686861845
spleeter,Secretariat_-_Borderline,compression_l4,compression,4,other,6.456454022821871,5.398598242786244,-0.4657446622681096,-0.5545804097824245
spleeter,Secretariat_-_Borderline,delay_l1,delay,1,vocals,6.408317472486257,5.288918548860435,-0.2788525502192831,-0.36353596109018405
spleeter,Secretariat_-_Borderline,delay_l1,delay,1,drums,4.258678208231087,2.2300646045332635,-0.08098597059697266,-0.12651896347608682
spleeter,Secretariat_-_Borderline,delay_l1,delay,1,bass,3.028140508677595,0.45721679820443345,-0.1005578760018988,-0.1274417504559397
spleeter,Secretariat_-_Borderline,delay_l1,delay,1,other,6.776463102959282,5.777268378601793,-0.14573558213069937,-0.17591027396687586
spleeter,Secretariat_-_Borderline,delay_l2,delay,2,vocals,6.016636805083272,4.7719957640073165,-0.6705332176222676,-0.8804587459433026
spleeter,Secretariat_-_Borderline,delay_l2,delay,2,drums,4.23560008633061,2.210601071768019,-0.10406409249744986,-0.1459824962413312
spleeter,Secretariat_-_Borderline,delay_l2,delay,2,bass,3.108043175803292,0.6130879490790004,-0.020655208876202202,0.028429400418627293
spleeter,Secretariat_-_Borderline,delay_l2,delay,2,other,6.630851189532992,5.595019811321324,-0.29134749555698924,-0.3581588412473451
spleeter,Secretariat_-_Borderline,delay_l3,delay,3,vocals,5.362364116937515,3.8759017836234335,-1.3248059057680246,-1.7765527263271856
spleeter,Secretariat_-_Borderline,delay_l3,delay,3,drums,4.198473398991251,2.1439109963571203,-0.14119077983680928,-0.21267257165222997
spleeter,Secretariat_-_Borderline,delay_l3,delay,3,bass,2.98248956156491,0.45341414644829375,-0.14620882311458416,-0.1312444022120794
spleeter,Secretariat_-_Borderline,delay_l3,delay,3,other,6.298954161311663,5.18710235294307,-0.6232445237783182,-0.766076299625599
spleeter,Secretariat_-_Borderline,delay_l4,delay,4,vocals,4.895695033228783,3.195716764173852,-1.7914749894767565,-2.456737745776767
spleeter,Secretariat_-_Borderline,delay_l4,delay,4,drums,4.148979549399057,2.068624110451359,-0.19068462942900322,-0.28795945755799135
spleeter,Secretariat_-_Borderline,delay_l4,delay,4,bass,2.8972621367655056,0.33727715340303743,-0.23143624791398842,-0.2473813952573357
spleeter,Secretariat_-_Borderline,delay_l4,delay,4,other,6.069025343674874,4.916792749773383,-0.8531733414151068,-1.0363859027952858
spleeter,Secretariat_-_Borderline,original,original,0,vocals,6.68717002270554,5.652454509950619,0.0,0.0
spleeter,Secretariat_-_Borderline,original,original,0,drums,4.33966417882806,2.3565835680093503,0.0,0.0
spleeter,Secretariat_-_Borderline,original,original,0,bass,3.128698384679494,0.5846585486603731,0.0,0.0
spleeter,Secretariat_-_Borderline,original,original,0,other,6.922198685089981,5.953178652568669,0.0,0.0
spleeter,Secretariat_-_Borderline,reverb_l1,reverb,1,vocals,5.722000436547622,4.37393546940538,-0.9651695861579181,-1.2785190405452393
spleeter,Secretariat_-_Borderline,reverb_l1,reverb,1,drums,4.22653743576914,2.1842361360401905,-0.11312674305891957,-0.1723474319691598
spleeter,Secretariat_-_Borderline,reverb_l1,reverb,1,bass,3.077167448125934,0.5148960260234257,-0.051530936553560114,-0.06976252263694749
spleeter,Secretariat_-_Borderline,reverb_l1,reverb,1,other,6.635330175731725,5.621775321920874,-0.28686850935825614,-0.33140333064779437
spleeter,Secretariat_-_Borderline,reverb_l2,reverb,2,vocals,2.8237715165826787,-0.38130164131726374,-3.863398506122861,-6.033756151267883
spleeter,Secretariat_-_Borderline,reverb_l2,reverb,2,drums,3.832579395070306,1.5931682198769346,-0.5070847837577537,-0.7634153481324157
spleeter,Secretariat_-_Borderline,reverb_l2,reverb,2,bass,2.6160815773418316,-0.1244722003456662,-0.5126168073376625,-0.7091307490060393
spleeter,Secretariat_-_Borderline,reverb_l2,reverb,2,other,5.355948738117155,4.21636435588771,-1.5662499469728264,-1.7368142966809588
spleeter,Secretariat_-_Borderline,reverb_l3,reverb,3,vocals,1.8322622043603074,-2.7996742382974964,-4.854907818345232,-8.452128748248116
spleeter,Secretariat_-_Borderline,reverb_l3,reverb,3,drums,3.664720743566278,1.3520588028123797,-0.674943435261782,-1.0045247651969706
spleeter,Secretariat_-_Borderline,reverb_l3,reverb,3,bass,2.3757734567485396,-0.4573363715291279,-0.7529249279309544,-1.0419949201895011
spleeter,Secretariat_-_Borderline,reverb_l3,reverb,3,other,4.798989051421198,3.667003014707648,-2.1232096336687833,-2.286175637861021
spleeter,Secretariat_-_Borderline,reverb_l4,reverb,4,vocals,1.7605972376563281,-3.0112456629117186,-4.926572785049212,-8.663700172862338
spleeter,Secretariat_-_Borderline,reverb_l4,reverb,4,drums,3.639203154719497,1.3194707850327922,-0.7004610241085629,-1.037112782976558
spleeter,Secretariat_-_Borderline,reverb_l4,reverb,4,bass,2.378937105022816,-0.45801759346624416,-0.7497612796566782,-1.0426761421266173
spleeter,Secretariat_-_Borderline,reverb_l4,reverb,4,other,4.751376935769361,3.624922917867157,-2.17082174932062,-2.3282557347015116
demucs,Secretariat_-_Borderline,bitcrush_l1,bitcrush,1,vocals,8.12301512029368,7.402969673497054,-0.3280791425019043,-0.39718810392004933
demucs,Secretariat_-_Borderline,bitcrush_l1,bitcrush,1,drums,7.1275986016723785,6.200019833738686,-0.13978935517751623,-0.16724150775985613
demucs,Secretariat_-_Borderline,bitcrush_l1,bitcrush,1,bass,5.808951195897319,4.518258179563195,-0.010204828103169916,-0.006411849575857609
demucs,Secretariat_-_Borderline,bitcrush_l1,bitcrush,1,other,8.938663555136023,8.352197746153866,-0.06118331242807429,-0.06771270364365911
demucs,Secretariat_-_Borderline,bitcrush_l2,bitcrush,2,vocals,8.089469022151036,7.36517144389997,-0.36162524064454793,-0.43498633351713334
demucs,Secretariat_-_Borderline,bitcrush_l2,bitcrush,2,drums,7.0722099221422985,6.130975912914499,-0.1951780347075962,-0.23628542858404344
demucs,Secretariat_-_Borderline,bitcrush_l2,bitcrush,2,bass,5.82081903997976,4.526395212111902,0.0016630159792709875,0.001725182972849737
demucs,Secretariat_-_Borderline,bitcrush_l2,bitcrush,2,other,8.910822929074634,8.31987082657404,-0.0890239384894631,-0.10003962322348592
demucs,Secretariat_-_Borderline,bitcrush_l3,bitcrush,3,vocals,8.077880870193898,7.350589616766385,-0.37321339260168607,-0.4495681606507187
demucs,Secretariat_-_Borderline,bitcrush_l3,bitcrush,3,drums,7.0988072064263275,6.163796780198931,-0.16858075042356724,-0.20346456129961155
demucs,Secretariat_-_Borderline,bitcrush_l3,bitcrush,3,bass,5.82686573136802,4.537486917618031,0.00770970736753096,0.012816888478978328
demucs,Secretariat_-_Borderline,bitcrush_l3,bitcrush,3,other,8.913158152153557,8.323330523787158,-0.08668871541054024,-0.09657992601036725
demucs,Secretariat_-_Borderline,bitcrush_l4,bitcrush,4,vocals,7.975108747415456,7.222498969615289,-0.47598551538012757,-0.5776588078018143
demucs,Secretariat_-_Borderline,bitcrush_l4,bitcrush,4,drums,6.973332744654758,6.011961087048218,-0.2940552121951363,-0.35530025445032454
demucs,Secretariat_-_Borderline,bitcrush_l4,bitcrush,4,bass,5.815706902032379,4.522459608910357,-0.0034491219681100915,-0.00221042022869522
demucs,Secretariat_-_Borderline,bitcrush_l4,bitcrush,4,other,8.904715533506751,8.315080883910337,-0.09513133405734564,-0.10482956588718828
demucs,Secretariat_-_Borderline,compression_l1,compression,1,vocals,8.219315281530953,7.538861468932181,-0.2317789812646307,-0.2612963084849227
demucs,Secretariat_-_Borderline,compression_l1,compression,1,drums,7.242645395543759,6.336148491494242,-0.024742561306135613,-0.031112850004300086
demucs,Secretariat_-_Borderline,compression_l1,compression,1,bass,5.765517170488513,4.4581881513728305,-0.05363885351197606,-0.06648187776622194
demucs,Secretariat_-_Borderline,compression_l1,compression,1,other,8.890788867571862,8.294501118754994,-0.10905799999223476,-0.1254093310425315
demucs,Secretariat_-_Borderline,compression_l2,compression,2,vocals,7.804717089072941,7.062278365274212,-0.6463771737226427,-0.7378794121428918
demucs,Secretariat_-_Borderline,compression_l2,compression,2,drums,7.187503844265066,6.2688978049833874,-0.07988411258482842,-0.09836353651515495
demucs,Secretariat_-_Borderline,compression_l2,compression,2,bass,5.75938181186358,4.449364221725738,-0.05977421213690892,-0.07530580741331416
demucs,Secretariat_-_Borderline,compression_l2,compression,2,other,8.71650161609422,8.09218530959014,-0.28334525146987666,-0.3277251402073844
demucs,Secretariat_-_Borderline,compression_l3,compression,3,vocals,7.490523819998119,6.688593254835191,-0.9605704427974651,-1.1115645225819124
demucs,Secretariat_-_Borderline,compression_l3,compression,3,drums,7.1315415351575195,6.200233129742907,-0.13584642169237515,-0.16702821175563543
demucs,Secretariat_-_Borderline,compression_l3,compression,3,bass,5.751440512034507,4.437033312948198,-0.06771551196598224,-0.08763671619085489
demucs,Secretariat_-_Borderline,compression_l3,compression,3,other,8.60187796930301,7.958814979842929,-0.3979688982610874,-0.4610954699545964
demucs,Secretariat_-_Borderline,compression_l4,compression,4,vocals,7.383385240334094,6.553520870451724,-1.0677090224614902,-1.2466369069653798
demucs,Secretariat_-_Borderline,compression_l4,compression,4,drums,7.068949039212642,6.123367502333226,-0.19843891763725274,-0.2438938391653167
demucs,Secretariat_-_Borderline,compression_l4,compression,4,bass,5.654910787328282,4.305411935341999,-0.16424523667220736,-0.21925809379705363
demucs,Secretariat_-_Borderline,compression_l4,compression,4,other,8.561003779377462,7.912874051750998,-0.4388430881866352,-0.5070363980465276
demucs,Secretariat_-_Borderline,delay_l1,delay,1,vocals,7.970933761422482,7.233844030044635,-0.48016050137310184,-0.5663137473724689
demucs,Secretariat_-_Borderline,delay_l1,delay,1,drums,7.264452443617756,6.363354318182067,-0.002935513232138476,-0.003907023316475744
demucs,Secretariat_-_Borderline,delay_l1,delay,1,bass,5.779799915036121,4.479713483797278,-0.03935610896436792,-0.0449565453417744
demucs,Secretariat_-_Borderline,delay_l1,delay,1,other,8.80558081075902,8.199972225688404,-0.19426605680507691,-0.21993822410912145
demucs,Secretariat_-_Borderline,delay_l2,delay,2,vocals,7.4796445245458765,6.633478533646365,-0.9714497382497074,-1.166679243770739
demucs,Secretariat_-_Borderline,delay_l2,delay,2,drums,7.20472900108026,6.2897160537199355,-0.06265895576963487,-0.07754528777860692
demucs,Secretariat_-_Borderline,delay_l2,delay,2,bass,5.752095206346999,4.436492217353782,-0.06706081765349037,-0.08817781178527007
demucs,Secretariat_-_Borderline,delay_l2,delay,2,other,8.575849015940909,7.937820398678199,-0.4239978516231879,-0.482090051119326
demucs,Secretariat_-_Borderline,delay_l3,delay,3,vocals,6.872328431459202,5.876944096351276,-1.5787658313363817,-1.9232136810658274
demucs,Secretariat_-_Borderline,delay_l3,delay,3,drums,7.1511860842782715,6.222734191969588,-0.11620187257162318,-0.14452714952895462
demucs,Secretariat_-_Borderline,delay_l3,delay,3,bass,5.734816107424365,4.409873250096961,-0.08433991657612427,-0.1147967790420914
demucs,Secretariat_-_Borderline,delay_l3,delay,3,other,8.289513089539646,7.6095847629276285,-0.7103337780244505,-0.8103256868698967
demucs,Secretariat_-_Borderline,delay_l4,delay,4,vocals,6.456872676909333,5.343940679616585,-1.994221585886251,-2.4562170978005184
demucs,Secretariat_-_Borderline,delay_l4,delay,4,drums,7.119423086191157,6.184184886419936,-0.14796487065873798,-0.1830764550786066
demucs,Secretariat_-_Borderline,delay_l4,delay,4,bass,5.749805695960093,4.432970463720172,-0.06935032804039576,-0.0916995654188808
demucs,Secretariat_-_Borderline,delay_l4,delay,4,other,8.107183977329727,7.402302682474964,-0.8926628902343694,-1.017607767322561
demucs,Secretariat_-_Borderline,original,original,0,vocals,8.451094262795584,7.800157777417104,0.0,0.0
demucs,Secretariat_-_Borderline,original,original,0,drums,7.267387956849895,6.367261341498542,0.0,0.0
demucs,Secretariat_-_Borderline,original,original,0,bass,5.819156024000489,4.5246700291390525,0.0,0.0
demucs,Secretariat_-_Borderline,original,original,0,other,8.999846867564097,8.419910449797525,0.0,0.0
demucs,Secretariat_-_Borderline,reverb_l1,reverb,1,vocals,7.488171433682319,6.639236366688607,-0.962922829113265,-1.1609214107284966
demucs,Secretariat_-_Borderline,reverb_l1,reverb,1,drums,7.175810570074191,6.2549684541304815,-0.09157738677570393,-0.11229288736806087
demucs,Secretariat_-_Borderline,reverb_l1,reverb,1,bass,5.728709997849605,4.4043879002352355,-0.09044602615088415,-0.12028212890381695
demucs,Secretariat_-_Borderline,reverb_l1,reverb,1,other,8.599006070581014,7.975776298069233,-0.4008407969830827,-0.4441341517282922
demucs,Secretariat_-_Borderline,reverb_l2,reverb,2,vocals,3.859921607175822,1.5762001096877951,-4.591172655619761,-6.223957667729309
demucs,Secretariat_-_Borderline,reverb_l2,reverb,2,drums,7.029440198298325,6.07502164188244,-0.23794775855157013,-0.2922396996161023
demucs,Secretariat_-_Borderline,reverb_l2,reverb,2,bass,5.386063429254083,3.9038024383420717,-0.43309259474640616,-0.6208675907969807
demucs,Secretariat_-_Borderline,reverb_l2,reverb,2,other,6.64377720570168,5.884936262453505,-2.356069661862417,-2.5349741873440204
demucs,Secretariat_-_Borderline,reverb_l3,reverb,3,vocals,2.5522177930500267,-0.9601271933547434,-5.898876469745558,-8.760284970771847
demucs,Secretariat_-_Borderline,reverb_l3,reverb,3,drums,7.16163855931147,6.236620882772011,-0.10574939753842472,-0.13064045872653107
demucs,Secretariat_-_Borderline,reverb_l3,reverb,3,bass,4.808523357895761,3.0919063572762173,-1.010632666104728,-1.4327636718628352
demucs,Secretariat_-_Borderline,reverb_l3,reverb,3,other,5.852909514235871,5.077524556183757,-3.1469373533282257,-3.342385893613768
demucs,Secretariat_-_Borderline,reverb_l4,reverb,4,vocals,2.385284204762406,-1.343777221237831,-6.065810058033177,-9.143934998654935
demucs,Secretariat_-_Borderline,reverb_l4,reverb,4,drums,7.103438686299297,6.16499903027495,-0.1639492705505976,-0.20226231122359195
demucs,Secretariat_-_Borderline,reverb_l4,reverb,4,bass,4.4031512801145904,2.5392013447563344,-1.4160047438858987,-1.985468684382718
demucs,Secretariat_-_Borderline,reverb_l4,reverb,4,other,5.86253942011783,5.102030957887287,-3.1373074474462666,-3.3178794919102383
spleeter,Secretariat_-_Over_The_Top,bitcrush_l1,bitcrush,1,vocals,6.718724750015893,5.733182962916866,-0.8291727791447956,-1.0563247069461834
spleeter,Secretariat_-_Over_The_Top,bitcrush_l1,bitcrush,1,drums,5.419802391252201,3.975107566244627,-0.028252500609414533,-0.03816654726008428
spleeter,Secretariat_-_Over_The_Top,bitcrush_l1,bitcrush,1,bass,9.64594210988208,9.25460629303185,-0.026521330506476204,-0.027612866279250525
spleeter,Secretariat_-_Over_The_Top,bitcrush_l1,bitcrush,1,other,7.109913282757544,6.193964934049546,-0.06201009122792911,-0.07053533369580123
spleeter,Secretariat_-_Over_The_Top,bitcrush_l2,bitcrush,2,vocals,6.716736783555395,5.730740682845292,-0.8311607456052936,-1.0587669870177567
spleeter,Secretariat_-_Over_The_Top,bitcrush_l2,bitcrush,2,drums,5.420158813650135,3.975548234122133,-0.02789607821148099,-0.03772587938257832
spleeter,Secretariat_-_Over_The_Top,bitcrush_l2,bitcrush,2,bass,9.646324443342898,9.255135479834433,-0.02613899704565803,-0.02708367947666801
spleeter,Secretariat_-_Over_The_Top,bitcrush_l2,bitcrush,2,other,7.108954926059177,6.192848125537998,-0.06296844792629663,-0.07165214220734928
spleeter,Secretariat_-_Over_The_Top,bitcrush_l3,bitcrush,3,vocals,6.707051683767233,5.718033560099672,-0.8408458453934555,-1.0714741097633773
spleeter,Secretariat_-_Over_The_Top,bitcrush_l3,bitcrush,3,drums,5.420289388732841,3.9756651083549284,-0.027765503128774682,-0.03760900514978305
spleeter,Secretariat_-_Over_The_Top,bitcrush_l3,bitcrush,3,bass,9.64441918186473,9.25360527392628,-0.02804425852382586,-0.028613885384821458
spleeter,Secretariat_-_Over_The_Top,bitcrush_l3,bitcrush,3,other,7.102746263247715,6.185520155800162,-0.06917711073775834,-0.07898011194518606
spleeter,Secretariat_-_Over_The_Top,bitcrush_l4,bitcrush,4,vocals,6.5819166589147535,5.551573672497573,-0.9659808702459349,-1.2379339973654764
spleeter,Secretariat_-_Over_The_Top,bitcrush_l4,bitcrush,4,drums,5.410982945489251,3.9630668099891526,-0.03707194637236455,-0.0502073035155588
spleeter,Secretariat_-_Over_The_Top,bitcrush_l4,bitcrush,4,bass,9.632447638817933,9.245275493851345,-0.040015801570623566,-0.03694366545975569
spleeter,Secretariat_-_Over_The_Top,bitcrush_l4,bitcrush,4,other,7.047186241759117,6.121387562492608,-0.12473713222635663,-0.14311270525273923
spleeter,Secretariat_-_Over_The_Top,compression_l1,compression,1,vocals,7.387849371861556,6.593436615290688,-0.16004815729913258,-0.19607105457236074
spleeter,Secretariat_-_Over_The_Top,compression_l1,compression,1,drums,5.438084730581542,3.9991940190296478,-0.009970161280073775,-0.014080094475063643
spleeter,Secretariat_-_Over_The_Top,compression_l1,compression,1,bass,9.671235051325866,9.27966354891225,-0.0012283890626907379,-0.0025556103988506607
spleeter,Secretariat_-_Over_The_Top,compression_l1,compression,1,other,7.1467604238589475,6.233644042682117,-0.025162950126525807,-0.03085622506323027
spleeter,Secretariat_-_Over_The_Top,compression_l2,compression,2,vocals,7.059618713722468,6.171670386185847,-0.48827881543822027,-0.6178372836772024
spleeter,Secretariat_-_Over_The_Top,compression_l2,compression,2,drums,5.341222875456989,3.8677818338489995,-0.1068320164046268,-0.14549227965571188
spleeter,Secretariat_-_Over_The_Top,compression_l2,compression,2,bass,9.593521837713737,9.182984616492687,-0.07894160267481887,-0.09923454281841337
spleeter,Secretariat_-_Over_The_Top,compression_l2,compression,2,other,7.091965974303534,6.161213612311132,-0.07995739968193938,-0.103286655434216
spleeter,Secretariat_-_Over_The_Top,compression_l3,compression,3,vocals,6.728513841488658,5.744796111241017,-0.8193836876720306,-1.0447115586220317
spleeter,Secretariat_-_Over_The_Top,compression_l3,compression,3,drums,5.259632278113483,3.753709361032926,-0.1884226137481324,-0.25956475247178545
spleeter,Secretariat_-_Over_The_Top,compression_l3,compression,3,bass,9.526335033545895,9.09393090342093,-0.14612840684266182,-0.18828825589017129
spleeter,Secretariat_-_Over_The_Top,compression_l3,compression,3,other,7.008729137981481,6.05599430380969,-0.1631942360039922,-0.20850596393565723
spleeter,Secretariat_-_Over_The_Top,compression_l4,compression,4,vocals,6.569520684173186,5.523510569355494,-0.9783768449875021,-1.2659971005075548
spleeter,Secretariat_-_Over_The_Top,compression_l4,compression,4,drums,5.056998377402113,3.4547551651808917,-0.3910565144595024,-0.5585189483238198
spleeter,Secretariat_-_Over_The_Top,compression_l4,compression,4,bass,9.271118840439902,8.766918382936502,-0.40134459994865423,-0.5153007763745983
spleeter,Secretariat_-_Over_The_Top,compression_l4,compression,4,other,6.884757203495569,5.898893909198471,-0.287166170489904,-0.3656063585468763
spleeter,Secretariat_-_Over_The_Top,delay_l1,delay,1,vocals,7.199864336004883,6.358721670370189,-0.34803319315580517,-0.4307859994928602
spleeter,Secretariat_-_Over_The_Top,delay_l1,delay,1,drums,5.432636136281076,3.9924236030444202,-0.015418755580539845,-0.020850510460291183
spleeter,Secretariat_-_Over_The_Top,delay_l1,delay,1,bass,9.647923661450747,9.253083360065672,-0.02453977893780923,-0.029135799245429084
spleeter,Secretariat_-_Over_The_Top,delay_l1,delay,1,other,7.040085494744133,6.10552336987423,-0.13183787924134016,-0.1589768978711179
spleeter,Secretariat_-_Over_The_Top,delay_l2,delay,2,vocals,6.544357390997692,5.520625406905067,-1.0035401381629967,-1.2688822629579821
spleeter,Secretariat_-_Over_The_Top,delay_l2,delay,2,drums,5.384645719397926,3.9254543286633177,-0.0634091724636896,-0.08781978484139374
spleeter,Secretariat_-_Over_The_Top,delay_l2,delay,2,bass,9.639292670208318,9.240954396269847,-0.03317077018023795,-0.04126476304125326
spleeter,Secretariat_-_Over_The_Top,delay_l2,delay,2,other,6.835074941260352,5.8571915888615464,-0.3368484327251213,-0.4073086788838012
spleeter,Secretariat_-_Over_The_Top,delay_l3,delay,3,vocals,5.896187730914208,4.637262630639055,-1.6517097982464808,-2.1522450392239936
spleeter,Secretariat_-_Over_The_Top,delay_l3,delay,3,drums,5.34388456884507,3.8695897530576566,-0.10417032301654583,-0.1436843604470548
spleeter,Secretariat_-_Over_The_Top,delay_l3,delay,3,bass,9.630860746140703,9.225714502279589,-0.04160269424785312,-0.056504657031512195
spleeter,Secretariat_-_Over_The_Top,delay_l3,delay,3,other,6.611226413939094,5.588690895187906,-0.5606969600463794,-0.6758093725574419
spleeter,Secretariat_-_Over_The_Top,delay_l4,delay,4,vocals,5.108651516674325,3.5091309616760347,-2.4392460124863637,-3.2803767081870143
spleeter,Secretariat_-_Over_The_Top,delay_l4,delay,4,drums,5.344312174719544,3.8628329723430004,-0.1037427171420715,-0.15044114116171103
spleeter,Secretariat_-_Over_The_Top,delay_l4,delay,4,bass,9.607953657564932,9.205967468435773,-0.06450978282362385,-0.07625169087532768
spleeter,Secretariat_-_Over_The_Top,delay_l4,delay,4,other,6.210695780010357,5.153347255732666,-0.9612275939751163,-1.1111530120126814
spleeter,Secretariat_-_Over_The_Top,original,original,0,vocals,7.5478975291606885,6.789507669863049,0.0,0.0
spleeter,Secretariat_-_Over_The_Top,original,original,0,drums,5.448054891861616,4.013274113504711,0.0,0.0
spleeter,Secretariat_-_Over_The_Top,original,original,0,bass,9.672463440388556,9.2822191593111,0.0,0.0
spleeter,Secretariat_-_Over_The_Top,original,original,0,other,7.171923373985473,6.264500267745348,0.0,0.0
spleeter,Secretariat_-_Over_The_Top,reverb_l1,reverb,1,vocals,6.498138201452947,5.471520845575842,-1.0497593277077417,-1.3179868242872068
spleeter,Secretariat_-_Over_The_Top,reverb_l1,reverb,1,drums,5.428403806456355,3.9870192490358276,-0.019651085405260282,-0.02625486446888381
spleeter,Secretariat_-_Over_The_Top,reverb_l1,reverb,1,bass,9.535936655271792,9.105675324671163,-0.13652678511676442,-0.17654383463993817
spleeter,Secretariat_-_Over_The_Top,reverb_l1,reverb,1,other,6.991917092023112,6.049067603119297,-0.18000628196236157,-0.21543266462605093
spleeter,Secretariat_-_Over_The_Top,reverb_l2,reverb,2,vocals,3.1033328883924693,0.2636706962670425,-4.444564640768219,-6.5258369735960065
spleeter,Secretariat_-_Over_The_Top,reverb_l2,reverb,2,drums,5.316595568399723,3.843923142606251,-0.13145932346189237,-0.1693509708984604
spleeter,Secretariat_-_Over_The_Top,reverb_l2,reverb,2,bass,7.970754051043633,7.217276620660321,-1.7017093893449236,-2.0649425386507794
spleeter,Secretariat_-_Over_The_Top,reverb_l2,reverb,2,other,6.500579466461703,5.465662070081522,-0.6713439075237702,-0.7988381976638257
spleeter,Secretariat_-_Over_The_Top,reverb_l3,reverb,3,vocals,1.9635685264892082,-2.328862724000879,-5.58432900267148,-9.118370393863927
spleeter,Secretariat_-_Over_The_Top,reverb_l3,reverb,3,drums,5.22964494050577,3.738367394300805,-0.21840995135584595,-0.2749067192039063
spleeter,Secretariat_-_Over_The_Top,reverb_l3,reverb,3,bass,7.299472458588352,6.429922217387682,-2.3729909818002044,-2.8522969419234183
spleeter,Secretariat_-_Over_The_Top,reverb_l3,reverb,3,other,6.182561377100023,5.108306241545822,-0.9893619968854503,-1.1561940261995254
spleeter,Secretariat_-_Over_The_Top,reverb_l4,reverb,4,vocals,1.85307125425842,-2.6276362467565066,-5.694826274902269,-9.417143916619555
spleeter,Secretariat_-_Over_The_Top,reverb_l4,reverb,4,drums,5.234442803227867,3.745537337871637,-0.2136120886337487,-0.2677367756330744
spleeter,Secretariat_-_Over_The_Top,reverb_l4,reverb,4,bass,7.236031160796273,6.354584376061073,-2.4364322795922835,-2.927634783250028
spleeter,Secretariat_-_Over_The_Top,reverb_l4,reverb,4,other,6.102227090918516,5.016245911714084,-1.069696283066957,-1.2482543560312633
demucs,Secretariat_-_Over_The_Top,bitcrush_l1,bitcrush,1,vocals,9.474017176019027,8.953988850003237,-0.617852037370044,-0.6927866841442167
demucs,Secretariat_-_Over_The_Top,bitcrush_l1,bitcrush,1,drums,8.945694733892006,8.35850143076432,-0.09246315217592738,-0.1039331124061853
demucs,Secretariat_-_Over_The_Top,bitcrush_l1,bitcrush,1,bass,11.273978724536713,10.968235486641227,0.03231366125655377,0.03529302677269541
demucs,Secretariat_-_Over_The_Top,bitcrush_l1,bitcrush,1,other,8.088263716202794,7.366328869209395,-0.0979012776022028,-0.11302613461934108
demucs,Secretariat_-_Over_The_Top,bitcrush_l2,bitcrush,2,vocals,9.49235692581143,8.97472994420211,-0.5995122875776406,-0.672045589945343
demucs,Secretariat_-_Over_The_Top,bitcrush_l2,bitcrush,2,drums,8.947689622492254,8.360140696641686,-0.09046826357567994,-0.1022938465288199
demucs,Secretariat_-_Over_The_Top,bitcrush_l2,bitcrush,2,bass,11.208410859914784,10.89584397059091,-0.033254203365375545,-0.03709848927762138
demucs,Secretariat_-_Over_The_Top,bitcrush_l2,bitcrush,2,other,8.073679045365825,7.352268554138823,-0.11248594843917203,-0.12708644968991312
demucs,Secretariat_-_Over_The_Top,bitcrush_l3,bitcrush,3,vocals,9.48761455548066,8.969332855902191,-0.6042546579084114,-0.6774426782452618
demucs,Secretariat_-_Over_The_Top,bitcrush_l3,bitcrush,3,drums,8.95090906779542,8.36220208869584,-0.08724881827251352,-0.100232454474666
demucs,Secretariat_-_Over_The_Top,bitcrush_l3,bitcrush,3,bass,11.238477179061206,10.92994926947158,-0.0031878842189527745,-0.0029931903969515616
demucs,Secretariat_-_Over_The_Top,bitcrush_l3,bitcrush,3,other,8.059715491645111,7.336195723500799,-0.12644950215988615,-0.14315928032793757
demucs,Secretariat_-_Over_The_Top,bitcrush_l4,bitcrush,4,vocals,9.165884279661157,8.607593076507408,-0.9259849337279142,-1.0391824576400452
demucs,Secretariat_-_Over_The_Top,bitcrush_l4,bitcrush,4,drums,8.878745264423475,8.282284769525901,-0.15941262164445824,-0.1801497736446045
demucs,Secretariat_-_Over_The_Top,bitcrush_l4,bitcrush,4,bass,11.217185148438553,10.90201446752419,-0.024479914841606387,-0.03092799234434196
demucs,Secretariat_-_Over_The_Top,bitcrush_l4,bitcrush,4,other,8.037264970635174,7.310575779182286,-0.14890002316982276,-0.16877922464645057
demucs,Secretariat_-_Over_The_Top,compression_l1,compression,1,vocals,9.966892415399958,9.508171656176488,-0.12497679798911321,-0.13860387797096507
demucs,Secretariat_-_Over_The_Top,compression_l1,compression,1,drums,9.037331658443453,8.461286364505009,-0.0008262276244810351,-0.0011481786654972126
demucs,Secretariat_-_Over_The_Top,compression_l1,compression,1,bass,11.267024625317074,10.961905940069292,0.025359562036914696,0.028963480200760117
demucs,Secretariat_-_Over_The_Top,compression_l1,compression,1,other,8.15932247017287,7.447575653256997,-0.02684252363212636,-0.031779350571738973
demucs,Secretariat_-_Over_The_Top,compression_l2,compression,2,vocals,9.579624510982358,9.157355928364074,-0.5122447024067132,-0.48941960578337884
demucs,Secretariat_-_Over_The_Top,compression_l2,compression,2,drums,8.980871202011683,8.395425979605546,-0.05728668405625115,-0.06700856356495954
demucs,Secretariat_-_Over_The_Top,compression_l2,compression,2,bass,11.21718698625429,10.905429038704275,-0.024478077025868572,-0.027513421164256258
demucs,Secretariat_-_Over_The_Top,compression_l2,compression,2,other,8.092160154322656,7.369934613207239,-0.0940048394823414,-0.109420390621497
demucs,Secretariat_-_Over_The_Top,compression_l3,compression,3,vocals,9.276781860734083,8.756301942054908,-0.815087352654988,-0.8904735920925457
demucs,Secretariat_-_Over_The_Top,compression_l3,compression,3,drums,8.942941673872228,8.352825858711485,-0.0952162121957052,-0.10960868445902072
demucs,Secretariat_-_Over_The_Top,compression_l3,compression,3,bass,11.189149370645179,10.877543931194749,-0.05251569263498013,-0.055398528673782366
demucs,Secretariat_-_Over_The_Top,compression_l3,compression,3,other,8.036407212152275,7.304002526195364,-0.14975778165272224,-0.17535247763337214
demucs,Secretariat_-_Over_The_Top,compression_l4,compression,4,vocals,9.250900476669553,8.704464468203833,-0.8409687367195176,-0.9423110659436205
demucs,Secretariat_-_Over_The_Top,compression_l4,compression,4,drums,8.920745269967195,8.328377877630151,-0.11741261610073828,-0.13405666554035456
demucs,Secretariat_-_Over_The_Top,compression_l4,compression,4,bass,11.169980752251734,10.853937130551113,-0.07168431102842554,-0.07900532931741822
demucs,Secretariat_-_Over_The_Top,compression_l4,compression,4,other,8.067528518264249,7.338084862365532,-0.11863647554074852,-0.14127014146320427
demucs,Secretariat_-_Over_The_Top,delay_l1,delay,1,vocals,9.271638409012338,8.725116302304837,-0.8202308043767328,-0.9216592318426162
demucs,Secretariat_-_Over_The_Top,delay_l1,delay,1,drums,9.005896554910759,8.42441929185312,-0.032261331157174666,-0.038015251317386145
demucs,Secretariat_-_Over_The_Top,delay_l1,delay,1,bass,11.234442753924327,10.923728071160673,-0.007222309355832124,-0.009214388707858845
demucs,Secretariat_-_Over_The_Top,delay_l1,delay,1,other,7.998042631432057,7.258713865759779,-0.18812236237294044,-0.2206411380689577
demucs,Secretariat_-_Over_The_Top,delay_l2,delay,2,vocals,8.299011810572539,7.604535068953375,-1.7928574028165318,-2.0422404651940784
demucs,Secretariat_-_Over_The_Top,delay_l2,delay,2,drums,8.956161344835959,8.36685909793377,-0.08199654123197497,-0.09557544523673656
demucs,Secretariat_-_Over_The_Top,delay_l2,delay,2,bass,11.215344491688944,10.90693815506505,-0.02632057159121537,-0.026004304803480593
demucs,Secretariat_-_Over_The_Top,delay_l2,delay,2,other,7.707884605026727,6.924786195560042,-0.47828038877826984,-0.5545688082686944
demucs,Secretariat_-_Over_The_Top,delay_l3,delay,3,vocals,7.601037600773804,6.77239281952798,-2.490831612615267,-2.8743827146194736
demucs,Secretariat_-_Over_The_Top,delay_l3,delay,3,drums,8.90956347013758,8.313799615005278,-0.12859441593035292,-0.14863492816522772
demucs,Secretariat_-_Over_The_Top,delay_l3,delay,3,bass,11.238242388191608,10.930454655946257,-0.003422675088550875,-0.0024878039222748782
demucs,Secretariat_-_Over_The_Top,delay_l3,delay,3,other,7.53265465865243,6.706174349603059,-0.6535103351525668,-0.7731806542256772
demucs,Secretariat_-_Over_The_Top,delay_l4,delay,4,vocals,6.988288379400846,6.023976559224091,-3.103580833988225,-3.622798974923362
demucs,Secretariat_-_Over_The_Top,delay_l4,delay,4,drums,8.85093013778825,8.245536429393315,-0.18722774827968358,-0.21689811377719082
demucs,Secretariat_-_Over_The_Top,delay_l4,delay,4,bass,11.202612448265821,10.893615437902627,-0.03905261501433799,-0.03932702196590476
demucs,Secretariat_-_Over_The_Top,delay_l4,delay,4,other,7.286981212236875,6.415534755945193,-0.8991837815681221,-1.0638202478835437
demucs,Secretariat_-_Over_The_Top,original,original,0,vocals,10.09186921338907,9.646775534147453,0.0,0.0
demucs,Secretariat_-_Over_The_Top,original,original,0,drums,9.038157886067934,8.462434543170506,0.0,0.0
demucs,Secretariat_-_Over_The_Top,original,original,0,bass,11.24166506328016,10.932942459868531,0.0,0.0
demucs,Secretariat_-_Over_The_Top,original,original,0,other,8.186164993804997,7.479355003828736,0.0,0.0
demucs,Secretariat_-_Over_The_Top,reverb_l1,reverb,1,vocals,8.69496027264615,8.064953343503108,-1.3969089407429216,-1.5818221906443455
demucs,Secretariat_-_Over_The_Top,reverb_l1,reverb,1,drums,9.033488560264903,8.455599062985717,-0.004669325803030588,-0.006835480184788523
demucs,Secretariat_-_Over_The_Top,reverb_l1,reverb,1,bass,11.16922935654911,10.853432289115375,-0.07243570673104927,-0.07951017075315647
demucs,Secretariat_-_Over_The_Top,reverb_l1,reverb,1,other,7.8464211749393495,7.096074810247282,-0.33974381886564764,-0.38328019358145404
demucs,Secretariat_-_Over_The_Top,reverb_l2,reverb,2,vocals,4.456865828763412,2.545371239026308,-5.635003384625659,-7.101404295121146
demucs,Secretariat_-_Over_The_Top,reverb_l2,reverb,2,drums,8.96161549171402,8.373837855188292,-0.07654239435391297,-0.0885966879822142
demucs,Secretariat_-_Over_The_Top,reverb_l2,reverb,2,bass,10.355113486951705,9.943116600247553,-0.8865515763284542,-0.9898258596209786
demucs,Secretariat_-_Over_The_Top,reverb_l2,reverb,2,other,6.2868650018917895,5.359047360812119,-1.8992999919132076,-2.1203076430166172
demucs,Secretariat_-_Over_The_Top,reverb_l3,reverb,3,vocals,3.1329099996841183,0.25157451078948156,-6.9589592137049525,-9.395201023357972
demucs,Secretariat_-_Over_The_Top,reverb_l3,reverb,3,drums,9.02537268239805,8.445544812546707,-0.012785203669883671,-0.016889730623798727
demucs,Secretariat_-_Over_The_Top,reverb_l3,reverb,3,bass,9.881070425566156,9.410079639968915,-1.3605946377140032,-1.5228628198996166
demucs,Secretariat_-_Over_The_Top,reverb_l3,reverb,3,other,5.782895940205145,4.802842984303933,-2.4032690535998524,-2.6765120195248038
demucs,Secretariat_-_Over_The_Top,reverb_l4,reverb,4,vocals,2.986837281636835,-0.03288189568211552,-7.105031931752236,-9.679657429829568
demucs,Secretariat_-_Over_The_Top,reverb_l4,reverb,4,drums,9.045487749751596,8.468973239069586,0.007329863683661841,0.006538695899079627
demucs,Secretariat_-_Over_The_Top,reverb_l4,reverb,4,bass,9.77315264369528,9.290016003524242,-1.4685124195848793,-1.6429264563442896
demucs,Secretariat_-_Over_The_Top,reverb_l4,reverb,4,other,5.694339187776429,4.707904262210038,-2.491825806028568,-2.7714507416186986
spleeter,Side_Effects_Project_-_Sing_With_Me,bitcrush_l1,bitcrush,1,vocals,8.649221135120946,8.034669550528553,-0.4605764056420103,-0.5375793741222115
spleeter,Side_Effects_Project_-_Sing_With_Me,bitcrush_l1,bitcrush,1,drums,10.843951442689878,10.473018032258931,-0.08801952158450632,-0.09445375278217938
spleeter,Side_Effects_Project_-_Sing_With_Me,bitcrush_l1,bitcrush,1,bass,5.70463432581349,4.463595299875091,-0.01587337159197766,-0.022640124198057165
spleeter,Side_Effects_Project_-_Sing_With_Me,bitcrush_l1,bitcrush,1,other,1.432005713163006,-3.3244070261338776,-0.026151823042402045,-0.056268467102930764
spleeter,Side_Effects_Project_-_Sing_With_Me,bitcrush_l2,bitcrush,2,vocals,8.6499367173432,8.03550636993645,-0.4598608234197563,-0.5367425547143156
spleeter,Side_Effects_Project_-_Sing_With_Me,bitcrush_l2,bitcrush,2,drums,10.842536796192174,10.471485467016805,-0.08943416808221016,-0.09598631802430546
spleeter,Side_Effects_Project_-_Sing_With_Me,bitcrush_l2,bitcrush,2,bass,5.7026303190680085,4.4614173972124735,-0.017877378337459504,-0.024818026860674358
spleeter,Side_Effects_Project_-_Sing_With_Me,bitcrush_l2,bitcrush,2,other,1.4345945826412128,-3.3243355645274324,-0.023562953564195244,-0.05619700549648554
spleeter,Side_Effects_Project_-_Sing_With_Me,bitcrush_l3,bitcrush,3,vocals,8.65215635359273,8.037741393790892,-0.4576411871702266,-0.534507530859873
spleeter,Side_Effects_Project_-_Sing_With_Me,bitcrush_l3,bitcrush,3,drums,10.835930925337252,10.464218112187819,-0.09604003893713298,-0.10325367285329179
spleeter,Side_Effects_Project_-_Sing_With_Me,bitcrush_l3,bitcrush,3,bass,5.713112963057197,4.476197184160624,-0.0073947343482707595,-0.010038239912524283
spleeter,Side_Effects_Project_-_Sing_With_Me,bitcrush_l3,bitcrush,3,other,1.4402355722210762,-3.3366795781880008,-0.017921963984331768,-0.0685410191570539
spleeter,Side_Effects_Project_-_Sing_With_Me,bitcrush_l4,bitcrush,4,vocals,8.491043238196989,7.846924800607943,-0.6187543025659679,-0.7253241240428219
spleeter,Side_Effects_Project_-_Sing_With_Me,bitcrush_l4,bitcrush,4,drums,10.692472902766742,10.308662363994063,-0.23949806150764275,-0.2588094210470473
spleeter,Side_Effects_Project_-_Sing_With_Me,bitcrush_l4,bitcrush,4,bass,5.664165002032582,4.424025589373651,-0.056342695372886276,-0.06220983469949726
spleeter,Side_Effects_Project_-_Sing_With_Me,bitcrush_l4,bitcrush,4,other,1.2460898830087233,-3.8513383447416745,-0.21206765319668475,-0.5831997857107276
spleeter,Side_Effects_Project_-_Sing_With_Me,compression_l1,compression,1,vocals,8.606139610476898,7.992824465954681,-0.5036579302860584,-0.5794244586960842
spleeter,Side_Effects_Project_-_Sing_With_Me,compression_l1,compression,1,drums,10.64052412420897,10.251631890149277,-0.2914468400654151,-0.31583989489183395
spleeter,Side_Effects_Project_-_Sing_With_Me,compression_l1,compression,1,bass,5.595402573877665,4.315747760711405,-0.12510512352780268,-0.17048766336174292
spleeter,Side_Effects_Project_-_Sing_With_Me,compression_l1,compression,1,other,1.3083990987682184,-3.772121399158797,-0.14975843743718964,-0.5039828401278501
spleeter,Side_Effects_Project_-_Sing_With_Me,compression_l2,compression,2,vocals,7.932040145706795,7.197540919833109,-1.1777573950561617,-1.3747080048176556
spleeter,Side_Effects_Project_-_Sing_With_Me,compression_l2,compression,2,drums,10.177112513223058,9.74955018543102,-0.7548584510513265,-0.8179215996100915
spleeter,Side_Effects_Project_-_Sing_With_Me,compression_l2,compression,2,bass,5.458250003888376,4.119704022311809,-0.2622576935170917,-0.366531401761339
spleeter,Side_Effects_Project_-_Sing_With_Me,compression_l2,compression,2,other,1.1769180082801576,-4.217943903872724,-0.2812395279252504,-0.9498053448417774
spleeter,Side_Effects_Project_-_Sing_With_Me,compression_l3,compression,3,vocals,7.81716458126604,7.057695142932774,-1.2926329594969168,-1.514553781717991
spleeter,Side_Effects_Project_-_Sing_With_Me,compression_l3,compression,3,drums,10.149589754489396,9.719735383944958,-0.7823812097849885,-0.847736401096153
spleeter,Side_Effects_Project_-_Sing_With_Me,compression_l3,compression,3,bass,5.423335431280206,4.079340363546026,-0.29717226612526204,-0.40689506052712154
spleeter,Side_Effects_Project_-_Sing_With_Me,compression_l3,compression,3,other,1.0920762099390304,-4.413708574567912,-0.36608132626637757,-1.1455700155369652
spleeter,Side_Effects_Project_-_Sing_With_Me,compression_l4,compression,4,vocals,8.034426016810265,7.318099451755174,-1.0753715239526915,-1.254149472895591
spleeter,Side_Effects_Project_-_Sing_With_Me,compression_l4,compression,4,drums,10.349612445551852,9.93625600684394,-0.5823585187225326,-0.6312157781971699
spleeter,Side_Effects_Project_-_Sing_With_Me,compression_l4,compression,4,bass,5.284968832595491,3.9495234315561016,-0.4355388648099767,-0.5367119925170463
spleeter,Side_Effects_Project_-_Sing_With_Me,compression_l4,compression,4,other,1.0267545092975836,-4.796757530449412,-0.4314030269078244,-1.528618971418465
spleeter,Side_Effects_Project_-_Sing_With_Me,delay_l1,delay,1,vocals,9.052982101464412,8.511857204093765,-0.05681543929854449,-0.06039172055699993
spleeter,Side_Effects_Project_-_Sing_With_Me,delay_l1,delay,1,drums,10.854413717633776,10.482598678916176,-0.07755724664060892,-0.0848731061249346
spleeter,Side_Effects_Project_-_Sing_With_Me,delay_l1,delay,1,bass,5.827468348630257,4.611185861210844,0.1069606512247887,0.12495043713769594
spleeter,Side_Effects_Project_-_Sing_With_Me,delay_l1,delay,1,other,1.3815443288972622,-3.7732599432769716,-0.0766132073081458,-0.5051213842460247
spleeter,Side_Effects_Project_-_Sing_With_Me,delay_l2,delay,2,vocals,8.257682669628439,7.58864624685832,-0.8521148711345177,-0.9836026777924447
spleeter,Side_Effects_Project_-_Sing_With_Me,delay_l2,delay,2,drums,10.360818208623805,9.942496338589885,-0.57115275565058,-0.6249754464512254
spleeter,Side_Effects_Project_-_Sing_With_Me,delay_l2,delay,2,bass,5.885771855694561,4.656951086084628,0.16526415828909258,0.1707156620114798
spleeter,Side_Effects_Project_-_Sing_With_Me,delay_l2,delay,2,other,0.6569037265150158,-5.307580202742504,-0.8012538096903922,-2.0394416437115575
spleeter,Side_Effects_Project_-_Sing_With_Me,delay_l3,delay,3,vocals,8.326507097067212,7.678239366489528,-0.7832904436957442,-0.8940095581612368
spleeter,Side_Effects_Project_-_Sing_With_Me,delay_l3,delay,3,drums,10.45979824775281,10.05047136276156,-0.472172716521575,-0.5170004222795512
spleeter,Side_Effects_Project_-_Sing_With_Me,delay_l3,delay,3,bass,5.877011659063238,4.639960046462491,0.15650396165777014,0.15372462238934315
spleeter,Side_Effects_Project_-_Sing_With_Me,delay_l3,delay,3,other,0.5015588373513336,-6.093321391240235,-0.9565986988540744,-2.8251828322092885
spleeter,Side_Effects_Project_-_Sing_With_Me,delay_l4,delay,4,vocals,7.941042148720196,7.218984391223494,-1.168755392042761,-1.3532645334272706
spleeter,Side_Effects_Project_-_Sing_With_Me,delay_l4,delay,4,drums,10.265193853033793,9.836467622977777,-0.6667771112405916,-0.7310041620633339
spleeter,Side_Effects_Project_-_Sing_With_Me,delay_l4,delay,4,bass,5.83931340793921,4.563869518644551,0.11880571053374211,0.07763409457140291
spleeter,Side_Effects_Project_-_Sing_With_Me,delay_l4,delay,4,other,0.08081487974692049,-6.864941558431025,-1.3773426564584874,-3.596802999400078
spleeter,Side_Effects_Project_-_Sing_With_Me,original,original,0,vocals,9.109797540762957,8.572248924650765,0.0,0.0
spleeter,Side_Effects_Project_-_Sing_With_Me,original,original,0,drums,10.931970964274385,10.56747178504111,0.0,0.0
spleeter,Side_Effects_Project_-_Sing_With_Me,original,original,0,bass,5.720507697405468,4.486235424073148,0.0,0.0
spleeter,Side_Effects_Project_-_Sing_With_Me,original,original,0,other,1.458157536205408,-3.268138559030947,0.0,0.0
spleeter,Side_Effects_Project_-_Sing_With_Me,reverb_l1,reverb,1,vocals,4.688170485190822,2.9002654715933147,-4.421627055572134,-5.67198345305745
spleeter,Side_Effects_Project_-_Sing_With_Me,reverb_l1,reverb,1,drums,10.371123664550106,9.960959306668894,-0.5608472997242782,-0.6065124783722169
spleeter,Side_Effects_Project_-_Sing_With_Me,reverb_l1,reverb,1,bass,4.184503859555472,2.5553467699881462,-1.5360038378499956,-1.9308886540850017
spleeter,Side_Effects_Project_-_Sing_With_Me,reverb_l1,reverb,1,other,-3.49776820637866,-10.467260413884311,-4.955925742584068,-7.199121854853365
spleeter,Side_Effects_Project_-_Sing_With_Me,reverb_l2,reverb,2,vocals,1.057172583620893,-5.545703872648976,-8.052624957142063,-14.11795279729974
spleeter,Side_Effects_Project_-_Sing_With_Me,reverb_l2,reverb,2,drums,9.539327932655373,9.103988786845814,-1.392643031619011,-1.4634829981952961
spleeter,Side_Effects_Project_-_Sing_With_Me,reverb_l2,reverb,2,bass,1.8491578328889315,-0.0735331473237753,-3.8713498645165365,-4.559768571396924
spleeter,Side_Effects_Project_-_Sing_With_Me,reverb_l2,reverb,2,other,-7.648698204327685,-15.550604793855033,-9.106855740533092,-12.282466234824087
spleeter,Side_Effects_Project_-_Sing_With_Me,reverb_l3,reverb,3,vocals,0.646593074202249,-7.874324210265153,-8.463204466560708,-16.44657313491592
spleeter,Side_Effects_Project_-_Sing_With_Me,reverb_l3,reverb,3,drums,9.328046969706437,8.908504954147322,-1.603923994567948,-1.6589668308937888
spleeter,Side_Effects_Project_-_Sing_With_Me,reverb_l3,reverb,3,bass,0.9076875046721979,-1.0174375729982572,-4.81282019273327,-5.503672997071405
spleeter,Side_Effects_Project_-_Sing_With_Me,reverb_l3,reverb,3,other,-7.780410472341133,-15.822964798293368,-9.23856800854654,-12.554826239262422
spleeter,Side_Effects_Project_-_Sing_With_Me,reverb_l4,reverb,4,vocals,0.6261123131922341,-8.029845800266717,-8.483685227570723,-16.60209472491748
spleeter,Side_Effects_Project_-_Sing_With_Me,reverb_l4,reverb,4,drums,9.349503906018356,8.931885719605098,-1.5824670582560287,-1.6355860654360121
spleeter,Side_Effects_Project_-_Sing_With_Me,reverb_l4,reverb,4,bass,0.6785580618635452,-1.2283657092313445,-5.041949635541923,-5.714601133304493
spleeter,Side_Effects_Project_-_Sing_With_Me,reverb_l4,reverb,4,other,-7.579794981001262,-15.463815165956909,-9.03795251720667,-12.195676606925963
demucs,Side_Effects_Project_-_Sing_With_Me,bitcrush_l1,bitcrush,1,vocals,12.337853484432435,12.080796464009175,-0.2197084974715473,-0.24143545220151807
demucs,Side_Effects_Project_-_Sing_With_Me,bitcrush_l1,bitcrush,1,drums,15.406271781273983,15.279561815723536,-0.29281604154116536,-0.3012014305397983
demucs,Side_Effects_Project_-_Sing_With_Me,bitcrush_l1,bitcrush,1,bass,14.236296314064818,14.069979103061643,-0.13686891038954663,-0.14242054841236218
demucs,Side_Effects_Project_-_Sing_With_Me,bitcrush_l1,bitcrush,1,other,3.1901840621188997,0.3641040154707029,0.16388024692435277,0.3316785678432383
demucs,Side_Effects_Project_-_Sing_With_Me,bitcrush_l2,bitcrush,2,vocals,12.329670672309945,12.072557874594223,-0.22789130959403714,-0.2496740416164709
demucs,Side_Effects_Project_-_Sing_With_Me,bitcrush_l2,bitcrush,2,drums,15.395260440645691,15.26818880824359,-0.30382738216945704,-0.3125744380197446
demucs,Side_Effects_Project_-_Sing_With_Me,bitcrush_l2,bitcrush,2,bass,14.173190586311495,14.004121585664787,-0.1999746381428693,-0.2082780658092176
demucs,Side_Effects_Project_-_Sing_With_Me,bitcrush_l2,bitcrush,2,other,3.1875811494184356,0.3605265127583901,0.16127733422388868,0.32810106513092546
demucs,Side_Effects_Project_-_Sing_With_Me,bitcrush_l3,bitcrush,3,vocals,12.257544684492093,11.995763622365692,-0.3000172974118893,-0.32646829384500187
demucs,Side_Effects_Project_-_Sing_With_Me,bitcrush_l3,bitcrush,3,drums,15.395528727171353,15.268471266917727,-0.303559095643795,-0.3122919793456074
demucs,Side_Effects_Project_-_Sing_With_Me,bitcrush_l3,bitcrush,3,bass,14.236667738612699,14.070111378849557,-0.13649748584166588,-0.1422882726244481
demucs,Side_Effects_Project_-_Sing_With_Me,bitcrush_l3,bitcrush,3,other,3.121589755202645,0.22839101096913966,0.09528594000809809,0.195965563341675
demucs,Side_Effects_Project_-_Sing_With_Me,bitcrush_l4,bitcrush,4,vocals,11.800950443050809,11.506423310777725,-0.7566115388531731,-0.8158086054329683
demucs,Side_Effects_Project_-_Sing_With_Me,bitcrush_l4,bitcrush,4,drums,15.214485224390833,15.0817720429283,-0.4846025984243152,-0.49899120333503433
demucs,Side_Effects_Project_-_Sing_With_Me,bitcrush_l4,bitcrush,4,bass,14.106318821861771,13.934536690751493,-0.2668464025925932,-0.27786296072251204
demucs,Side_Effects_Project_-_Sing_With_Me,bitcrush_l4,bitcrush,4,other,2.8860316306886293,-0.2511470436330376,-0.1402721845059176,-0.2835724912605022
demucs,Side_Effects_Project_-_Sing_With_Me,compression_l1,compression,1,vocals,12.058200404832636,11.79367043547086,-0.49936157707134576,-0.5285614807398336
demucs,Side_Effects_Project_-_Sing_With_Me,compression_l1,compression,1,drums,15.437097873793045,15.311219004422806,-0.2619899490221034,-0.26954424184052783
demucs,Side_Effects_Project_-_Sing_With_Me,compression_l1,compression,1,bass,14.1341696887483,13.964038304956679,-0.23899553570606535,-0.248361346517326
demucs,Side_Effects_Project_-_Sing_With_Me,compression_l1,compression,1,other,2.673060197948056,-0.6973648784655034,-0.3532436172464908,-0.7297903260929681
demucs,Side_Effects_Project_-_Sing_With_Me,compression_l2,compression,2,vocals,11.476620765188176,11.172593923012883,-1.0809412167158055,-1.1496379931978105
demucs,Side_Effects_Project_-_Sing_With_Me,compression_l2,compression,2,drums,14.977404180533952,14.837182621800125,-0.7216836422811959,-0.7435806244632097
demucs,Side_Effects_Project_-_Sing_With_Me,compression_l2,compression,2,bass,13.677554521990345,13.487293289019167,-0.6956107024640197,-0.725106362454838
demucs,Side_Effects_Project_-_Sing_With_Me,compression_l2,compression,2,other,2.3515404517829577,-1.4123862600459183,-0.6747633634115893,-1.4448117076733829
demucs,Side_Effects_Project_-_Sing_With_Me,compression_l3,compression,3,vocals,11.528904851405207,11.232273646021012,-1.0286571304987753,-1.0899582701896815
demucs,Side_Effects_Project_-_Sing_With_Me,compression_l3,compression,3,drums,14.966600054150126,14.826034820289522,-0.7324877686650222,-0.7547284259738127
demucs,Side_Effects_Project_-_Sing_With_Me,compression_l3,compression,3,bass,13.697155199255883,13.507699788428273,-0.6760100251984813,-0.7046998630457324
demucs,Side_Effects_Project_-_Sing_With_Me,compression_l3,compression,3,other,2.3774368328866307,-1.3682736722179283,-0.6488669823079163,-1.4006991198453929
demucs,Side_Effects_Project_-_Sing_With_Me,compression_l4,compression,4,vocals,11.878225479047366,11.603940547129007,-0.6793365028566161,-0.7182913690816868
demucs,Side_Effects_Project_-_Sing_With_Me,compression_l4,compression,4,drums,15.254863987058968,15.123475801311482,-0.44422383575617985,-0.45728744495185225
demucs,Side_Effects_Project_-_Sing_With_Me,compression_l4,compression,4,bass,13.889118041387354,13.708133009520116,-0.4840471830670108,-0.5042666419538886
demucs,Side_Effects_Project_-_Sing_With_Me,compression_l4,compression,4,other,2.6252318843748093,-0.8076078417341394,-0.4010719308197377,-0.840033289361604
demucs,Side_Effects_Project_-_Sing_With_Me,delay_l1,delay,1,vocals,11.960387691694475,11.693952390552688,-0.597174290209507,-0.6282795256580052
demucs,Side_Effects_Project_-_Sing_With_Me,delay_l1,delay,1,drums,15.22143199796956,15.089048141302436,-0.4776558248455878,-0.4917151049608979
demucs,Side_Effects_Project_-_Sing_With_Me,delay_l1,delay,1,bass,13.93486697078579,13.761641924360688,-0.4382982536685738,-0.4507577271133165
demucs,Side_Effects_Project_-_Sing_With_Me,delay_l1,delay,1,other,2.862044366972577,-0.2709046640527909,-0.16425944822197014,-0.30333011168025553
demucs,Side_Effects_Project_-_Sing_With_Me,delay_l2,delay,2,vocals,10.725378486342244,10.360126327114834,-1.832183495561738,-1.9621055890958594
demucs,Side_Effects_Project_-_Sing_With_Me,delay_l2,delay,2,drums,14.519952551145787,14.363853790790879,-1.1791352716693613,-1.2169094554724555
demucs,Side_Effects_Project_-_Sing_With_Me,delay_l2,delay,2,bass,13.789920177786037,13.613003322822077,-0.5832450466683277,-0.5993963286519275
demucs,Side_Effects_Project_-_Sing_With_Me,delay_l2,delay,2,other,1.8492560393360162,-2.674106331276272,-1.1770477758585307,-2.7065317789037366
demucs,Side_Effects_Project_-_Sing_With_Me,delay_l3,delay,3,vocals,10.747822206130696,10.383864524206636,-1.809739775773286,-1.9383673920040572
demucs,Side_Effects_Project_-_Sing_With_Me,delay_l3,delay,3,drums,14.364420617686974,14.202579721908325,-1.3346672051281736,-1.3781835243550091
demucs,Side_Effects_Project_-_Sing_With_Me,delay_l3,delay,3,bass,13.54475563624992,13.35725310536433,-0.828409588204444,-0.8551465461096743
demucs,Side_Effects_Project_-_Sing_With_Me,delay_l3,delay,3,other,2.1132392347229914,-2.0289758982215824,-0.9130645804715556,-2.061401345849047
demucs,Side_Effects_Project_-_Sing_With_Me,delay_l4,delay,4,vocals,10.029252452196785,9.578619642129183,-2.5283095297071974,-2.74361227408151
demucs,Side_Effects_Project_-_Sing_With_Me,delay_l4,delay,4,drums,13.934157166509156,13.756128396430364,-1.7649306563059923,-1.8246348498329699
demucs,Side_Effects_Project_-_Sing_With_Me,delay_l4,delay,4,bass,13.358660234571305,13.16112952378065,-1.0145049898830596,-1.0512701276933551
demucs,Side_Effects_Project_-_Sing_With_Me,delay_l4,delay,4,other,1.6336278563264162,-2.9538187960406854,-1.3926759588681308,-2.9862442436681502
demucs,Side_Effects_Project_-_Sing_With_Me,original,original,0,vocals,12.557561981903982,12.322231916210693,0.0,0.0
demucs,Side_Effects_Project_-_Sing_With_Me,original,original,0,drums,15.699087822815148,15.580763246263334,0.0,0.0
demucs,Side_Effects_Project_-_Sing_With_Me,original,original,0,bass,14.373165224454365,14.212399651474005,0.0,0.0
demucs,Side_Effects_Project_-_Sing_With_Me,original,original,0,other,3.026303815194547,0.03242544762746465,0.0,0.0
demucs,Side_Effects_Project_-_Sing_With_Me,reverb_l1,reverb,1,vocals,11.48090335849506,11.162120351538032,-1.076658623408921,-1.1601115646726612
demucs,Side_Effects_Project_-_Sing_With_Me,reverb_l1,reverb,1,drums,15.687996925590904,15.569231776113364,-0.0110908972242445,-0.011531470149970247
demucs,Side_Effects_Project_-_Sing_With_Me,reverb_l1,reverb,1,bass,13.466797127005623,13.271519045864794,-0.9063680974487411,-0.9408806056092107
demucs,Side_Effects_Project_-_Sing_With_Me,reverb_l1,reverb,1,other,1.8562229731720432,-2.0255425917954257,-1.1700808420225037,-2.0579680394228905
demucs,Side_Effects_Project_-_Sing_With_Me,reverb_l2,reverb,2,vocals,1.5075533676987263,-3.809552477029921,-11.050008614205256,-16.131784393240615
demucs,Side_Effects_Project_-_Sing_With_Me,reverb_l2,reverb,2,drums,16.325916372185304,16.224026340485512,0.6268285493701562,0.6432630942221778
demucs,Side_Effects_Project_-_Sing_With_Me,reverb_l2,reverb,2,bass,7.2669938633879685,6.813632724768484,-7.106171361066396,-7.398766926705521
demucs,Side_Effects_Project_-_Sing_With_Me,reverb_l2,reverb,2,other,-8.283723590550125,-12.762832682165751,-11.310027405744671,-12.795258129793215
demucs,Side_Effects_Project_-_Sing_With_Me,reverb_l3,reverb,3,vocals,0.7741103884042071,-7.094552250131767,-11.783451593499775,-19.41678416634246
demucs,Side_Effects_Project_-_Sing_With_Me,reverb_l3,reverb,3,drums,16.887114697247068,16.79817644374383,1.1880268744319196,1.2174131974804965
demucs,Side_Effects_Project_-_Sing_With_Me,reverb_l3,reverb,3,bass,5.1101315471388205,4.510889500714089,-9.263033677315544,-9.701510150759916
demucs,Side_Effects_Project_-_Sing_With_Me,reverb_l3,reverb,3,other,-8.731383123223917,-12.937633029846324,-11.757686938418464,-12.970058477473788
demucs,Side_Effects_Project_-_Sing_With_Me,reverb_l4,reverb,4,vocals,0.7358322993289274,-7.331574738848139,-11.821729682575054,-19.653806655058833
demucs,Side_Effects_Project_-_Sing_With_Me,reverb_l4,reverb,4,drums,17.026254078803902,16.941013025166047,1.3271662559887538,1.3602497789027126
demucs,Side_Effects_Project_-_Sing_With_Me,reverb_l4,reverb,4,bass,3.707928008323305,3.042989379603187,-10.66523721613106,-11.169410271870818
demucs,Side_Effects_Project_-_Sing_With_Me,reverb_l4,reverb,4,other,-8.563315865678371,-12.637549109911678,-11.589619680872918,-12.669974557539142
spleeter,Signe_Jakobsen_-_What_Have_You_Done_To_Me,bitcrush_l1,bitcrush,1,vocals,8.070542065366197,7.335153651670154,-0.940447360014625,-1.0963890254275803
spleeter,Signe_Jakobsen_-_What_Have_You_Done_To_Me,bitcrush_l1,bitcrush,1,drums,3.7597964816584826,1.4487235845623743,-0.06675403171621141,-0.09720322201991882
spleeter,Signe_Jakobsen_-_What_Have_You_Done_To_Me,bitcrush_l1,bitcrush,1,bass,1.7276691372924557,-0.33766504777720985,0.027779680254514716,0.005398812474109005
spleeter,Signe_Jakobsen_-_What_Have_You_Done_To_Me,bitcrush_l1,bitcrush,1,other,4.634574348055839,2.813730237592132,-0.09102366476222379,-0.13019804166792115
spleeter,Signe_Jakobsen_-_What_Have_You_Done_To_Me,bitcrush_l2,bitcrush,2,vocals,8.068344954221335,7.332573343177638,-0.9426444711594879,-1.0989693339200963
spleeter,Signe_Jakobsen_-_What_Have_You_Done_To_Me,bitcrush_l2,bitcrush,2,drums,3.759648514593934,1.4485788462671347,-0.06690199878075997,-0.09734796031515836
spleeter,Signe_Jakobsen_-_What_Have_You_Done_To_Me,bitcrush_l2,bitcrush,2,bass,1.7299643931256712,-0.33618208083841133,0.030074936087730153,0.006881779412907518
spleeter,Signe_Jakobsen_-_What_Have_You_Done_To_Me,bitcrush_l2,bitcrush,2,other,4.636249791352362,2.8163392541986703,-0.0893482214657011,-0.1275890250613827
spleeter,Signe_Jakobsen_-_What_Have_You_Done_To_Me,bitcrush_l3,bitcrush,3,vocals,8.052239785353523,7.3134003976347906,-0.9587496400272997,-1.118142279462944
spleeter,Signe_Jakobsen_-_What_Have_You_Done_To_Me,bitcrush_l3,bitcrush,3,drums,3.7520010300691986,1.4370219109965554,-0.07454948330549538,-0.10890489558573768
spleeter,Signe_Jakobsen_-_What_Have_You_Done_To_Me,bitcrush_l3,bitcrush,3,bass,1.7370534237662127,-0.32438500674734033,0.03716396672827171,0.01867885350397852
spleeter,Signe_Jakobsen_-_What_Have_You_Done_To_Me,bitcrush_l3,bitcrush,3,other,4.633975118612056,2.8136819605253462,-0.09162289420600711,-0.1302463187347067
spleeter,Signe_Jakobsen_-_What_Have_You_Done_To_Me,bitcrush_l4,bitcrush,4,vocals,7.887845997353748,7.117429979583188,-1.123143428027075,-1.3141126975145463
spleeter,Signe_Jakobsen_-_What_Have_You_Done_To_Me,bitcrush_l4,bitcrush,4,drums,3.718000474477216,1.3772543594789899,-0.10855003889747783,-0.1686724471033032
spleeter,Signe_Jakobsen_-_What_Have_You_Done_To_Me,bitcrush_l4,bitcrush,4,bass,1.7078916915652542,-0.33753557459358513,0.00800223452731319,0.0055282856577337225
spleeter,Signe_Jakobsen_-_What_Have_You_Done_To_Me,bitcrush_l4,bitcrush,4,other,4.5750344321941485,2.728368396036519,-0.15056358062391428,-0.21555988322353414
spleeter,Signe_Jakobsen_-_What_Have_You_Done_To_Me,compression_l1,compression,1,vocals,8.770094535298702,8.155130636166975,-0.24089489008212084,-0.2764120409307598
spleeter,Signe_Jakobsen_-_What_Have_You_Done_To_Me,compression_l1,compression,1,drums,3.789396707272044,1.4820292331646763,-0.037153806102649956,-0.06389757341761682
spleeter,Signe_Jakobsen_-_What_Have_You_Done_To_Me,compression_l1,compression,1,bass,1.6926628250926268,-0.3387853440562615,-0.007226631945314255,0.004278516195057369
spleeter,Signe_Jakobsen_-_What_Have_You_Done_To_Me,compression_l1,compression,1,other,4.673794673218153,2.8661155719327223,-0.05180333959990957,-0.0778127073273307
spleeter,Signe_Jakobsen_-_What_Have_You_Done_To_Me,compression_l2,compression,2,vocals,8.318415256549773,7.6302316955337455,-0.6925741688310492,-0.8013109815639892
spleeter,Signe_Jakobsen_-_What_Have_You_Done_To_Me,compression_l2,compression,2,drums,3.687614058855595,1.3052332953622956,-0.13893645451909897,-0.2406935112199975
spleeter,Signe_Jakobsen_-_What_Have_You_Done_To_Me,compression_l2,compression,2,bass,1.5933587741515582,-0.4395963728868728,-0.10653068288638279,-0.09653251263555396
spleeter,Signe_Jakobsen_-_What_Have_You_Done_To_Me,compression_l2,compression,2,other,4.506086578273527,2.6115158203709483,-0.21951143454453614,-0.33241245888910465
spleeter,Signe_Jakobsen_-_What_Have_You_Done_To_Me,compression_l3,compression,3,vocals,8.055400761152749,7.3183135785581355,-0.955588664228074,-1.1132290985395992
spleeter,Signe_Jakobsen_-_What_Have_You_Done_To_Me,compression_l3,compression,3,drums,3.433589819800936,0.8771677847814351,-0.39296069357375796,-0.668759021800858
spleeter,Signe_Jakobsen_-_What_Have_You_Done_To_Me,compression_l3,compression,3,bass,1.4658322440305307,-0.5962589470090974,-0.23405721300741034,-0.2531950867577786
spleeter,Signe_Jakobsen_-_What_Have_You_Done_To_Me,compression_l3,compression,3,other,4.425920355276107,2.4929807450206893,-0.29967765754195597,-0.4509475342393636
spleeter,Signe_Jakobsen_-_What_Have_You_Done_To_Me,compression_l4,compression,4,vocals,7.901610381587024,7.134043772251932,-1.1093790437937985,-1.2974989048458028
spleeter,Signe_Jakobsen_-_What_Have_You_Done_To_Me,compression_l4,compression,4,drums,3.161098475743268,0.3761576893812186,-0.6654520376314261,-1.1697691172010745
spleeter,Signe_Jakobsen_-_What_Have_You_Done_To_Me,compression_l4,compression,4,bass,1.4252857393387721,-0.6465055856312945,-0.2746037176991689,-0.3034417253799756
spleeter,Signe_Jakobsen_-_What_Have_You_Done_To_Me,compression_l4,compression,4,other,4.419313248151538,2.49547343240549,-0.30628476466652454,-0.4484548468545628
spleeter,Signe_Jakobsen_-_What_Have_You_Done_To_Me,delay_l1,delay,1,vocals,8.582527928879866,7.935834236336806,-0.42846149650095633,-0.4957084407609287
spleeter,Signe_Jakobsen_-_What_Have_You_Done_To_Me,delay_l1,delay,1,drums,3.8055123936152215,1.5125656221958874,-0.02103811975947245,-0.03336118438640567
spleeter,Signe_Jakobsen_-_What_Have_You_Done_To_Me,delay_l1,delay,1,bass,1.5692713295293799,-0.5010131407197406,-0.13061812750856117,-0.15794928046842172
spleeter,Signe_Jakobsen_-_What_Have_You_Done_To_Me,delay_l1,delay,1,other,4.519094484587408,2.632176810490563,-0.20650352823065443,-0.31175146876949
spleeter,Signe_Jakobsen_-_What_Have_You_Done_To_Me,delay_l2,delay,2,vocals,7.767929139349867,6.9737294997394175,-1.2430602860309552,-1.4578131773583172
spleeter,Signe_Jakobsen_-_What_Have_You_Done_To_Me,delay_l2,delay,2,drums,3.7841057589896487,1.4781375096980565,-0.04244475438504525,-0.06778929688423663
spleeter,Signe_Jakobsen_-_What_Have_You_Done_To_Me,delay_l2,delay,2,bass,1.4854566269139704,-0.5961108379936939,-0.21443283012397063,-0.25304697774237506
spleeter,Signe_Jakobsen_-_What_Have_You_Done_To_Me,delay_l2,delay,2,other,4.230426102448802,2.1980822297143456,-0.4951719103692609,-0.7458460495457073
spleeter,Signe_Jakobsen_-_What_Have_You_Done_To_Me,delay_l3,delay,3,vocals,6.726949098350645,5.702114191280968,-2.2840403270301772,-2.729428485816767
spleeter,Signe_Jakobsen_-_What_Have_You_Done_To_Me,delay_l3,delay,3,drums,3.7077404952709103,1.3490980554454282,-0.11881001810378367,-0.19682875113686493
spleeter,Signe_Jakobsen_-_What_Have_You_Done_To_Me,delay_l3,delay,3,bass,1.4851997191324902,-0.563243195019551,-0.21468973790545087,-0.22017933476823215
spleeter,Signe_Jakobsen_-_What_Have_You_Done_To_Me,delay_l3,delay,3,other,3.8557848903963254,1.6674662335967751,-0.8698131224217374,-1.2764620456632778
spleeter,Signe_Jakobsen_-_What_Have_You_Done_To_Me,delay_l4,delay,4,vocals,6.163060617391139,4.9793790326760545,-2.8479288079896836,-3.45216364442168
spleeter,Signe_Jakobsen_-_What_Have_You_Done_To_Me,delay_l4,delay,4,drums,3.6884165098716166,1.3209666362894774,-0.13813400350307736,-0.22496017029281568
spleeter,Signe_Jakobsen_-_What_Have_You_Done_To_Me,delay_l4,delay,4,bass,1.5425267631082786,-0.519209199102014,-0.1573626939296624,-0.17614533885069517
spleeter,Signe_Jakobsen_-_What_Have_You_Done_To_Me,delay_l4,delay,4,other,3.6167544089234194,1.3233462213055092,-1.1088436038946434,-1.6205820579545438
spleeter,Signe_Jakobsen_-_What_Have_You_Done_To_Me,original,original,0,vocals,9.010989425380822,8.431542677097735,0.0,0.0
spleeter,Signe_Jakobsen_-_What_Have_You_Done_To_Me,original,original,0,drums,3.826550513374694,1.545926806582293,0.0,0.0
spleeter,Signe_Jakobsen_-_What_Have_You_Done_To_Me,original,original,0,bass,1.699889457037941,-0.34306386025131885,0.0,0.0
spleeter,Signe_Jakobsen_-_What_Have_You_Done_To_Me,original,original,0,other,4.725598012818063,2.943928279260053,0.0,0.0
spleeter,Signe_Jakobsen_-_What_Have_You_Done_To_Me,reverb_l1,reverb,1,vocals,8.837057496782709,8.231555846679084,-0.17393192859811357,-0.19998683041865029
spleeter,Signe_Jakobsen_-_What_Have_You_Done_To_Me,reverb_l1,reverb,1,drums,3.819308988032326,1.5387580988112073,-0.007241525342367883,-0.007168707771085803
spleeter,Signe_Jakobsen_-_What_Have_You_Done_To_Me,reverb_l1,reverb,1,bass,1.680818180362909,-0.39135863497115575,-0.019071276675032056,-0.0482947747198369
spleeter,Signe_Jakobsen_-_What_Have_You_Done_To_Me,reverb_l1,reverb,1,other,4.664005634579166,2.8508290720079503,-0.06159237823889718,-0.09309920725210263
spleeter,Signe_Jakobsen_-_What_Have_You_Done_To_Me,reverb_l2,reverb,2,vocals,8.049899763861095,7.309845643576217,-0.9610896615197273,-1.1216970335215173
spleeter,Signe_Jakobsen_-_What_Have_You_Done_To_Me,reverb_l2,reverb,2,drums,3.8050950130968215,1.5248793822209936,-0.021455500277872463,-0.02104742436129947
spleeter,Signe_Jakobsen_-_What_Have_You_Done_To_Me,reverb_l2,reverb,2,bass,1.516968273861379,-0.5680422049317889,-0.18292118317656203,-0.22497834468047007
spleeter,Signe_Jakobsen_-_What_Have_You_Done_To_Me,reverb_l2,reverb,2,other,4.295830678172814,2.298838402137121,-0.4297673346452484,-0.6450898771229321
spleeter,Signe_Jakobsen_-_What_Have_You_Done_To_Me,reverb_l3,reverb,3,vocals,7.790142579046617,7.000130551097843,-1.2208468463342053,-1.4314121259998913
spleeter,Signe_Jakobsen_-_What_Have_You_Done_To_Me,reverb_l3,reverb,3,drums,3.844003039389057,1.5950456296511262,0.0174525260143632,0.049118823068833084
spleeter,Signe_Jakobsen_-_What_Have_You_Done_To_Me,reverb_l3,reverb,3,bass,1.6217442731704108,-0.49035794385084897,-0.07814518386753022,-0.1472940835995301
spleeter,Signe_Jakobsen_-_What_Have_You_Done_To_Me,reverb_l3,reverb,3,other,4.177250438389392,2.1308132089584677,-0.5483475744286705,-0.8131150703015853
spleeter,Signe_Jakobsen_-_What_Have_You_Done_To_Me,reverb_l4,reverb,4,vocals,7.826125395605171,7.043326902252457,-1.1848640297756514,-1.3882157748452775
spleeter,Signe_Jakobsen_-_What_Have_You_Done_To_Me,reverb_l4,reverb,4,drums,3.856120682939384,1.616075532214074,0.02957016956468994,0.07014872563178098
spleeter,Signe_Jakobsen_-_What_Have_You_Done_To_Me,reverb_l4,reverb,4,bass,1.6556359637145253,-0.46533110038948916,-0.04425349332341577,-0.12226724013817031
spleeter,Signe_Jakobsen_-_What_Have_You_Done_To_Me,reverb_l4,reverb,4,other,4.186613824866331,2.145661207510459,-0.5389841879517316,-0.7982670717495939
demucs,Signe_Jakobsen_-_What_Have_You_Done_To_Me,bitcrush_l1,bitcrush,1,vocals,10.673614941679547,10.291477640498792,-0.48924652078973097,-0.5274887230411682
demucs,Signe_Jakobsen_-_What_Have_You_Done_To_Me,bitcrush_l1,bitcrush,1,drums,6.221867765973558,5.047703951110498,-0.19997080069473228,-0.2558306840138389
demucs,Signe_Jakobsen_-_What_Have_You_Done_To_Me,bitcrush_l1,bitcrush,1,bass,3.914795513000082,2.787766863933274,-0.1492691938690207,-0.1084787563762446
demucs,Signe_Jakobsen_-_What_Have_You_Done_To_Me,bitcrush_l1,bitcrush,1,other,6.388286925801956,5.319457126426003,-0.20233620619666315,-0.27843380148178287
demucs,Signe_Jakobsen_-_What_Have_You_Done_To_Me,bitcrush_l2,bitcrush,2,vocals,10.680299664985007,10.298542226005416,-0.4825617974842711,-0.520424137534544
demucs,Signe_Jakobsen_-_What_Have_You_Done_To_Me,bitcrush_l2,bitcrush,2,drums,6.294071449303361,5.136767159188277,-0.12776711736492885,-0.16676747593606045
demucs,Signe_Jakobsen_-_What_Have_You_Done_To_Me,bitcrush_l2,bitcrush,2,bass,3.7999611118410814,2.65632032024713,-0.2641035950280215,-0.23992530006238866
demucs,Signe_Jakobsen_-_What_Have_You_Done_To_Me,bitcrush_l2,bitcrush,2,other,6.349938959781119,5.265659037971847,-0.24068417221749971,-0.33223188993593844
demucs,Signe_Jakobsen_-_What_Have_You_Done_To_Me,bitcrush_l3,bitcrush,3,vocals,10.6395581934145,10.254092739964937,-0.5233032690547788,-0.5648736235750231
demucs,Signe_Jakobsen_-_What_Have_You_Done_To_Me,bitcrush_l3,bitcrush,3,drums,6.270155777982232,5.1066633348253045,-0.1516827886860579,-0.19687130029903255
demucs,Signe_Jakobsen_-_What_Have_You_Done_To_Me,bitcrush_l3,bitcrush,3,bass,3.745188005973028,2.5981580556757984,-0.3188767008960749,-0.29808756463372044
demucs,Signe_Jakobsen_-_What_Have_You_Done_To_Me,bitcrush_l3,bitcrush,3,other,6.332108257917813,5.243464687682171,-0.25851487408080587,-0.35442624022561464
demucs,Signe_Jakobsen_-_What_Have_You_Done_To_Me,bitcrush_l4,bitcrush,4,vocals,10.416108967852091,10.010852790243929,-0.7467524946171871,-0.8081135732960316
demucs,Signe_Jakobsen_-_What_Have_You_Done_To_Me,bitcrush_l4,bitcrush,4,drums,6.222136501307938,5.047980037456208,-0.19970206536035207,-0.25555459766812927
demucs,Signe_Jakobsen_-_What_Have_You_Done_To_Me,bitcrush_l4,bitcrush,4,bass,3.822993800393874,2.6984700526839287,-0.24107090647522877,-0.19777556762559012
demucs,Signe_Jakobsen_-_What_Have_You_Done_To_Me,bitcrush_l4,bitcrush,4,other,6.355237399919851,5.276081808619203,-0.23538573207876823,-0.3218091192885826
demucs,Signe_Jakobsen_-_What_Have_You_Done_To_Me,compression_l1,compression,1,vocals,10.954799673200284,10.593177814013808,-0.208061789268994,-0.22578854952615224
demucs,Signe_Jakobsen_-_What_Have_You_Done_To_Me,compression_l1,compression,1,drums,6.358236842324936,5.221539925083302,-0.06360172434335443,-0.08199471004103476
demucs,Signe_Jakobsen_-_What_Have_You_Done_To_Me,compression_l1,compression,1,bass,4.139586956509457,2.9822128587597634,0.07552224964035403,0.08596723845024457
demucs,Signe_Jakobsen_-_What_Have_You_Done_To_Me,compression_l1,compression,1,other,6.558736139115303,5.556345398427499,-0.03188699288331609,-0.04154552948028645
demucs,Signe_Jakobsen_-_What_Have_You_Done_To_Me,compression_l2,compression,2,vocals,10.788393944823778,10.410822977802246,-0.3744675176455008,-0.4081433857377146
demucs,Signe_Jakobsen_-_What_Have_You_Done_To_Me,compression_l2,compression,2,drums,6.297158566069849,5.14519728598584,-0.12468000059844098,-0.15833734913849717
demucs,Signe_Jakobsen_-_What_Have_You_Done_To_Me,compression_l2,compression,2,bass,4.240353701599536,3.059929923731609,0.1762889947304327,0.16368430342209006
demucs,Signe_Jakobsen_-_What_Have_You_Done_To_Me,compression_l2,compression,2,other,6.591983394084961,5.606167358899103,0.00136026208634199,0.008276430991316808
demucs,Signe_Jakobsen_-_What_Have_You_Done_To_Me,compression_l3,compression,3,vocals,10.791424373318897,10.413860942197871,-0.37143708915038154,-0.40510542134208904
demucs,Signe_Jakobsen_-_What_Have_You_Done_To_Me,compression_l3,compression,3,drums,6.180343680025834,4.9965834275965655,-0.24149488664245666,-0.3069512075277716
demucs,Signe_Jakobsen_-_What_Have_You_Done_To_Me,compression_l3,compression,3,bass,4.293271441426825,3.11765287435541,0.22920673455772178,0.22140725404589112
demucs,Signe_Jakobsen_-_What_Have_You_Done_To_Me,compression_l3,compression,3,other,6.6310255092836154,5.660490060451221,0.040402377284996405,0.06259913254343541
demucs,Signe_Jakobsen_-_What_Have_You_Done_To_Me,compression_l4,compression,4,vocals,10.559851818634003,10.673660988230296,-0.603009643835275,-0.1453053753096647
demucs,Signe_Jakobsen_-_What_Have_You_Done_To_Me,compression_l4,compression,4,drums,6.093105608883436,4.889411414714159,-0.32873295778485456,-0.41412322041017813
demucs,Signe_Jakobsen_-_What_Have_You_Done_To_Me,compression_l4,compression,4,bass,4.244589307925965,3.076551291797368,0.1805246010568622,0.18030567148784904
demucs,Signe_Jakobsen_-_What_Have_You_Done_To_Me,compression_l4,compression,4,other,6.637416663289153,5.659582565640643,0.04679353129053432,0.06169163773285735
demucs,Signe_Jakobsen_-_What_Have_You_Done_To_Me,delay_l1,delay,1,vocals,10.523772738074994,10.123431463019969,-0.6390887243942842,-0.6955349005199913
demucs,Signe_Jakobsen_-_What_Have_You_Done_To_Me,delay_l1,delay,1,drums,6.304379827502196,5.158016329079221,-0.11745873916609462,-0.1455183060451164
demucs,Signe_Jakobsen_-_What_Have_You_Done_To_Me,delay_l1,delay,1,bass,4.0358663106736605,2.870894266406396,-0.0281983961954424,-0.02535135390312293
demucs,Signe_Jakobsen_-_What_Have_You_Done_To_Me,delay_l1,delay,1,other,6.379896398419504,5.320496236134162,-0.21072673357911498,-0.2773946917736234
demucs,Signe_Jakobsen_-_What_Have_You_Done_To_Me,delay_l2,delay,2,vocals,9.43012280530663,8.913229882253814,-1.732738657162649,-1.9057364812861461
demucs,Signe_Jakobsen_-_What_Have_You_Done_To_Me,delay_l2,delay,2,drums,6.2255370423743095,5.058914628158276,-0.19630152429398073,-0.2446200069660609
demucs,Signe_Jakobsen_-_What_Have_You_Done_To_Me,delay_l2,delay,2,bass,4.235650912766228,3.0374539273686714,0.1715862058971247,0.14120830705915255
demucs,Signe_Jakobsen_-_What_Have_You_Done_To_Me,delay_l2,delay,2,other,6.149513512133247,4.982882800690062,-0.44110961986537234,-0.6150081272177239
demucs,Signe_Jakobsen_-_What_Have_You_Done_To_Me,delay_l3,delay,3,vocals,8.737252086440048,8.143445507431906,-2.4256093760292305,-2.6755208561080543
demucs,Signe_Jakobsen_-_What_Have_You_Done_To_Me,delay_l3,delay,3,drums,6.190493320636568,5.011587262228,-0.23134524603172224,-0.2919473728963373
demucs,Signe_Jakobsen_-_What_Have_You_Done_To_Me,delay_l3,delay,3,bass,4.011944124304387,2.822173133979242,-0.05212058256471597,-0.07407248633027663
demucs,Signe_Jakobsen_-_What_Have_You_Done_To_Me,delay_l3,delay,3,other,5.809844386424622,4.51208426407556,-0.780778745573997,-1.0858066638322255
demucs,Signe_Jakobsen_-_What_Have_You_Done_To_Me,delay_l4,delay,4,vocals,8.144484359920373,7.471937500708447,-3.0183771025489055,-3.3470288628315137
demucs,Signe_Jakobsen_-_What_Have_You_Done_To_Me,delay_l4,delay,4,drums,6.065484512846342,4.85204275868991,-0.3563540538219483,-0.4514918764344271
demucs,Signe_Jakobsen_-_What_Have_You_Done_To_Me,delay_l4,delay,4,bass,4.4855417069203,3.266036586413152,0.4214770000511967,0.36979096610363316
demucs,Signe_Jakobsen_-_What_Have_You_Done_To_Me,delay_l4,delay,4,other,5.767805661064425,4.435142141466677,-0.8228174709341944,-1.1627487864411084
demucs,Signe_Jakobsen_-_What_Have_You_Done_To_Me,original,original,0,vocals,11.162861462469278,10.81896636353996,0.0,0.0
demucs,Signe_Jakobsen_-_What_Have_You_Done_To_Me,original,original,0,drums,6.42183856666829,5.303534635124337,0.0,0.0
demucs,Signe_Jakobsen_-_What_Have_You_Done_To_Me,original,original,0,bass,4.064064706869103,2.896245620309519,0.0,0.0
demucs,Signe_Jakobsen_-_What_Have_You_Done_To_Me,original,original,0,other,6.590623131998619,5.597890927907786,0.0,0.0
demucs,Signe_Jakobsen_-_What_Have_You_Done_To_Me,reverb_l1,reverb,1,vocals,10.730433701288417,10.352162989655305,-0.4324277611808611,-0.4668033738846553
demucs,Signe_Jakobsen_-_What_Have_You_Done_To_Me,reverb_l1,reverb,1,drums,6.40423871834296,5.281842010928282,-0.01759984832533057,-0.021692624196054666
demucs,Signe_Jakobsen_-_What_Have_You_Done_To_Me,reverb_l1,reverb,1,bass,4.074220704591426,2.8959740849907876,0.010155997722322674,-0.00027153531873125303
demucs,Signe_Jakobsen_-_What_Have_You_Done_To_Me,reverb_l1,reverb,1,other,6.490175931091454,5.452996524890547,-0.10044720090716464,-0.144894403017239
demucs,Signe_Jakobsen_-_What_Have_You_Done_To_Me,reverb_l2,reverb,2,vocals,9.615537598617344,9.13828462407079,-1.5473238638519344,-1.6806817394691702
demucs,Signe_Jakobsen_-_What_Have_You_Done_To_Me,reverb_l2,reverb,2,drums,6.419915284694681,5.299875535026306,-0.0019232819736094697,-0.003659100098031054
demucs,Signe_Jakobsen_-_What_Have_You_Done_To_Me,reverb_l2,reverb,2,bass,4.07967630470076,2.9041545321175297,0.015611597831656887,0.007908911808010899
demucs,Signe_Jakobsen_-_What_Have_You_Done_To_Me,reverb_l2,reverb,2,other,6.154353815530939,4.9760420433665,-0.43626931646767986,-0.6218488845412855
demucs,Signe_Jakobsen_-_What_Have_You_Done_To_Me,reverb_l3,reverb,3,vocals,9.260538995382408,8.748518829584103,-1.9023224670868704,-2.070447533955857
demucs,Signe_Jakobsen_-_What_Have_You_Done_To_Me,reverb_l3,reverb,3,drums,6.421972462381946,5.303929421301787,0.00013389571365607367,0.000394786177450257
demucs,Signe_Jakobsen_-_What_Have_You_Done_To_Me,reverb_l3,reverb,3,bass,3.9552683621154783,2.8247187806077427,-0.10879634475362465,-0.07152683970177609
demucs,Signe_Jakobsen_-_What_Have_You_Done_To_Me,reverb_l3,reverb,3,other,5.917807630618393,4.643390816301405,-0.6728155013802262,-0.9545001116063805
demucs,Signe_Jakobsen_-_What_Have_You_Done_To_Me,reverb_l4,reverb,4,vocals,9.222378925179182,8.708209581246654,-1.9404825372900962,-2.110756782293306
demucs,Signe_Jakobsen_-_What_Have_You_Done_To_Me,reverb_l4,reverb,4,drums,6.527286784321649,5.436465480577102,0.10544821765335843,0.13293084545276468
demucs,Signe_Jakobsen_-_What_Have_You_Done_To_Me,reverb_l4,reverb,4,bass,4.068583892348052,2.950241289256132,0.004519185478948806,0.05399566894661323
demucs,Signe_Jakobsen_-_What_Have_You_Done_To_Me,reverb_l4,reverb,4,other,5.959949525266604,4.695587409908988,-0.6306736067320147,-0.9023035179987975
spleeter,Skelpolu_-_Resurrection,bitcrush_l1,bitcrush,1,vocals,0.21930009389994007,-12.445226474050612,-0.034954227704073776,-0.5845152529412854
spleeter,Skelpolu_-_Resurrection,bitcrush_l1,bitcrush,1,drums,6.383636017705406,5.249739980892451,-0.009450393592150164,-0.012548142729775336
spleeter,Skelpolu_-_Resurrection,bitcrush_l1,bitcrush,1,bass,10.194249605197285,9.766836731239657,0.0009671094465382168,0.0010957683315293565
spleeter,Skelpolu_-_Resurrection,bitcrush_l1,bitcrush,1,other,3.125369703013133,1.1583230857202298,0.0215274471228315,0.025605262860452616
spleeter,Skelpolu_-_Resurrection,bitcrush_l2,bitcrush,2,vocals,0.21933457139571885,-12.444420604158172,-0.03491975020829499,-0.5837093830488449
spleeter,Skelpolu_-_Resurrection,bitcrush_l2,bitcrush,2,drums,6.383581420116893,5.2496653355283645,-0.009504991180663502,-0.012622788093861637
spleeter,Skelpolu_-_Resurrection,bitcrush_l2,bitcrush,2,bass,10.194516787595674,9.767134164840162,0.0012342918449270712,0.0013932019320339606
spleeter,Skelpolu_-_Resurrection,bitcrush_l2,bitcrush,2,other,3.1256434962432293,1.158733846201929,0.021801240352927742,0.026016023342151806
spleeter,Skelpolu_-_Resurrection,bitcrush_l3,bitcrush,3,vocals,0.22585014464552566,-12.341756413375132,-0.02840417695848818,-0.481045192265805
spleeter,Skelpolu_-_Resurrection,bitcrush_l3,bitcrush,3,drums,6.382189177117846,5.247824376303014,-0.010897234179710225,-0.014463747319211961
spleeter,Skelpolu_-_Resurrection,bitcrush_l3,bitcrush,3,bass,10.195566702718803,9.768344138715321,0.0022842069680564236,0.002603175807193381
spleeter,Skelpolu_-_Resurrection,bitcrush_l3,bitcrush,3,other,3.130527191652552,1.1627420869515839,0.026684935762250284,0.030024264091806696
spleeter,Skelpolu_-_Resurrection,bitcrush_l4,bitcrush,4,vocals,0.22180367875087853,-12.396014400357608,-0.032450642853135314,-0.535303179248281
spleeter,Skelpolu_-_Resurrection,bitcrush_l4,bitcrush,4,drums,6.379429953765636,5.244206624060153,-0.013656457531920019,-0.018081499562073056
spleeter,Skelpolu_-_Resurrection,bitcrush_l4,bitcrush,4,bass,10.198915632900949,9.771897764970104,0.005633137150201861,0.006156802061976663
spleeter,Skelpolu_-_Resurrection,bitcrush_l4,bitcrush,4,other,3.1526049209436637,1.1932217840059027,0.04876266505336213,0.06050396114612555
spleeter,Skelpolu_-_Resurrection,compression_l1,compression,1,vocals,0.25999887033338054,-11.791678936009273,0.005744548729366694,0.06903228510005377
spleeter,Skelpolu_-_Resurrection,compression_l1,compression,1,drums,6.390344675440901,5.25870963408444,-0.0027417358566550476,-0.003578489537786389
spleeter,Skelpolu_-_Resurrection,compression_l1,compression,1,bass,10.18796282473324,9.759541267844954,-0.005319671017506522,-0.006199695063173749
spleeter,Skelpolu_-_Resurrection,compression_l1,compression,1,other,3.1096502658654486,1.1417533738318786,0.005808009975146966,0.009035550972101403
spleeter,Skelpolu_-_Resurrection,compression_l2,compression,2,vocals,0.27067858643045817,-11.692277394203778,0.016424264826444324,0.16843382690554876
spleeter,Skelpolu_-_Resurrection,compression_l2,compression,2,drums,6.384949862071783,5.251554992910781,-0.00813654922577367,-0.010733130711445327
spleeter,Skelpolu_-_Resurrection,compression_l2,compression,2,bass,10.186121811308466,9.756950284114627,-0.007160684442281351,-0.008790678793500817
spleeter,Skelpolu_-_Resurrection,compression_l2,compression,2,other,3.1423900292048006,1.1866793824161632,0.03854777331449899,0.05396155955638604
spleeter,Skelpolu_-_Resurrection,compression_l3,compression,3,vocals,0.2932766917297785,-11.453867180092281,0.03902237012576465,0.4068440410170453
spleeter,Skelpolu_-_Resurrection,compression_l3,compression,3,drums,6.376778449704586,5.240629936037657,-0.01630796159296999,-0.021658187584568722
spleeter,Skelpolu_-_Resurrection,compression_l3,compression,3,bass,10.195276871742005,9.766388948590727,0.001994375991257513,0.0006479856825993835
spleeter,Skelpolu_-_Resurrection,compression_l3,compression,3,other,3.2115692922029186,1.2790044836000058,0.10772703631261704,0.14628666074022867
spleeter,Skelpolu_-_Resurrection,compression_l4,compression,4,vocals,0.1366089876215144,-14.94743597771218,-0.11764533398249943,-3.0867247566028535
spleeter,Skelpolu_-_Resurrection,compression_l4,compression,4,drums,6.323487787973461,5.171757019185913,-0.0695986233240955,-0.09053110443631329
spleeter,Skelpolu_-_Resurrection,compression_l4,compression,4,bass,10.148421594279355,9.714160788260008,-0.044860901471391657,-0.05158017464811948
spleeter,Skelpolu_-_Resurrection,compression_l4,compression,4,other,3.400408082630557,1.563408167640069,0.29656582674025556,0.4306903447802919
spleeter,Skelpolu_-_Resurrection,delay_l1,delay,1,vocals,0.2703606474909279,-11.627877785861962,0.016106325886914075,0.23283343524736466
spleeter,Skelpolu_-_Resurrection,delay_l1,delay,1,drums,6.391456867067749,5.260114517658416,-0.0016295442298073226,-0.002173605963809777
spleeter,Skelpolu_-_Resurrection,delay_l1,delay,1,bass,10.214061252399508,9.788422634816824,0.020778756648761387,0.022681671908696188
spleeter,Skelpolu_-_Resurrection,delay_l1,delay,1,other,3.1021289928089524,1.1265522073006713,-0.0017132630813492256,-0.006165615559105886
spleeter,Skelpolu_-_Resurrection,delay_l2,delay,2,vocals,-0.0019049049526427585,-18.231911309817818,-0.2561592265566566,-6.371200088708491
spleeter,Skelpolu_-_Resurrection,delay_l2,delay,2,drums,6.395464286954045,5.26552495965405,0.002377875656488726,0.0032368360318235645
spleeter,Skelpolu_-_Resurrection,delay_l2,delay,2,bass,10.205105321410691,9.777484734207121,0.011822825659944414,0.011743771298993622
spleeter,Skelpolu_-_Resurrection,delay_l2,delay,2,other,2.8843002993320024,0.9176951476378086,-0.21954195655829922,-0.2150226752219686
spleeter,Skelpolu_-_Resurrection,delay_l3,delay,3,vocals,0.062138747172936784,-16.18285946215046,-0.19211557443107707,-4.322148241041134
spleeter,Skelpolu_-_Resurrection,delay_l3,delay,3,drums,6.3941612856469465,5.263386498914273,0.0010748743493902424,0.001098375292047038
spleeter,Skelpolu_-_Resurrection,delay_l3,delay,3,bass,10.223146461070305,9.797295728477412,0.02986396531955826,0.03155476556928427
spleeter,Skelpolu_-_Resurrection,delay_l3,delay,3,other,2.9722324076947393,1.0129962368718324,-0.13160984819556232,-0.1197215859879448
spleeter,Skelpolu_-_Resurrection,delay_l4,delay,4,vocals,-0.041435542311531584,-19.904731983966123,-0.2956898639155454,-8.044020762856796
spleeter,Skelpolu_-_Resurrection,delay_l4,delay,4,drums,6.356495253951321,5.214206904533575,-0.03659115734623519,-0.04808121908865104
spleeter,Skelpolu_-_Resurrection,delay_l4,delay,4,bass,10.211661276362488,9.784605591724855,0.018378780611740808,0.018864628816727347
spleeter,Skelpolu_-_Resurrection,delay_l4,delay,4,other,2.8877889461134143,0.9175349582441814,-0.2160533097768873,-0.21518286461559577
spleeter,Skelpolu_-_Resurrection,original,original,0,vocals,0.25425432160401384,-11.860711221109327,0.0,0.0
spleeter,Skelpolu_-_Resurrection,original,original,0,drums,6.393086411297556,5.262288123622226,0.0,0.0
spleeter,Skelpolu_-_Resurrection,original,original,0,bass,10.193282495750747,9.765740962908128,0.0,0.0
spleeter,Skelpolu_-_Resurrection,original,original,0,other,3.1038422558903016,1.1327178228597772,0.0,0.0
spleeter,Skelpolu_-_Resurrection,reverb_l1,reverb,1,vocals,0.010427672766207463,-18.317247412432376,-0.2438266488378064,-6.45653619132305
spleeter,Skelpolu_-_Resurrection,reverb_l1,reverb,1,drums,6.380364285482509,5.24527393145748,-0.012722125815047391,-0.017014192164745978
spleeter,Skelpolu_-_Resurrection,reverb_l1,reverb,1,bass,10.132052251026039,9.698980625114853,-0.06123024472470817,-0.06676033779327462
spleeter,Skelpolu_-_Resurrection,reverb_l1,reverb,1,other,3.3121030922262698,1.4116558442242908,0.20826083633596815,0.2789380213645136
spleeter,Skelpolu_-_Resurrection,reverb_l2,reverb,2,vocals,-0.10175920747832734,-44.923019688306205,-0.3560135290823412,-33.06230846719688
spleeter,Skelpolu_-_Resurrection,reverb_l2,reverb,2,drums,6.384865125853826,5.250763655795428,-0.008221285443730686,-0.01152446782679828
spleeter,Skelpolu_-_Resurrection,reverb_l2,reverb,2,bass,9.99175427522417,9.548435155373054,-0.20152822052657626,-0.21730580753507311
spleeter,Skelpolu_-_Resurrection,reverb_l2,reverb,2,other,3.836427820064185,2.0611478072305562,0.7325855641738834,0.9284299843707791
spleeter,Skelpolu_-_Resurrection,reverb_l3,reverb,3,vocals,-0.10379264558290323,-69.62740774417577,-0.3580469671869171,-57.76669652306644
spleeter,Skelpolu_-_Resurrection,reverb_l3,reverb,3,drums,6.394016078600856,5.262784282124345,0.0009296673032999081,0.0004961585021190373
spleeter,Skelpolu_-_Resurrection,reverb_l3,reverb,3,bass,9.849319245887765,9.396551879358615,-0.3439632498629823,-0.36918908354951263
spleeter,Skelpolu_-_Resurrection,reverb_l3,reverb,3,other,4.035894111866845,2.299803560652978,0.9320518559765438,1.167085737793201
spleeter,Skelpolu_-_Resurrection,reverb_l4,reverb,4,vocals,-0.10463782196289075,-72.12819787625044,-0.3588921435669046,-60.26748665514111
spleeter,Skelpolu_-_Resurrection,reverb_l4,reverb,4,drums,6.401852783368053,5.273095105985974,0.008766372070496686,0.010806982363748219
spleeter,Skelpolu_-_Resurrection,reverb_l4,reverb,4,bass,9.77601344478413,9.318524574102254,-0.4172690509666168,-0.4472163888058738
spleeter,Skelpolu_-_Resurrection,reverb_l4,reverb,4,other,4.087559987935736,2.359844593966551,0.983717732045434,1.2271267711067737
demucs,Skelpolu_-_Resurrection,bitcrush_l1,bitcrush,1,vocals,1.769845535260348,-2.9117626440160578,-0.2334205341603608,-0.6369601829064306
demucs,Skelpolu_-_Resurrection,bitcrush_l1,bitcrush,1,drums,13.596407087190608,13.41931984124625,-0.08578090964283369,-0.09116238062954807
demucs,Skelpolu_-_Resurrection,bitcrush_l1,bitcrush,1,bass,15.444012549006366,15.365867984549048,0.031369273977833956,0.028402720186148755
demucs,Skelpolu_-_Resurrection,bitcrush_l1,bitcrush,1,other,5.79530635712047,4.574238633815383,-0.14688835159519353,-0.17375346622876275
demucs,Skelpolu_-_Resurrection,bitcrush_l2,bitcrush,2,vocals,1.769171325981063,-2.9179330069431164,-0.23409474343964565,-0.6431305458334893
demucs,Skelpolu_-_Resurrection,bitcrush_l2,bitcrush,2,drums,13.543235227235096,13.36511182516528,-0.13895276959834568,-0.14537039671051666
demucs,Skelpolu_-_Resurrection,bitcrush_l2,bitcrush,2,bass,15.394291163923363,15.315299179834575,-0.018352111105169655,-0.022166084528324248
demucs,Skelpolu_-_Resurrection,bitcrush_l2,bitcrush,2,other,5.776347635461073,4.553871153516619,-0.16584707325459025,-0.19412094652752643
demucs,Skelpolu_-_Resurrection,bitcrush_l3,bitcrush,3,vocals,1.8672300951253678,-2.630489306523974,-0.13603597429534098,-0.3556868454143469
demucs,Skelpolu_-_Resurrection,bitcrush_l3,bitcrush,3,drums,13.57980791786411,13.402972000662142,-0.10238007896933077,-0.10751022121365494
demucs,Skelpolu_-_Resurrection,bitcrush_l3,bitcrush,3,bass,15.42977262476796,15.352336822499906,0.01712934973942737,0.014871558137006247
demucs,Skelpolu_-_Resurrection,bitcrush_l3,bitcrush,3,other,5.848848659328186,4.6364246233830135,-0.09334604938747759,-0.11156747666113187
demucs,Skelpolu_-_Resurrection,bitcrush_l4,bitcrush,4,vocals,1.7946532302868232,-2.865480538478896,-0.2086128391338855,-0.5906780773692688
demucs,Skelpolu_-_Resurrection,bitcrush_l4,bitcrush,4,drums,13.568388409055078,13.390990644009314,-0.11379958777836308,-0.11949157786648357
demucs,Skelpolu_-_Resurrection,bitcrush_l4,bitcrush,4,bass,15.434135387173878,15.357890712245595,0.021492112145345743,0.020425447882695735
demucs,Skelpolu_-_Resurrection,bitcrush_l4,bitcrush,4,other,5.882849679035617,4.679367375386244,-0.0593450296800464,-0.06862472465790148
demucs,Skelpolu_-_Resurrection,compression_l1,compression,1,vocals,1.8947315014343067,-2.5578357045408446,-0.10853456798640204,-0.2830332434312175
demucs,Skelpolu_-_Resurrection,compression_l1,compression,1,drums,13.769835514523777,13.603355815384369,0.08764751769033552,0.09287359350857116
demucs,Skelpolu_-_Resurrection,compression_l1,compression,1,bass,15.448960991484824,15.371568453545276,0.036317716456292004,0.034103189182376425
demucs,Skelpolu_-_Resurrection,compression_l1,compression,1,other,5.858879954958009,4.640764536942207,-0.08331475375765507,-0.10722756310193837
demucs,Skelpolu_-_Resurrection,compression_l2,compression,2,vocals,1.772022216122024,-2.89131758272386,-0.2312438532986847,-0.616515121614233
demucs,Skelpolu_-_Resurrection,compression_l2,compression,2,drums,13.546035267563962,13.36825220448665,-0.13615272926947952,-0.14223001738914753
demucs,Skelpolu_-_Resurrection,compression_l2,compression,2,bass,15.324645119403485,15.244588206147437,-0.08799815562504776,-0.09287705821546233
demucs,Skelpolu_-_Resurrection,compression_l2,compression,2,other,5.732550163241374,4.484136476357915,-0.20964454547428968,-0.26385562368623017
demucs,Skelpolu_-_Resurrection,compression_l3,compression,3,vocals,1.5453672507204006,-3.599797855068132,-0.45789881870030813,-1.3249953939585049
demucs,Skelpolu_-_Resurrection,compression_l3,compression,3,drums,13.525127293246042,13.345144683155134,-0.15706070358739943,-0.1653375387206637
demucs,Skelpolu_-_Resurrection,compression_l3,compression,3,bass,15.369920995352945,15.28977112486704,-0.04272227967558706,-0.0476941394958601
demucs,Skelpolu_-_Resurrection,compression_l3,compression,3,other,5.6083096593874,4.34597956406907,-0.3338850493282637,-0.402012535975075
demucs,Skelpolu_-_Resurrection,compression_l4,compression,4,vocals,1.6332886004733287,-3.328967668893755,-0.36997746894738004,-1.054165207784128
demucs,Skelpolu_-_Resurrection,compression_l4,compression,4,drums,13.55461507335342,13.378649374034904,-0.12757292348002203,-0.13183284784089366
demucs,Skelpolu_-_Resurrection,compression_l4,compression,4,bass,15.383891115574325,15.30434336551692,-0.02875215945420706,-0.03312189884598027
demucs,Skelpolu_-_Resurrection,compression_l4,compression,4,other,5.655591214763078,4.412930101930112,-0.2866034939525859,-0.3350619981140337
demucs,Skelpolu_-_Resurrection,delay_l1,delay,1,vocals,1.9359347958508137,-2.4722910099771758,-0.06733127356989499,-0.19748854886754863
demucs,Skelpolu_-_Resurrection,delay_l1,delay,1,drums,13.613233829452259,13.438178209536042,-0.06895416738118243,-0.07230401233975492
demucs,Skelpolu_-_Resurrection,delay_l1,delay,1,bass,15.507805273607405,15.429054811315403,0.09516199857887209,0.09158954695250365
demucs,Skelpolu_-_Resurrection,delay_l1,delay,1,other,5.774709800533053,4.555177421807978,-0.16748490818261086,-0.19281467823616705
demucs,Skelpolu_-_Resurrection,delay_l2,delay,2,vocals,1.4943970384811665,-3.852313727458498,-0.5088690309395423,-1.5775112663488708
demucs,Skelpolu_-_Resurrection,delay_l2,delay,2,drums,13.514232438813028,13.334863872960323,-0.16795555802041306,-0.17561834891547434
demucs,Skelpolu_-_Resurrection,delay_l2,delay,2,bass,15.410764410657205,15.331189294253711,-0.001878864371327893,-0.006275970109188123
demucs,Skelpolu_-_Resurrection,delay_l2,delay,2,other,5.503548463642528,4.257122434833857,-0.43864624507313543,-0.49086966521028863
demucs,Skelpolu_-_Resurrection,delay_l3,delay,3,vocals,1.6740340153660618,-3.2753770366610704,-0.32923205405464695,-1.0005745755514432
demucs,Skelpolu_-_Resurrection,delay_l3,delay,3,drums,13.636516633703454,13.463894263570655,-0.045671363129986986,-0.04658795830514251
demucs,Skelpolu_-_Resurrection,delay_l3,delay,3,bass,15.617420672223103,15.538242002037435,0.20477739719457055,0.20077673767453597
demucs,Skelpolu_-_Resurrection,delay_l3,delay,3,other,5.534313266433546,4.295644965577065,-0.4078814422821173,-0.45234713446708064
demucs,Skelpolu_-_Resurrection,delay_l4,delay,4,vocals,1.3044616010480272,-4.531200405813256,-0.6988044683726815,-2.256397944703629
demucs,Skelpolu_-_Resurrection,delay_l4,delay,4,drums,13.448737183246669,13.267737224745117,-0.23345081358677255,-0.24274499713068032
demucs,Skelpolu_-_Resurrection,delay_l4,delay,4,bass,15.529294524229272,15.44880666922623,0.11665124920073922,0.11134140486332988
demucs,Skelpolu_-_Resurrection,delay_l4,delay,4,other,5.29860534925095,4.037022618991115,-0.6435893594647135,-0.7109694810530307
demucs,Skelpolu_-_Resurrection,original,original,0,vocals,2.0032660694207087,-2.274802461109627,0.0,0.0
demucs,Skelpolu_-_Resurrection,original,original,0,drums,13.682187996833441,13.510482221875797,0.0,0.0
demucs,Skelpolu_-_Resurrection,original,original,0,bass,15.412643275028532,15.3374652643629,0.0,0.0
demucs,Skelpolu_-_Resurrection,original,original,0,other,5.942194708715664,4.747992100044145,0.0,0.0
demucs,Skelpolu_-_Resurrection,reverb_l1,reverb,1,vocals,1.6738074310189588,-3.270357340447117,-0.32945863840174994,-0.9955548793374898
demucs,Skelpolu_-_Resurrection,reverb_l1,reverb,1,drums,13.606285417564195,13.431037514328146,-0.07590257926924693,-0.0794447075476512
demucs,Skelpolu_-_Resurrection,reverb_l1,reverb,1,bass,15.418734986322418,15.33564417836419,0.006091711293885638,-0.0018210859987100037
demucs,Skelpolu_-_Resurrection,reverb_l1,reverb,1,other,5.554159855126287,4.325661725452539,-0.3880348535893763,-0.4223303745916063
demucs,Skelpolu_-_Resurrection,reverb_l2,reverb,2,vocals,-0.002108681886624776,-19.224510181535738,-2.0053747513073334,-16.94970772042611
demucs,Skelpolu_-_Resurrection,reverb_l2,reverb,2,drums,13.671449647965161,13.499621150833311,-0.010738348868279957,-0.010861071042485904
demucs,Skelpolu_-_Resurrection,reverb_l2,reverb,2,bass,15.677476177925023,15.598539347053356,0.2648329028964902,0.26107408269045607
demucs,Skelpolu_-_Resurrection,reverb_l2,reverb,2,other,4.133130767452591,2.875033472009983,-1.809063941263073,-1.8729586280341626
demucs,Skelpolu_-_Resurrection,reverb_l3,reverb,3,vocals,-0.12144920255680891,-36.13254347068058,-2.1247152719775175,-33.85774100957095
demucs,Skelpolu_-_Resurrection,reverb_l3,reverb,3,drums,13.693636648509761,13.522246741394886,0.011448651676319699,0.011764519519088523
demucs,Skelpolu_-_Resurrection,reverb_l3,reverb,3,bass,15.730992062078123,15.650898297173166,0.31834878704959024,0.31343303281026635
demucs,Skelpolu_-_Resurrection,reverb_l3,reverb,3,other,4.0398367369784545,2.803995420895568,-1.9023579717372092,-1.9439966791485772
demucs,Skelpolu_-_Resurrection,reverb_l4,reverb,4,vocals,-0.12141383139705456,-31.96013583181539,-2.1246799008177635,-29.685333370705763
demucs,Skelpolu_-_Resurrection,reverb_l4,reverb,4,drums,13.752441146329087,13.582398453125123,0.07025314949564532,0.07191623124932534
demucs,Skelpolu_-_Resurrection,reverb_l4,reverb,4,bass,15.781726866444876,15.702508130367345,0.3690835914163433,0.3650428660044458
demucs,Skelpolu_-_Resurrection,reverb_l4,reverb,4,other,3.9963517363372585,2.747821679729875,-1.9458429723784052,-2.0001704203142703
spleeter,Speak_Softly_-_Broken_Man,bitcrush_l1,bitcrush,1,vocals,4.211646946592961,2.221476211692204,-0.32942105899109464,-0.5329889670470118
spleeter,Speak_Softly_-_Broken_Man,bitcrush_l1,bitcrush,1,drums,5.514335204316495,4.131506890063768,0.0007843656745638583,-0.002076304367822246
spleeter,Speak_Softly_-_Broken_Man,bitcrush_l1,bitcrush,1,bass,10.623174206082055,10.359850687470855,0.007682444485608286,0.00839828954188171
spleeter,Speak_Softly_-_Broken_Man,bitcrush_l1,bitcrush,1,other,6.74522070718791,5.809030222702111,-0.009128632101682577,-0.003731685514322791
spleeter,Speak_Softly_-_Broken_Man,bitcrush_l2,bitcrush,2,vocals,4.2110566122525555,2.219879902609335,-0.33001139333150054,-0.534585276129881
spleeter,Speak_Softly_-_Broken_Man,bitcrush_l2,bitcrush,2,drums,5.5144657131542445,4.131588776674376,0.0009148745123130908,-0.0019944177572144284
spleeter,Speak_Softly_-_Broken_Man,bitcrush_l2,bitcrush,2,bass,10.616174987618097,10.35284183089425,0.0006832260216498298,0.0013894329652757165
spleeter,Speak_Softly_-_Broken_Man,bitcrush_l2,bitcrush,2,other,6.740464846436714,5.803535323781082,-0.013884492852878516,-0.009226584435351626
spleeter,Speak_Softly_-_Broken_Man,bitcrush_l3,bitcrush,3,vocals,4.195080362503096,2.1879836675962596,-0.3459876430809601,-0.5664815111429564
spleeter,Speak_Softly_-_Broken_Man,bitcrush_l3,bitcrush,3,drums,5.515448469030108,4.132006678894629,0.0018976303881768075,-0.0015765155369615869
spleeter,Speak_Softly_-_Broken_Man,bitcrush_l3,bitcrush,3,bass,10.589169582442448,10.326825251349433,-0.026322179153998704,-0.024627146579540238
spleeter,Speak_Softly_-_Broken_Man,bitcrush_l3,bitcrush,3,other,6.720334900568213,5.778836371689957,-0.034014438721379214,-0.03392553652647656
spleeter,Speak_Softly_-_Broken_Man,bitcrush_l4,bitcrush,4,vocals,3.9294201435443816,1.7501342817784016,-0.6116478620396744,-1.0043308969608145
spleeter,Speak_Softly_-_Broken_Man,bitcrush_l4,bitcrush,4,drums,5.419013097211023,3.9974763643952627,-0.09453774143090854,-0.13610683003632795
spleeter,Speak_Softly_-_Broken_Man,bitcrush_l4,bitcrush,4,bass,10.622747840854332,10.364258784261207,0.007256079257885517,0.012806386332233188
spleeter,Speak_Softly_-_Broken_Man,bitcrush_l4,bitcrush,4,other,6.576546409978089,5.61465900629189,-0.1778029293115031,-0.1981029019245435
spleeter,Speak_Softly_-_Broken_Man,compression_l1,compression,1,vocals,4.605162960325526,2.852260418278148,0.06409495474146976,0.09779523953893188
spleeter,Speak_Softly_-_Broken_Man,compression_l1,compression,1,drums,5.50652513023787,4.123198570951272,-0.007025708404061248,-0.010384623480318211
spleeter,Speak_Softly_-_Broken_Man,compression_l1,compression,1,bass,10.614989670546702,10.35138421193575,-0.0005020910497446351,-6.818599322322427e-05
spleeter,Speak_Softly_-_Broken_Man,compression_l1,compression,1,other,6.78667908724395,5.85176072096673,0.032329747954357835,0.03899881275029671
spleeter,Speak_Softly_-_Broken_Man,compression_l2,compression,2,vocals,4.701267113857263,2.9963857667579754,0.16019910827320683,0.24192058801875937
spleeter,Speak_Softly_-_Broken_Man,compression_l2,compression,2,drums,5.489041717298296,4.09356410599222,-0.024509121343635698,-0.04001908843937052
spleeter,Speak_Softly_-_Broken_Man,compression_l2,compression,2,bass,10.619603449600397,10.355869567326065,0.004111688003950675,0.0044171693970920245
spleeter,Speak_Softly_-_Broken_Man,compression_l2,compression,2,other,6.852067547645576,5.932429814281245,0.09771820835598355,0.11966790606481137
spleeter,Speak_Softly_-_Broken_Man,compression_l3,compression,3,vocals,4.695976532414404,2.9872096630582403,0.15490852683034806,0.23274448431902428
spleeter,Speak_Softly_-_Broken_Man,compression_l3,compression,3,drums,5.465780098593358,4.053942292733042,-0.0477707400485734,-0.0796409016985482
spleeter,Speak_Softly_-_Broken_Man,compression_l3,compression,3,bass,10.63868505839415,10.37411758221628,0.023193296797703766,0.022665184287307127
spleeter,Speak_Softly_-_Broken_Man,compression_l3,compression,3,other,6.894556821729692,5.984690317298193,0.14020748244009962,0.171928409081759
spleeter,Speak_Softly_-_Broken_Man,compression_l4,compression,4,vocals,4.569242598478041,2.788289948105802,0.028174592893985384,0.03382476936658607
spleeter,Speak_Softly_-_Broken_Man,compression_l4,compression,4,drums,5.361002197416757,3.8934076680110303,-0.15254864122517464,-0.24017552642056028
spleeter,Speak_Softly_-_Broken_Man,compression_l4,compression,4,bass,10.659345129804516,10.394484798750563,0.043853368208068844,0.043032400821589434
spleeter,Speak_Softly_-_Broken_Man,compression_l4,compression,4,other,6.9164728432646765,6.0123835597208934,0.16212350397508413,0.19962165150445976
spleeter,Speak_Softly_-_Broken_Man,delay_l1,delay,1,vocals,4.4769179419670975,2.64927995088631,-0.06415006361695852,-0.10518522785290596
spleeter,Speak_Softly_-_Broken_Man,delay_l1,delay,1,drums,5.4916158270557585,4.099175738209448,-0.021935011586172948,-0.034407456222142585
spleeter,Speak_Softly_-_Broken_Man,delay_l1,delay,1,bass,10.564884570702775,10.301264285737382,-0.05060719089367183,-0.05018811219159147
spleeter,Speak_Softly_-_Broken_Man,delay_l1,delay,1,other,6.751001329918488,5.795342273825287,-0.0033480093711046877,-0.01741963439114702
spleeter,Speak_Softly_-_Broken_Man,delay_l2,delay,2,vocals,3.99087898778371,1.8239733326792618,-0.5501890178003461,-0.9304918460599543
spleeter,Speak_Softly_-_Broken_Man,delay_l2,delay,2,drums,5.460126374692889,4.05441760942078,-0.05342446394904243,-0.07916558501081017
spleeter,Speak_Softly_-_Broken_Man,delay_l2,delay,2,bass,10.5311277585278,10.265210719829405,-0.08436400306864655,-0.08624167809956873
spleeter,Speak_Softly_-_Broken_Man,delay_l2,delay,2,other,6.440007253881754,5.448193553770977,-0.31434208540783803,-0.3645683544454563
spleeter,Speak_Softly_-_Broken_Man,delay_l3,delay,3,vocals,3.5740834209545156,1.134168401419241,-0.9669845846295404,-1.620296777319975
spleeter,Speak_Softly_-_Broken_Man,delay_l3,delay,3,drums,5.359648858588998,3.9199557033714156,-0.15390198005293332,-0.21362749106017498
spleeter,Speak_Softly_-_Broken_Man,delay_l3,delay,3,bass,10.471823415284213,10.20542615014772,-0.1436683463122339,-0.14602624778125417
spleeter,Speak_Softly_-_Broken_Man,delay_l3,delay,3,other,6.226688823871963,5.169408727711012,-0.5276605154176295,-0.6433531805054216
spleeter,Speak_Softly_-_Broken_Man,delay_l4,delay,4,vocals,3.2512611486162846,0.4904333568454795,-1.2898068569677714,-2.2640318218937363
spleeter,Speak_Softly_-_Broken_Man,delay_l4,delay,4,drums,5.283866436068431,3.8085408952438913,-0.22968440257350053,-0.32504229918769934
spleeter,Speak_Softly_-_Broken_Man,delay_l4,delay,4,bass,10.335089845502313,10.064531281336762,-0.28040191609413334,-0.286921116592211
spleeter,Speak_Softly_-_Broken_Man,delay_l4,delay,4,other,6.012907034478909,4.969467679714553,-0.7414423048106835,-0.8432942285018807
spleeter,Speak_Softly_-_Broken_Man,original,original,0,vocals,4.541068005584056,2.754465178739216,0.0,0.0
spleeter,Speak_Softly_-_Broken_Man,original,original,0,drums,5.513550838641931,4.133583194431591,0.0,0.0
spleeter,Speak_Softly_-_Broken_Man,original,original,0,bass,10.615491761596447,10.351452397928973,0.0,0.0
spleeter,Speak_Softly_-_Broken_Man,original,original,0,other,6.754349339289592,5.812761908216434,0.0,0.0
spleeter,Speak_Softly_-_Broken_Man,reverb_l1,reverb,1,vocals,4.3626832097459625,2.454791329465775,-0.17838479583809352,-0.2996738492734412
spleeter,Speak_Softly_-_Broken_Man,reverb_l1,reverb,1,drums,5.497527492250105,4.107151658324541,-0.01602334639182601,-0.026431536107049958
spleeter,Speak_Softly_-_Broken_Man,reverb_l1,reverb,1,bass,10.597389090807335,10.330249187400259,-0.018102670789112096,-0.021203210528714322
spleeter,Speak_Softly_-_Broken_Man,reverb_l1,reverb,1,other,6.66088474648368,5.707387509779301,-0.0934645928059128,-0.10537439843713248
spleeter,Speak_Softly_-_Broken_Man,reverb_l2,reverb,2,vocals,3.1188238766687797,0.22132313995431319,-1.4222441289152763,-2.533142038784903
spleeter,Speak_Softly_-_Broken_Man,reverb_l2,reverb,2,drums,5.358600898534489,3.902271871361205,-0.15494994010744279,-0.23131132307038582
spleeter,Speak_Softly_-_Broken_Man,reverb_l2,reverb,2,bass,10.482482600117963,10.212138456195426,-0.1330091614784834,-0.1393139417335476
spleeter,Speak_Softly_-_Broken_Man,reverb_l2,reverb,2,other,6.013165750838665,5.0208107717622035,-0.7411835884509275,-0.7919511364542302
spleeter,Speak_Softly_-_Broken_Man,reverb_l3,reverb,3,vocals,2.267355782679777,-1.6393293897208647,-2.2737122229042788,-4.3937945684600805
spleeter,Speak_Softly_-_Broken_Man,reverb_l3,reverb,3,drums,5.290903069685139,3.7987544447295205,-0.22264776895679272,-0.3348287497020701
spleeter,Speak_Softly_-_Broken_Man,reverb_l3,reverb,3,bass,10.402386281605185,10.128691000201588,-0.2131054799912615,-0.22276139772738546
spleeter,Speak_Softly_-_Broken_Man,reverb_l3,reverb,3,other,5.54879342360209,4.625175381404495,-1.2055559156875022,-1.1875865268119385
spleeter,Speak_Softly_-_Broken_Man,reverb_l4,reverb,4,vocals,2.2335497901453065,-1.722634319541503,-2.3075182154387495,-4.477099498280719
spleeter,Speak_Softly_-_Broken_Man,reverb_l4,reverb,4,drums,5.28106619312827,3.7837764272624903,-0.23248464551366155,-0.3498067671691003
spleeter,Speak_Softly_-_Broken_Man,reverb_l4,reverb,4,bass,10.410364540639295,10.137699794331835,-0.2051272209571522,-0.213752603597138
spleeter,Speak_Softly_-_Broken_Man,reverb_l4,reverb,4,other,5.534076139571942,4.616213287316028,-1.2202731997176501,-1.1965486209004057
demucs,Speak_Softly_-_Broken_Man,bitcrush_l1,bitcrush,1,vocals,6.802539958248824,5.785410789837209,0.04601786584145806,0.05095532176927797
demucs,Speak_Softly_-_Broken_Man,bitcrush_l1,bitcrush,1,drums,10.906662524206737,10.59356586426121,0.39153926311950826,0.43243584103608157
demucs,Speak_Softly_-_Broken_Man,bitcrush_l1,bitcrush,1,bass,17.62858822267694,17.5551162114188,-0.053993043084005876,-0.05473052174095372
demucs,Speak_Softly_-_Broken_Man,bitcrush_l1,bitcrush,1,other,9.561637124624085,9.074204222308847,0.22085493905749232,0.24237353777688142
demucs,Speak_Softly_-_Broken_Man,bitcrush_l2,bitcrush,2,vocals,6.794699993486751,5.7754504496294885,0.03817790107938546,0.040994981561557786
demucs,Speak_Softly_-_Broken_Man,bitcrush_l2,bitcrush,2,drums,10.859801906896685,10.543436965208226,0.34467864580945573,0.38230694198309756
demucs,Speak_Softly_-_Broken_Man,bitcrush_l2,bitcrush,2,bass,17.715986610835596,17.643496066870696,0.03340534507465165,0.03364933371094381
demucs,Speak_Softly_-_Broken_Man,bitcrush_l2,bitcrush,2,other,9.564073002552968,9.080975885628915,0.22329081698637587,0.24914520109694926
demucs,Speak_Softly_-_Broken_Man,bitcrush_l3,bitcrush,3,vocals,6.777620457114103,5.75393282607036,0.021098364706737094,0.019477358002429668
demucs,Speak_Softly_-_Broken_Man,bitcrush_l3,bitcrush,3,drums,11.032795934319404,10.729245656187231,0.517672673232175,0.5681156329621029
demucs,Speak_Softly_-_Broken_Man,bitcrush_l3,bitcrush,3,bass,17.572842936452396,17.498626554681543,-0.10973832930854854,-0.11122017847820942
demucs,Speak_Softly_-_Broken_Man,bitcrush_l3,bitcrush,3,other,9.617088993633043,9.132615719826392,0.276306808066451,0.30078503529442635
demucs,Speak_Softly_-_Broken_Man,bitcrush_l4,bitcrush,4,vocals,6.532937106195838,5.44266851704614,-0.22358498621152734,-0.2917869510217903
demucs,Speak_Softly_-_Broken_Man,bitcrush_l4,bitcrush,4,drums,10.820208784576998,10.493344151752066,0.3050855234897689,0.3322141285269371
demucs,Speak_Softly_-_Broken_Man,bitcrush_l4,bitcrush,4,bass,17.914274348554237,17.84410566650228,0.23169308279329215,0.23425893334252734
demucs,Speak_Softly_-_Broken_Man,bitcrush_l4,bitcrush,4,other,9.687351738909728,9.214217695056766,0.34656955334313544,0.3823870105248002
demucs,Speak_Softly_-_Broken_Man,compression_l1,compression,1,vocals,6.828039878949717,5.828307542488371,0.0715177865423513,0.09385207442044052
demucs,Speak_Softly_-_Broken_Man,compression_l1,compression,1,drums,10.59191597181284,10.250200978141192,0.076792710725611,0.08907095491606398
demucs,Speak_Softly_-_Broken_Man,compression_l1,compression,1,bass,17.65506240231401,17.582383263484537,-0.02751886344693588,-0.02746346967521518
demucs,Speak_Softly_-_Broken_Man,compression_l1,compression,1,other,9.450971960130872,8.948676064343664,0.11018977456427947,0.11684537981169818
demucs,Speak_Softly_-_Broken_Man,compression_l2,compression,2,vocals,6.954961164562425,5.990784473683419,0.1984390721550593,0.25632900561548855
demucs,Speak_Softly_-_Broken_Man,compression_l2,compression,2,drums,10.652542999335246,10.31389508587557,0.1374197382480169,0.15276506265044176
demucs,Speak_Softly_-_Broken_Man,compression_l2,compression,2,bass,17.786572823470973,17.715652245695274,0.1039915577100281,0.10580551253552173
demucs,Speak_Softly_-_Broken_Man,compression_l2,compression,2,other,9.582571260659922,9.096485405438507,0.2417890750933296,0.26465472090654174
demucs,Speak_Softly_-_Broken_Man,compression_l3,compression,3,vocals,6.9459448816145075,5.985975703416148,0.18942278920714184,0.25152023534821755
demucs,Speak_Softly_-_Broken_Man,compression_l3,compression,3,drums,10.693706140640717,10.357937863909683,0.17858287955348828,0.1968078406845546
demucs,Speak_Softly_-_Broken_Man,compression_l3,compression,3,bass,17.68569961679479,17.613888940245882,0.003118351033844391,0.004042207086129679
demucs,Speak_Softly_-_Broken_Man,compression_l3,compression,3,other,9.71002689601883,9.234090676347344,0.3692447104522376,0.4022599918153791
demucs,Speak_Softly_-_Broken_Man,compression_l4,compression,4,vocals,6.90166507838689,5.925966543671718,0.14514298597952457,0.19151107560378744
demucs,Speak_Softly_-_Broken_Man,compression_l4,compression,4,drums,10.547266307704772,10.190411421452447,0.03214304661754319,0.02928139822731879
demucs,Speak_Softly_-_Broken_Man,compression_l4,compression,4,bass,17.820287291652296,17.7499128981419,0.13770602589135095,0.14006616498214797
demucs,Speak_Softly_-_Broken_Man,compression_l4,compression,4,other,9.712567720097425,9.239243777793183,0.37178553453083296,0.40741309326121744
demucs,Speak_Softly_-_Broken_Man,delay_l1,delay,1,vocals,6.44800691471961,5.348604098674094,-0.30851517768775594,-0.385851369393837
demucs,Speak_Softly_-_Broken_Man,delay_l1,delay,1,drums,10.482858569681149,10.124927610460343,-0.03226469140608046,-0.03620241276478531
demucs,Speak_Softly_-_Broken_Man,delay_l1,delay,1,bass,17.613068962073957,17.53983790048293,-0.06951230368698802,-0.07000883267682312
demucs,Speak_Softly_-_Broken_Man,delay_l1,delay,1,other,9.437236948807117,8.928178403511827,0.0964547632405246,0.09634771897986205
demucs,Speak_Softly_-_Broken_Man,delay_l2,delay,2,vocals,5.897282639380283,4.614078111848034,-0.859239453027083,-1.1203773562198966
demucs,Speak_Softly_-_Broken_Man,delay_l2,delay,2,drums,10.563710882891046,10.212829550767706,0.048587621803816816,0.05169952754257778
demucs,Speak_Softly_-_Broken_Man,delay_l2,delay,2,bass,17.699623554052216,17.628320893827564,0.017042288291271745,0.018474160667810935
demucs,Speak_Softly_-_Broken_Man,delay_l2,delay,2,other,9.17801302006762,8.642353605751786,-0.1627691654989718,-0.18947707878017894
demucs,Speak_Softly_-_Broken_Man,delay_l3,delay,3,vocals,5.701925696000311,4.341692263887431,-1.0545963964070548,-1.3927632041804996
demucs,Speak_Softly_-_Broken_Man,delay_l3,delay,3,drums,10.397825176646574,10.030858923351607,-0.11729808444065526,-0.13027109987352148
demucs,Speak_Softly_-_Broken_Man,delay_l3,delay,3,bass,17.54222871903653,17.468350292336577,-0.1403525467244151,-0.14149644082317536
demucs,Speak_Softly_-_Broken_Man,delay_l3,delay,3,other,9.03588134563549,8.48391739994412,-0.3049008399311024,-0.347913284587845
demucs,Speak_Softly_-_Broken_Man,delay_l4,delay,4,vocals,5.244180135012353,3.703771014429271,-1.5123419573950123,-2.03068445363866
demucs,Speak_Softly_-_Broken_Man,delay_l4,delay,4,drums,10.421054268792398,10.055682613420522,-0.09406899229483123,-0.1054474098046061
demucs,Speak_Softly_-_Broken_Man,delay_l4,delay,4,bass,17.146781185646812,17.06802728041064,-0.5358000801141323,-0.5418194527491131
demucs,Speak_Softly_-_Broken_Man,delay_l4,delay,4,other,8.76601254466636,8.172778149957205,-0.5747696409002323,-0.6590525345747604
demucs,Speak_Softly_-_Broken_Man,original,original,0,vocals,6.756522092407366,5.734455468067931,0.0,0.0
demucs,Speak_Softly_-_Broken_Man,original,original,0,drums,10.51512326108723,10.161130023225128,0.0,0.0
demucs,Speak_Softly_-_Broken_Man,original,original,0,bass,17.682581265760945,17.609846733159753,0.0,0.0
demucs,Speak_Softly_-_Broken_Man,original,original,0,other,9.340782185566592,8.831830684531965,0.0,0.0
demucs,Speak_Softly_-_Broken_Man,reverb_l1,reverb,1,vocals,6.44079903617735,5.328956968773248,-0.3157230562300155,-0.4054984992946826
demucs,Speak_Softly_-_Broken_Man,reverb_l1,reverb,1,drums,10.525056237642548,10.174089071624168,0.009932976555319328,0.01295904839903983
demucs,Speak_Softly_-_Broken_Man,reverb_l1,reverb,1,bass,17.608514598532302,17.534970640587954,-0.0740666672286423,-0.07487609257179884
demucs,Speak_Softly_-_Broken_Man,reverb_l1,reverb,1,other,9.241319289155715,8.722037972344229,-0.09946289641087702,-0.1097927121877369
demucs,Speak_Softly_-_Broken_Man,reverb_l2,reverb,2,vocals,4.773547573492581,3.0138391476643402,-1.9829745189147845,-2.7206163204035905
demucs,Speak_Softly_-_Broken_Man,reverb_l2,reverb,2,drums,10.342239227173879,9.967413706988808,-0.17288403391335017,-0.1937163162363209
demucs,Speak_Softly_-_Broken_Man,reverb_l2,reverb,2,bass,16.830997220304468,16.756050724643792,-0.8515840454564767,-0.8537960085159604
demucs,Speak_Softly_-_Broken_Man,reverb_l2,reverb,2,other,8.48808518318515,7.91985477870192,-0.8526970023814417,-0.9119759058300456
demucs,Speak_Softly_-_Broken_Man,reverb_l3,reverb,3,vocals,3.6741606416175014,1.2399529709432318,-3.0823614507898642,-4.494502497124699
demucs,Speak_Softly_-_Broken_Man,reverb_l3,reverb,3,drums,9.990351336945873,9.570944799995036,-0.5247719241413566,-0.5901852232300921
demucs,Speak_Softly_-_Broken_Man,reverb_l3,reverb,3,bass,15.87407544247639,15.795009510547615,-1.8085058232845554,-1.8148372226121374
demucs,Speak_Softly_-_Broken_Man,reverb_l3,reverb,3,other,8.096216566144102,7.526475667523471,-1.2445656194224899,-1.3053550170084947
demucs,Speak_Softly_-_Broken_Man,reverb_l4,reverb,4,vocals,3.2572978579774543,0.48240050755004327,-3.4992242344299114,-5.252054960517888
demucs,Speak_Softly_-_Broken_Man,reverb_l4,reverb,4,drums,9.793971812639562,9.351162014652036,-0.7211514484476673,-0.809968008573092
demucs,Speak_Softly_-_Broken_Man,reverb_l4,reverb,4,bass,15.56959612432411,15.490687928824913,-2.112985141436834,-2.1191588043348393
demucs,Speak_Softly_-_Broken_Man,reverb_l4,reverb,4,other,7.944272808323368,7.39508371145832,-1.3965093772432242,-1.436746973073645
spleeter,Speak_Softly_-_Like_Horses,bitcrush_l1,bitcrush,1,vocals,6.700379593410438,5.827752049623898,-0.11978797798882734,-0.176073664557582
spleeter,Speak_Softly_-_Like_Horses,bitcrush_l1,bitcrush,1,drums,5.350180825794824,3.8745596776259617,-0.12695537216187347,-0.1917688162634037
spleeter,Speak_Softly_-_Like_Horses,bitcrush_l1,bitcrush,1,bass,14.870836114322694,14.785704697850978,-0.005747976781071529,-0.005821671530837236
spleeter,Speak_Softly_-_Like_Horses,bitcrush_l1,bitcrush,1,other,5.88307523360374,4.628717524742611,0.011472378426643282,0.020846386718555543
spleeter,Speak_Softly_-_Like_Horses,bitcrush_l2,bitcrush,2,vocals,6.7037430855292275,5.832982723284154,-0.11642448587003784,-0.17084299089732635
spleeter,Speak_Softly_-_Like_Horses,bitcrush_l2,bitcrush,2,drums,5.350186733712363,3.8745084151807068,-0.1269494642443343,-0.19182007870865858
spleeter,Speak_Softly_-_Like_Horses,bitcrush_l2,bitcrush,2,bass,14.87171881888796,14.786573191377412,-0.004865272215806016,-0.0049531780044027585
spleeter,Speak_Softly_-_Like_Horses,bitcrush_l2,bitcrush,2,other,5.887391200850649,4.63376103173599,0.015788345673552584,0.025889893711934064
spleeter,Speak_Softly_-_Like_Horses,bitcrush_l3,bitcrush,3,vocals,6.709487726807206,5.841177342575463,-0.1106798445920596,-0.16264837160601697
spleeter,Speak_Softly_-_Like_Horses,bitcrush_l3,bitcrush,3,drums,5.335701435697009,3.853568339250557,-0.14143476225968765,-0.21276015463880826
spleeter,Speak_Softly_-_Like_Horses,bitcrush_l3,bitcrush,3,bass,14.865001819960135,14.779808188635176,-0.011582271143630862,-0.011718180746639106
spleeter,Speak_Softly_-_Like_Horses,bitcrush_l3,bitcrush,3,other,5.899502619586123,4.647368579160557,0.027899764409026417,0.03949744113650144
spleeter,Speak_Softly_-_Like_Horses,bitcrush_l4,bitcrush,4,vocals,6.622931089212781,5.75953438760885,-0.1972364821864847,-0.24429132657262986
spleeter,Speak_Softly_-_Like_Horses,bitcrush_l4,bitcrush,4,drums,5.049231790626373,3.4458722119822855,-0.427904407330324,-0.6204562819070798
spleeter,Speak_Softly_-_Like_Horses,bitcrush_l4,bitcrush,4,bass,14.725337937318026,14.640392742987151,-0.15124615378574013,-0.15113362639466388
spleeter,Speak_Softly_-_Like_Horses,bitcrush_l4,bitcrush,4,other,5.813874024889289,4.530176503080333,-0.0577288302878074,-0.07769463494372264
spleeter,Speak_Softly_-_Like_Horses,compression_l1,compression,1,vocals,6.758655543287437,5.955147552025878,-0.06151202811182799,-0.0486781621556025
spleeter,Speak_Softly_-_Like_Horses,compression_l1,compression,1,drums,5.465599844699085,4.049771892620436,-0.011536353257612042,-0.016556601268929327
spleeter,Speak_Softly_-_Like_Horses,compression_l1,compression,1,bass,14.881591382271427,14.797137681087797,0.005007291167661521,0.005611311705981947
spleeter,Speak_Softly_-_Like_Horses,compression_l1,compression,1,other,5.842416236577693,4.5588222316986835,-0.029186618599403857,-0.049048906325372066
spleeter,Speak_Softly_-_Like_Horses,compression_l2,compression,2,vocals,6.628752513003401,5.800902008000869,-0.19141505839586426,-0.20292370618061106
spleeter,Speak_Softly_-_Like_Horses,compression_l2,compression,2,drums,5.402322355402932,3.9602515590837455,-0.07481384255376522,-0.10607693480561986
spleeter,Speak_Softly_-_Like_Horses,compression_l2,compression,2,bass,14.882288045579921,14.798508203306838,0.0057039544761554595,0.00698183392502294
spleeter,Speak_Softly_-_Like_Horses,compression_l2,compression,2,other,5.774512023118894,4.46474008583671,-0.09709083205820246,-0.14313105218734545
spleeter,Speak_Softly_-_Like_Horses,compression_l3,compression,3,vocals,6.512620245457201,5.632169691481636,-0.307547325942064,-0.37165602269984443
spleeter,Speak_Softly_-_Like_Horses,compression_l3,compression,3,drums,5.2818296313164925,3.7870628774065263,-0.19530656664020452,-0.2792656164828391
spleeter,Speak_Softly_-_Like_Horses,compression_l3,compression,3,bass,14.896385042506877,14.813395847613357,0.019800951403111,0.02186947823154206
spleeter,Speak_Softly_-_Like_Horses,compression_l3,compression,3,other,5.706236199046297,4.381939947178181,-0.16536665613079915,-0.22593119084587432
spleeter,Speak_Softly_-_Like_Horses,compression_l4,compression,4,vocals,6.38797949611249,5.427403729075161,-0.43218807528677505,-0.576421985106319
spleeter,Speak_Softly_-_Like_Horses,compression_l4,compression,4,drums,5.028651621518691,3.4270060940218383,-0.4484845764380063,-0.639322399867527
spleeter,Speak_Softly_-_Like_Horses,compression_l4,compression,4,bass,14.798767345856321,14.719063221267955,-0.07781674524744453,-0.07246314811385979
spleeter,Speak_Softly_-_Like_Horses,compression_l4,compression,4,other,5.589967998688046,4.270125451830606,-0.28163485648905073,-0.3377456861934496
spleeter,Speak_Softly_-_Like_Horses,delay_l1,delay,1,vocals,6.665811533780916,5.779751452000063,-0.15435603761834926,-0.2240742621814169
spleeter,Speak_Softly_-_Like_Horses,delay_l1,delay,1,drums,5.426934776984593,3.9947123688340263,-0.05020142097210378,-0.0716161250553391
spleeter,Speak_Softly_-_Like_Horses,delay_l1,delay,1,bass,14.889562526661908,14.804345338100122,0.01297843555814282,0.012818968718306678
spleeter,Speak_Softly_-_Like_Horses,delay_l1,delay,1,other,5.767735777815154,4.480165371666022,-0.10386707736194278,-0.12770576635803366
spleeter,Speak_Softly_-_Like_Horses,delay_l2,delay,2,vocals,6.4313671739096225,5.471298368216829,-0.3888003974896428,-0.5325273459646516
spleeter,Speak_Softly_-_Like_Horses,delay_l2,delay,2,drums,5.350372130374649,3.890342840864025,-0.12676406758204806,-0.1759856530253403
spleeter,Speak_Softly_-_Like_Horses,delay_l2,delay,2,bass,14.91776013438837,14.835038419348106,0.04117604328460445,0.043512049966290434
spleeter,Speak_Softly_-_Like_Horses,delay_l2,delay,2,other,5.5807176759778665,4.241112219894255,-0.29088517919922996,-0.36675891812980055
spleeter,Speak_Softly_-_Like_Horses,delay_l3,delay,3,vocals,5.927730174102489,4.741836235061645,-0.8924373972967761,-1.2619894791198352
spleeter,Speak_Softly_-_Like_Horses,delay_l3,delay,3,drums,5.186417025043043,3.652483084119588,-0.29071917291365423,-0.41384540976977746
spleeter,Speak_Softly_-_Like_Horses,delay_l3,delay,3,bass,14.977054077831609,14.892851753490543,0.10046998672784291,0.10132538410872804
spleeter,Speak_Softly_-_Like_Horses,delay_l3,delay,3,other,5.172423645852657,3.7636912293726636,-0.6991792093244396,-0.8441799086513919
spleeter,Speak_Softly_-_Like_Horses,delay_l4,delay,4,vocals,5.43863765395948,4.071853689644306,-1.381529917439785,-1.931972024537174
spleeter,Speak_Softly_-_Like_Horses,delay_l4,delay,4,drums,5.025118441517018,3.4153502999461898,-0.45201775643967945,-0.6509781939431756
spleeter,Speak_Softly_-_Like_Horses,delay_l4,delay,4,bass,14.902245725842846,14.817596437924777,0.02566163473908034,0.026070068542962233
spleeter,Speak_Softly_-_Like_Horses,delay_l4,delay,4,other,4.7630268469461425,3.2043688545635076,-1.108576008230954,-1.403502283460548
spleeter,Speak_Softly_-_Like_Horses,original,original,0,vocals,6.820167571399265,6.00382571418148,0.0,0.0
spleeter,Speak_Softly_-_Like_Horses,original,original,0,drums,5.477136197956697,4.066328493889365,0.0,0.0
spleeter,Speak_Softly_-_Like_Horses,original,original,0,bass,14.876584091103766,14.791526369381815,0.0,0.0
spleeter,Speak_Softly_-_Like_Horses,original,original,0,other,5.8716028551770965,4.607871138024056,0.0,0.0
spleeter,Speak_Softly_-_Like_Horses,reverb_l1,reverb,1,vocals,6.713749221316046,5.896600394302349,-0.10641835008321898,-0.10722531987913086
spleeter,Speak_Softly_-_Like_Horses,reverb_l1,reverb,1,drums,5.424998068086943,3.9914276144731886,-0.0521381298697543,-0.07490087941617674
spleeter,Speak_Softly_-_Like_Horses,reverb_l1,reverb,1,bass,14.847224635058884,14.763143693392307,-0.029359456044881327,-0.0283826759895085
spleeter,Speak_Softly_-_Like_Horses,reverb_l1,reverb,1,other,5.801331131881011,4.516248274762314,-0.07027172329608522,-0.0916228632617413
spleeter,Speak_Softly_-_Like_Horses,reverb_l2,reverb,2,vocals,6.132606163419309,5.113797752040956,-0.6875614079799561,-0.8900279621405245
spleeter,Speak_Softly_-_Like_Horses,reverb_l2,reverb,2,drums,5.222510469680567,3.6976312136886285,-0.25462572827612995,-0.3686972802007369
spleeter,Speak_Softly_-_Like_Horses,reverb_l2,reverb,2,bass,14.777872128474476,14.694522458960282,-0.09871196262928983,-0.09700391042153278
spleeter,Speak_Softly_-_Like_Horses,reverb_l2,reverb,2,other,5.373593443022138,3.9882076807035123,-0.49800941215495875,-0.6196634573205433
spleeter,Speak_Softly_-_Like_Horses,reverb_l3,reverb,3,vocals,5.897646128745433,4.771335270312843,-0.9225214426538324,-1.2324904438686373
spleeter,Speak_Softly_-_Like_Horses,reverb_l3,reverb,3,drums,5.194893224739018,3.6572244866417396,-0.282242973217679,-0.40910400724762574
spleeter,Speak_Softly_-_Like_Horses,reverb_l3,reverb,3,bass,14.684788189126024,14.6016747371333,-0.19179590197774132,-0.18985163224851576
spleeter,Speak_Softly_-_Like_Horses,reverb_l3,reverb,3,other,5.170875276867331,3.748398920906612,-0.7007275783097651,-0.8594722171174434
spleeter,Speak_Softly_-_Like_Horses,reverb_l4,reverb,4,vocals,5.940632436289106,4.807225821155685,-0.8795351351101592,-1.1965998930257955
spleeter,Speak_Softly_-_Like_Horses,reverb_l4,reverb,4,drums,5.217701331187947,3.6901372475896417,-0.25943486676874983,-0.37619124629972367
spleeter,Speak_Softly_-_Like_Horses,reverb_l4,reverb,4,bass,14.636309300771975,14.552647612366869,-0.24027479033179056,-0.23887875701494643
spleeter,Speak_Softly_-_Like_Horses,reverb_l4,reverb,4,other,5.192249775464762,3.7839032490050606,-0.6793530797123344,-0.823967889018995
demucs,Speak_Softly_-_Like_Horses,bitcrush_l1,bitcrush,1,vocals,8.477827036927767,7.8768146434322,-0.36247433290142084,-0.3838962967585706
demucs,Speak_Softly_-_Like_Horses,bitcrush_l1,bitcrush,1,drums,8.244103388902976,7.573228747230033,-0.14197438374026738,-0.17421164326682614
demucs,Speak_Softly_-_Like_Horses,bitcrush_l1,bitcrush,1,bass,22.538728638229067,22.57201815423236,0.16602262143578983,0.16338510126382744
demucs,Speak_Softly_-_Like_Horses,bitcrush_l1,bitcrush,1,other,7.903932990306775,7.2101438909352655,-0.27868041472849914,-0.2796866893792256
demucs,Speak_Softly_-_Like_Horses,bitcrush_l2,bitcrush,2,vocals,8.40376770844116,7.79232776638244,-0.43653366138802774,-0.4683831738083306
demucs,Speak_Softly_-_Like_Horses,bitcrush_l2,bitcrush,2,drums,8.228599309784407,7.55694450181636,-0.15747846285883682,-0.19049588868049927
demucs,Speak_Softly_-_Like_Horses,bitcrush_l2,bitcrush,2,bass,21.672414193312356,21.70036881246545,-0.7002918234809208,-0.7082642405030839
demucs,Speak_Softly_-_Like_Horses,bitcrush_l2,bitcrush,2,other,7.813714284523401,7.106341218647861,-0.36889912051187324,-0.38348936166662995
demucs,Speak_Softly_-_Like_Horses,bitcrush_l3,bitcrush,3,vocals,8.373613011861293,7.756206025666729,-0.4666883579678949,-0.5045049145240421
demucs,Speak_Softly_-_Like_Horses,bitcrush_l3,bitcrush,3,drums,8.162746642889228,7.478137050093432,-0.22333112975401548,-0.26930334040342707
demucs,Speak_Softly_-_Like_Horses,bitcrush_l3,bitcrush,3,bass,21.44643740751899,21.47947739748065,-0.9262686092742882,-0.9291556554878824
demucs,Speak_Softly_-_Like_Horses,bitcrush_l3,bitcrush,3,other,7.7726888803349485,7.058118308974663,-0.40992452470032603,-0.43171227133982804
demucs,Speak_Softly_-_Like_Horses,bitcrush_l4,bitcrush,4,vocals,8.075447672587488,7.424864889155804,-0.7648536972416995,-0.8358460510349675
demucs,Speak_Softly_-_Like_Horses,bitcrush_l4,bitcrush,4,drums,7.776265007936156,6.994858523059678,-0.6098127647070877,-0.7525818674371809
demucs,Speak_Softly_-_Like_Horses,bitcrush_l4,bitcrush,4,bass,22.369553196963516,22.399514748130066,-0.003152819829761455,-0.009118304838466429
demucs,Speak_Softly_-_Like_Horses,bitcrush_l4,bitcrush,4,other,7.7371206366515155,7.0260441973542695,-0.44549276838375906,-0.46378638296022157
demucs,Speak_Softly_-_Like_Horses,compression_l1,compression,1,vocals,8.865233639083721,8.285284790265363,0.024932269254533068,0.02457385007459223
demucs,Speak_Softly_-_Like_Horses,compression_l1,compression,1,drums,8.346178904441757,7.700205367833718,-0.03989886820148669,-0.04723502266314128
demucs,Speak_Softly_-_Like_Horses,compression_l1,compression,1,bass,21.778735055490024,21.815770388933696,-0.5939709613032527,-0.5928626640348362
demucs,Speak_Softly_-_Like_Horses,compression_l1,compression,1,other,8.186686002370603,7.491200296170596,0.004072597335328609,0.0013697158561045697
demucs,Speak_Softly_-_Like_Horses,compression_l2,compression,2,vocals,8.905815918335941,8.320414267290982,0.0655145485067532,0.05970332710021076
demucs,Speak_Softly_-_Like_Horses,compression_l2,compression,2,drums,8.222791533913911,7.557451495611983,-0.16328623872933257,-0.18998889488487603
demucs,Speak_Softly_-_Like_Horses,compression_l2,compression,2,bass,21.537815094225436,21.572560339548488,-0.8348909225678405,-0.8360727134200445
demucs,Speak_Softly_-_Like_Horses,compression_l2,compression,2,other,8.229102632633595,7.534171714592266,0.04648922759831997,0.04434113427777486
demucs,Speak_Softly_-_Like_Horses,compression_l3,compression,3,vocals,8.818865850169738,8.21830967969604,-0.02143551965945001,-0.042401260494731474
demucs,Speak_Softly_-_Like_Horses,compression_l3,compression,3,drums,8.180326659184477,7.507093196593997,-0.20575111345876707,-0.24034719390286163
demucs,Speak_Softly_-_Like_Horses,compression_l3,compression,3,bass,21.914887091656592,21.950901240764956,-0.4578189251366851,-0.4577318122035763
demucs,Speak_Softly_-_Like_Horses,compression_l3,compression,3,other,8.222304621779204,7.525671710896748,0.03969121674392895,0.035841130582256575
demucs,Speak_Softly_-_Like_Horses,compression_l4,compression,4,vocals,8.702757205241756,8.086597327143298,-0.1375441645874318,-0.17411361304747253
demucs,Speak_Softly_-_Like_Horses,compression_l4,compression,4,drums,8.172499557990298,7.49726984600862,-0.21357821465294613,-0.25017054448823917
demucs,Speak_Softly_-_Like_Horses,compression_l4,compression,4,bass,21.460210014919422,21.498702064315168,-0.9124960018738548,-0.9099309886533646
demucs,Speak_Softly_-_Like_Horses,compression_l4,compression,4,other,8.12345526514954,7.416002784376582,-0.05915813988573504,-0.073827795937909
demucs,Speak_Softly_-_Like_Horses,delay_l1,delay,1,vocals,8.453403830952961,7.817738584379973,-0.3868975388762266,-0.44297235581079786
demucs,Speak_Softly_-_Like_Horses,delay_l1,delay,1,drums,8.294755230804785,7.642307769848705,-0.09132254183845845,-0.10513262064815354
demucs,Speak_Softly_-_Like_Horses,delay_l1,delay,1,bass,21.87052031086654,21.90742214279332,-0.5021857059267383,-0.5012109101752138
demucs,Speak_Softly_-_Like_Horses,delay_l1,delay,1,other,7.8601003708505885,7.12549968166628,-0.322513034184686,-0.3643308986482108
demucs,Speak_Softly_-_Like_Horses,delay_l2,delay,2,vocals,7.834808115819703,7.102383561937592,-1.005493254009485,-1.1583273782531789
demucs,Speak_Softly_-_Like_Horses,delay_l2,delay,2,drums,8.158016138776803,7.479467900759645,-0.22806163386644052,-0.26797248973721377
demucs,Speak_Softly_-_Like_Horses,delay_l2,delay,2,bass,22.228736728861193,22.26581386993883,-0.14396928793208374,-0.14281918302970098
demucs,Speak_Softly_-_Like_Horses,delay_l2,delay,2,other,7.369196388683347,6.5848436551345015,-0.8134170163519272,-0.9049869251799896
demucs,Speak_Softly_-_Like_Horses,delay_l3,delay,3,vocals,6.962206600653015,6.102273763433761,-1.8780947691761725,-2.15843717675701
demucs,Speak_Softly_-_Like_Horses,delay_l3,delay,3,drums,7.916394990588,7.194605726420837,-0.4696827820552443,-0.5528346640760216
demucs,Speak_Softly_-_Like_Horses,delay_l3,delay,3,bass,22.492787094041727,22.535122897249313,0.12008107724845019,0.1264898442807798
demucs,Speak_Softly_-_Like_Horses,delay_l3,delay,3,other,6.659760355177226,5.828001947386397,-1.5228530498580488,-1.6618286329280938
demucs,Speak_Softly_-_Like_Horses,delay_l4,delay,4,vocals,6.09492266258406,5.0376781480992925,-2.745378707245128,-3.2230327920914785
demucs,Speak_Softly_-_Like_Horses,delay_l4,delay,4,drums,7.628938056938683,6.849823097664719,-0.757139715704561,-0.8976172928321402
demucs,Speak_Softly_-_Like_Horses,delay_l4,delay,4,bass,22.366979897729617,22.402170778544512,-0.005726119063659496,-0.0064622744240203644
demucs,Speak_Softly_-_Like_Horses,delay_l4,delay,4,other,5.846080455704001,4.983188539331225,-2.336532949331273,-2.506642040983266
demucs,Speak_Softly_-_Like_Horses,original,original,0,vocals,8.840301369829188,8.260710940190771,0.0,0.0
demucs,Speak_Softly_-_Like_Horses,original,original,0,drums,8.386077772643244,7.747440390496859,0.0,0.0
demucs,Speak_Softly_-_Like_Horses,original,original,0,bass,22.372706016793277,22.408633052968533,0.0,0.0
demucs,Speak_Softly_-_Like_Horses,original,original,0,other,8.182613405035275,7.489830580314491,0.0,0.0
demucs,Speak_Softly_-_Like_Horses,reverb_l1,reverb,1,vocals,8.690532186820105,8.076161386699592,-0.1497691830090826,-0.18454955349117874
demucs,Speak_Softly_-_Like_Horses,reverb_l1,reverb,1,drums,8.308483164968923,7.657073850107131,-0.07759460767432103,-0.09036654038972802
demucs,Speak_Softly_-_Like_Horses,reverb_l1,reverb,1,bass,21.213574002974056,21.249857941696177,-1.159132013819221,-1.1587751112723552
demucs,Speak_Softly_-_Like_Horses,reverb_l1,reverb,1,other,8.021239988450036,7.303189166454186,-0.16137341658523852,-0.18664141386030497
demucs,Speak_Softly_-_Like_Horses,reverb_l2,reverb,2,vocals,7.62853615315843,6.814079395186038,-1.2117652166707575,-1.446631545004733
demucs,Speak_Softly_-_Like_Horses,reverb_l2,reverb,2,drums,7.987932245099341,7.278340929151598,-0.3981455275439032,-0.4690994613452606
demucs,Speak_Softly_-_Like_Horses,reverb_l2,reverb,2,bass,21.437521222667996,21.469125886646403,-0.9351847941252807,-0.9395071663221302
demucs,Speak_Softly_-_Like_Horses,reverb_l2,reverb,2,other,7.220250208847103,6.406547670731005,-0.9623631961881713,-1.0832829095834864
demucs,Speak_Softly_-_Like_Horses,reverb_l3,reverb,3,vocals,7.1098343665509365,6.199670814090741,-1.7304670032782514,-2.06104012610003
demucs,Speak_Softly_-_Like_Horses,reverb_l3,reverb,3,drums,7.875495460247791,7.143920781685031,-0.5105823123954529,-0.603519608811828
demucs,Speak_Softly_-_Like_Horses,reverb_l3,reverb,3,bass,21.043885739322327,21.078043429827428,-1.3288202774709497,-1.3305896231411047
demucs,Speak_Softly_-_Like_Horses,reverb_l3,reverb,3,other,6.777702367101993,5.965733786606043,-1.4049110379332816,-1.5240967937084484
demucs,Speak_Softly_-_Like_Horses,reverb_l4,reverb,4,vocals,7.108842240921359,6.216570419312136,-1.7314591289078285,-2.044140520878635
demucs,Speak_Softly_-_Like_Horses,reverb_l4,reverb,4,drums,7.871067233336362,7.139522769011935,-0.515010539306882,-0.6079176214849236
demucs,Speak_Softly_-_Like_Horses,reverb_l4,reverb,4,bass,21.151201931717853,21.181854467334947,-1.2215040850754235,-1.2267785856335855
demucs,Speak_Softly_-_Like_Horses,reverb_l4,reverb,4,other,6.770318119985594,5.984380014272206,-1.4122952850496802,-1.5054505660422848
spleeter,The_Doppler_Shift_-_Atrophy,bitcrush_l1,bitcrush,1,vocals,6.700209906359758,5.657194400880556,-0.7510193165311829,-0.936862428212569
spleeter,The_Doppler_Shift_-_Atrophy,bitcrush_l1,bitcrush,1,drums,7.467730289892015,6.620347878285657,-0.01224497236810329,-0.014995305746138499
spleeter,The_Doppler_Shift_-_Atrophy,bitcrush_l1,bitcrush,1,bass,1.111901704449326,-2.7629408166283476,-0.008506233739930202,-0.0099230126411749
spleeter,The_Doppler_Shift_-_Atrophy,bitcrush_l1,bitcrush,1,other,5.045326279614397,3.415252274267671,-0.12828323071701053,-0.1889967487370785
spleeter,The_Doppler_Shift_-_Atrophy,bitcrush_l2,bitcrush,2,vocals,6.697954538477041,5.654351988237409,-0.7532746844139,-0.9397048408557156
spleeter,The_Doppler_Shift_-_Atrophy,bitcrush_l2,bitcrush,2,drums,7.470650814821722,6.623831192050193,-0.009324447438396,-0.011511991981603131
spleeter,The_Doppler_Shift_-_Atrophy,bitcrush_l2,bitcrush,2,bass,1.1162429300821495,-2.7563040150059543,-0.004165008107106738,-0.0032862110187816818
spleeter,The_Doppler_Shift_-_Atrophy,bitcrush_l2,bitcrush,2,other,5.048162398486598,3.4193794460290476,-0.12544711184480928,-0.18486957697570183
spleeter,The_Doppler_Shift_-_Atrophy,bitcrush_l3,bitcrush,3,vocals,6.690680141585544,5.644981299456187,-0.7605490813053972,-0.9490755296369375
spleeter,The_Doppler_Shift_-_Atrophy,bitcrush_l3,bitcrush,3,drums,7.46375613779125,6.615167434963119,-0.01621912446886853,-0.020175749068676474
spleeter,The_Doppler_Shift_-_Atrophy,bitcrush_l3,bitcrush,3,bass,1.1020256099539385,-2.767006748430533,-0.018382328235317713,-0.013988944443360296
spleeter,The_Doppler_Shift_-_Atrophy,bitcrush_l3,bitcrush,3,other,5.039653964633483,3.4070107156376572,-0.13395554569792445,-0.19723830736709225
spleeter,The_Doppler_Shift_-_Atrophy,bitcrush_l4,bitcrush,4,vocals,6.5547841363420005,5.470611527917676,-0.8964450865489404,-1.1234453011754493
spleeter,The_Doppler_Shift_-_Atrophy,bitcrush_l4,bitcrush,4,drums,7.409758048605303,6.548794071475684,-0.07021721365481515,-0.08654911255611175
spleeter,The_Doppler_Shift_-_Atrophy,bitcrush_l4,bitcrush,4,bass,1.0357213926065063,-2.8429766653848123,-0.0846865455827499,-0.08995886139763964
spleeter,The_Doppler_Shift_-_Atrophy,bitcrush_l4,bitcrush,4,other,4.9858334815264875,3.3289778099098912,-0.18777602880491973,-0.27527121309485825
spleeter,The_Doppler_Shift_-_Atrophy,compression_l1,compression,1,vocals,7.140311066738317,6.211924272386836,-0.3109181561526242,-0.38213255670628854
spleeter,The_Doppler_Shift_-_Atrophy,compression_l1,compression,1,drums,7.381535213705756,6.518894402213009,-0.09844004855436239,-0.1164487818187867
spleeter,The_Doppler_Shift_-_Atrophy,compression_l1,compression,1,bass,1.100156381484613,-2.778038502918821,-0.020251556704643292,-0.025020698931648155
spleeter,The_Doppler_Shift_-_Atrophy,compression_l1,compression,1,other,5.130194462559899,3.5410490540734534,-0.043415047771508064,-0.06319996893129609
spleeter,The_Doppler_Shift_-_Atrophy,compression_l2,compression,2,vocals,6.683377936059082,5.637847978616788,-0.767851286831859,-0.9562088504763366
spleeter,The_Doppler_Shift_-_Atrophy,compression_l2,compression,2,drums,7.210357273778638,6.316084232677609,-0.26961798848148,-0.319258951354187
spleeter,The_Doppler_Shift_-_Atrophy,compression_l2,compression,2,bass,1.0688667621469303,-2.8001963142075863,-0.05154117604232589,-0.04717851022041364
spleeter,The_Doppler_Shift_-_Atrophy,compression_l2,compression,2,other,5.081096366000372,3.4689830832508486,-0.09251314433103541,-0.1352659397539009
spleeter,The_Doppler_Shift_-_Atrophy,compression_l3,compression,3,vocals,6.356184148674846,5.215743458105027,-1.0950450742160953,-1.3783133709880984
spleeter,The_Doppler_Shift_-_Atrophy,compression_l3,compression,3,drums,7.0831631199786464,6.1647322826703626,-0.39681214228147166,-0.47061090136143324
spleeter,The_Doppler_Shift_-_Atrophy,compression_l3,compression,3,bass,1.0339113951203567,-2.8050107640118833,-0.08649654306889953,-0.051992960024710655
spleeter,The_Doppler_Shift_-_Atrophy,compression_l3,compression,3,other,5.034809381550563,3.4003904982618405,-0.13880012878084447,-0.203858524742909
spleeter,The_Doppler_Shift_-_Atrophy,compression_l4,compression,4,vocals,6.192414371464777,4.998991982102427,-1.2588148514261643,-1.5950648469906978
spleeter,The_Doppler_Shift_-_Atrophy,compression_l4,compression,4,drums,6.988352499044747,6.051515775411712,-0.49162276321537135,-0.5838274086200839
spleeter,The_Doppler_Shift_-_Atrophy,compression_l4,compression,4,bass,0.989720178927503,-2.903741452643136,-0.13068775926175324,-0.15072364865596333
spleeter,The_Doppler_Shift_-_Atrophy,compression_l4,compression,4,other,5.035784304307818,3.401780165899745,-0.1378252060235896,-0.2024688571050044
spleeter,The_Doppler_Shift_-_Atrophy,delay_l1,delay,1,vocals,6.982297901573112,6.011951543419784,-0.4689313213178288,-0.5821052856733413
spleeter,The_Doppler_Shift_-_Atrophy,delay_l1,delay,1,drums,7.3639217189271875,6.495803071842438,-0.11605354333293061,-0.13954011218935758
spleeter,The_Doppler_Shift_-_Atrophy,delay_l1,delay,1,bass,1.054911337769148,-2.8123353580244137,-0.0654966004201083,-0.05931755403724104
spleeter,The_Doppler_Shift_-_Atrophy,delay_l1,delay,1,other,5.025778778629859,3.386907135929349,-0.14783073170154815,-0.21734188707540048
spleeter,The_Doppler_Shift_-_Atrophy,delay_l2,delay,2,vocals,6.520967781866394,5.4284079381613095,-0.9302614410245473,-1.1656488909318155
spleeter,The_Doppler_Shift_-_Atrophy,delay_l2,delay,2,drums,7.417623129452324,6.557295940835663,-0.062352132807793836,-0.07804724319613321
spleeter,The_Doppler_Shift_-_Atrophy,delay_l2,delay,2,bass,0.9511236927379143,-2.9102886185834302,-0.1692842454513419,-0.15727081459625758
spleeter,The_Doppler_Shift_-_Atrophy,delay_l2,delay,2,other,4.725509437762653,2.9496498847884363,-0.44810007256875384,-0.6545991382163132
spleeter,The_Doppler_Shift_-_Atrophy,delay_l3,delay,3,vocals,5.898772451667021,4.618781226187557,-1.5524567712239197,-1.975275602905568
spleeter,The_Doppler_Shift_-_Atrophy,delay_l3,delay,3,drums,7.299013935142068,6.41393653918052,-0.1809613271180499,-0.22140664485127548
spleeter,The_Doppler_Shift_-_Atrophy,delay_l3,delay,3,bass,0.907473069129363,-2.8908582777014376,-0.21293486905989323,-0.1378404737142649
spleeter,The_Doppler_Shift_-_Atrophy,delay_l3,delay,3,other,4.510493976692974,2.6427909305005315,-0.6631155336384333,-0.961458092504218
spleeter,The_Doppler_Shift_-_Atrophy,delay_l4,delay,4,vocals,5.583468661493622,4.194742426529622,-1.8677605613973185,-2.399314402563503
spleeter,The_Doppler_Shift_-_Atrophy,delay_l4,delay,4,drums,7.299492770960093,6.410719351171058,-0.18048249130002514,-0.22462383286073795
spleeter,The_Doppler_Shift_-_Atrophy,delay_l4,delay,4,bass,0.8317183336582251,-2.963070641989206,-0.2886896045310311,-0.21005283800203323
spleeter,The_Doppler_Shift_-_Atrophy,delay_l4,delay,4,other,4.282101443254829,2.3235409870610315,-0.891508067076578,-1.280708035943718
spleeter,The_Doppler_Shift_-_Atrophy,original,original,0,vocals,7.451229222890941,6.594056829093125,0.0,0.0
spleeter,The_Doppler_Shift_-_Atrophy,original,original,0,drums,7.479975262260118,6.635343184031796,0.0,0.0
spleeter,The_Doppler_Shift_-_Atrophy,original,original,0,bass,1.1204079381892562,-2.7530178039871727,0.0,0.0
spleeter,The_Doppler_Shift_-_Atrophy,original,original,0,other,5.173609510331407,3.6042490230047495,0.0,0.0
spleeter,The_Doppler_Shift_-_Atrophy,reverb_l1,reverb,1,vocals,7.043526545151124,6.089819992363761,-0.4077026777398167,-0.5042368367293637
spleeter,The_Doppler_Shift_-_Atrophy,reverb_l1,reverb,1,drums,7.3055208295621,6.429665545754617,-0.17445443269801775,-0.20567763827717922
spleeter,The_Doppler_Shift_-_Atrophy,reverb_l1,reverb,1,bass,1.0924553200397626,-2.8275074512318534,-0.02795261814949357,-0.07448964724468077
spleeter,The_Doppler_Shift_-_Atrophy,reverb_l1,reverb,1,other,5.134895940578655,3.546695396056344,-0.038713569752752086,-0.0575536269484056
spleeter,The_Doppler_Shift_-_Atrophy,reverb_l2,reverb,2,vocals,5.567507090612139,4.156344293782902,-1.8837221322788018,-2.437712535310223
spleeter,The_Doppler_Shift_-_Atrophy,reverb_l2,reverb,2,drums,6.985045452942861,6.054176714609909,-0.4949298093172567,-0.5811664694218868
spleeter,The_Doppler_Shift_-_Atrophy,reverb_l2,reverb,2,bass,0.7107728260064032,-3.367997386711039,-0.409635112182853,-0.6149795827238664
spleeter,The_Doppler_Shift_-_Atrophy,reverb_l2,reverb,2,other,4.732145898949029,2.964475406766709,-0.4414636113823782,-0.6397736162380405
spleeter,The_Doppler_Shift_-_Atrophy,reverb_l3,reverb,3,vocals,5.087287551722813,3.4773128490097625,-2.363941671168128,-3.1167439800833625
spleeter,The_Doppler_Shift_-_Atrophy,reverb_l3,reverb,3,drums,7.019978186965794,6.093134006162977,-0.4599970752943241,-0.542209177868819
spleeter,The_Doppler_Shift_-_Atrophy,reverb_l3,reverb,3,bass,0.37253909424045833,-3.8189413141045407,-0.7478688439487979,-1.065923510117368
spleeter,The_Doppler_Shift_-_Atrophy,reverb_l3,reverb,3,other,4.603766303165032,2.786673874194809,-0.5698432071663753,-0.8175751488099405
spleeter,The_Doppler_Shift_-_Atrophy,reverb_l4,reverb,4,vocals,5.176097868432344,3.6069871231623734,-2.2751313544585967,-2.9870697059307516
spleeter,The_Doppler_Shift_-_Atrophy,reverb_l4,reverb,4,drums,7.13328458207989,6.225008353606485,-0.3466906801802283,-0.4103348304253105
spleeter,The_Doppler_Shift_-_Atrophy,reverb_l4,reverb,4,bass,0.3210411369331179,-3.8748592803124793,-0.7993668012561383,-1.1218414763253066
spleeter,The_Doppler_Shift_-_Atrophy,reverb_l4,reverb,4,other,4.641311375473739,2.838893591213998,-0.5322981348576681,-0.7653554317907516
demucs,The_Doppler_Shift_-_Atrophy,bitcrush_l1,bitcrush,1,vocals,8.729925915396404,8.11890388521373,-0.34520348283251323,-0.38421114642171084
demucs,The_Doppler_Shift_-_Atrophy,bitcrush_l1,bitcrush,1,drums,9.283059447373228,8.73807832155422,0.07027926339113044,0.07933833957888048
demucs,The_Doppler_Shift_-_Atrophy,bitcrush_l1,bitcrush,1,bass,2.0097534319876247,-0.3839132221649275,0.23147483509381162,0.44732328686083433
demucs,The_Doppler_Shift_-_Atrophy,bitcrush_l1,bitcrush,1,other,6.800273335435946,5.783225651107036,-0.24401456746389627,-0.3149793170240365
demucs,The_Doppler_Shift_-_Atrophy,bitcrush_l2,bitcrush,2,vocals,8.65830424335526,8.03665356249202,-0.41682515487365634,-0.4664614691434199
demucs,The_Doppler_Shift_-_Atrophy,bitcrush_l2,bitcrush,2,drums,9.229117996655255,8.676871079950928,0.01633781267315726,0.018131097975588872
demucs,The_Doppler_Shift_-_Atrophy,bitcrush_l2,bitcrush,2,bass,1.9237952768861974,-0.5935809595586226,0.14551667999238438,0.2376555494671393
demucs,The_Doppler_Shift_-_Atrophy,bitcrush_l2,bitcrush,2,other,6.7598666603800375,5.7313587771085315,-0.28442124251980516,-0.3668461910225407
demucs,The_Doppler_Shift_-_Atrophy,bitcrush_l3,bitcrush,3,vocals,8.595598587236235,7.964838230531895,-0.47953081099268147,-0.538276801103545
demucs,The_Doppler_Shift_-_Atrophy,bitcrush_l3,bitcrush,3,drums,9.339779397917221,8.80275721704091,0.12699921393512348,0.1440172350655704
demucs,The_Doppler_Shift_-_Atrophy,bitcrush_l3,bitcrush,3,bass,2.0261590228754547,-0.4637309088852088,0.24788042598164162,0.36750560014055306
demucs,The_Doppler_Shift_-_Atrophy,bitcrush_l3,bitcrush,3,other,6.818661889537646,5.805803265148962,-0.2256260133621968,-0.29240170298210977
demucs,The_Doppler_Shift_-_Atrophy,bitcrush_l4,bitcrush,4,vocals,8.393249515391076,7.732932393600541,-0.6818798828378405,-0.7701826380348988
demucs,The_Doppler_Shift_-_Atrophy,bitcrush_l4,bitcrush,4,drums,9.313719959787765,8.772775670800268,0.10093977580566715,0.11403568882492898
demucs,The_Doppler_Shift_-_Atrophy,bitcrush_l4,bitcrush,4,bass,2.074795607136413,-0.37313378887764065,0.2965170102426,0.4581027201481212
demucs,The_Doppler_Shift_-_Atrophy,bitcrush_l4,bitcrush,4,other,6.742816273510423,5.7097418070321035,-0.30147162938941996,-0.3884631610989686
demucs,The_Doppler_Shift_-_Atrophy,compression_l1,compression,1,vocals,8.795171865590364,8.181958286261228,-0.2799575326385533,-0.32115674537421235
demucs,The_Doppler_Shift_-_Atrophy,compression_l1,compression,1,drums,9.123645086371926,8.557062225761904,-0.08913509761017124,-0.10167775621343544
demucs,The_Doppler_Shift_-_Atrophy,compression_l1,compression,1,bass,1.6632598127930518,-1.043981547875703,-0.11501878410076127,-0.21274503884994123
demucs,The_Doppler_Shift_-_Atrophy,compression_l1,compression,1,other,6.96722087652999,5.999249538918619,-0.07706702636985252,-0.09895542921245326
demucs,The_Doppler_Shift_-_Atrophy,compression_l2,compression,2,vocals,8.250466635146212,7.548546796741949,-0.8246627630827046,-0.9545682348934914
demucs,The_Doppler_Shift_-_Atrophy,compression_l2,compression,2,drums,9.117318539224124,8.549615495318895,-0.09546164475797347,-0.10912448665644447
demucs,The_Doppler_Shift_-_Atrophy,compression_l2,compression,2,bass,1.7656962295363505,-0.9257985317949582,-0.012582367357462543,-0.09456202276919634
demucs,The_Doppler_Shift_-_Atrophy,compression_l2,compression,2,other,6.896731326509611,5.907991953254922,-0.14755657639023134,-0.19021301487615005
demucs,The_Doppler_Shift_-_Atrophy,compression_l3,compression,3,vocals,7.924508128497061,7.162156068335582,-1.1506212697318556,-1.3409589632998582
demucs,The_Doppler_Shift_-_Atrophy,compression_l3,compression,3,drums,9.090317602379582,8.519138420098795,-0.122462581602516,-0.13960156187654427
demucs,The_Doppler_Shift_-_Atrophy,compression_l3,compression,3,bass,1.60902709481791,-1.2343285858365463,-0.16925150207590312,-0.4030920768107844
demucs,The_Doppler_Shift_-_Atrophy,compression_l3,compression,3,other,6.848044903212478,5.844034211683372,-0.1962429996873647,-0.25417075644770026
demucs,The_Doppler_Shift_-_Atrophy,compression_l4,compression,4,vocals,7.585867413265568,6.755354011918485,-1.489261984963349,-1.7477610197169549
demucs,The_Doppler_Shift_-_Atrophy,compression_l4,compression,4,drums,8.911908139417452,8.314739962337459,-0.30087204456464534,-0.3440000196378801
demucs,The_Doppler_Shift_-_Atrophy,compression_l4,compression,4,bass,1.5372354864114266,-1.3191164803953868,-0.24104311048238647,-0.4878799713696249
demucs,The_Doppler_Shift_-_Atrophy,compression_l4,compression,4,other,6.891945669122473,5.899669293157606,-0.15234223377736988,-0.19853567497346614
demucs,The_Doppler_Shift_-_Atrophy,delay_l1,delay,1,vocals,8.527905396848547,7.876443672294602,-0.5472240013803695,-0.626671359340838
demucs,The_Doppler_Shift_-_Atrophy,delay_l1,delay,1,drums,9.200442813675156,8.645026674596789,-0.012337370306941153,-0.013713307378550255
demucs,The_Doppler_Shift_-_Atrophy,delay_l1,delay,1,bass,1.7433332016616143,-0.8111026692351093,-0.03494539523219875,0.02013383979065253
demucs,The_Doppler_Shift_-_Atrophy,delay_l1,delay,1,other,6.90229318815467,5.9169916898929085,-0.14199471474517278,-0.1812132782381637
demucs,The_Doppler_Shift_-_Atrophy,delay_l2,delay,2,vocals,8.050564446449378,7.319079259955281,-1.0245649517795385,-1.1840357716801595
demucs,The_Doppler_Shift_-_Atrophy,delay_l2,delay,2,drums,9.233804251962338,8.682708031556235,0.0210240679802407,0.023968049580895823
demucs,The_Doppler_Shift_-_Atrophy,delay_l2,delay,2,bass,1.7767895982744748,-0.8446428352738424,-0.0014889986193382665,-0.01340632624808058
demucs,The_Doppler_Shift_-_Atrophy,delay_l2,delay,2,other,6.597767433078826,5.52600979968807,-0.44652046982101634,-0.5721951684430024
demucs,The_Doppler_Shift_-_Atrophy,delay_l3,delay,3,vocals,7.392518051931872,6.5338218298085895,-1.682611346297045,-1.9692932018268507
demucs,The_Doppler_Shift_-_Atrophy,delay_l3,delay,3,drums,8.980172510525469,8.393029448087328,-0.23260767345662892,-0.26571053388801147
demucs,The_Doppler_Shift_-_Atrophy,delay_l3,delay,3,bass,1.3917472208528938,-1.2576223614383997,-0.38653137604091925,-0.4263858524126378
demucs,The_Doppler_Shift_-_Atrophy,delay_l3,delay,3,other,6.181267125421699,4.984275046668488,-0.8630207774781438,-1.1139299214625842
demucs,The_Doppler_Shift_-_Atrophy,delay_l4,delay,4,vocals,7.0598039209571795,6.125438691943681,-2.0153254772717375,-2.3776763396917593
demucs,The_Doppler_Shift_-_Atrophy,delay_l4,delay,4,drums,9.085349886492493,8.514545060994388,-0.12743029748960488,-0.14419492098095077
demucs,The_Doppler_Shift_-_Atrophy,delay_l4,delay,4,bass,1.5043686382420978,-1.2070264174250598,-0.2739099586517153,-0.37578990839929793
demucs,The_Doppler_Shift_-_Atrophy,delay_l4,delay,4,other,6.025626253233886,4.7791874840462665,-1.0186616496659564,-1.3190174840848057
demucs,The_Doppler_Shift_-_Atrophy,original,original,0,vocals,9.075129398228917,8.50311503163544,0.0,0.0
demucs,The_Doppler_Shift_-_Atrophy,original,original,0,drums,9.212780183982098,8.658739981975339,0.0,0.0
demucs,The_Doppler_Shift_-_Atrophy,original,original,0,bass,1.778278596893813,-0.8312365090257618,0.0,0.0
demucs,The_Doppler_Shift_-_Atrophy,original,original,0,other,7.044287902899843,6.098204968131072,0.0,0.0
demucs,The_Doppler_Shift_-_Atrophy,reverb_l1,reverb,1,vocals,8.533232111886743,7.881514419267596,-0.5418972863421736,-0.6216006123678444
demucs,The_Doppler_Shift_-_Atrophy,reverb_l1,reverb,1,drums,9.198415246158127,8.642683241171706,-0.014364937823970081,-0.016056740803632508
demucs,The_Doppler_Shift_-_Atrophy,reverb_l1,reverb,1,bass,1.6813081814158788,-1.0046535980050142,-0.09697041547793428,-0.17341708897925234
demucs,The_Doppler_Shift_-_Atrophy,reverb_l1,reverb,1,other,6.946615170752417,5.969481090710924,-0.09767273214742556,-0.12872387742014801
demucs,The_Doppler_Shift_-_Atrophy,reverb_l2,reverb,2,vocals,6.657297318331105,5.614450828034071,-2.4178320798978117,-2.888664203601369
demucs,The_Doppler_Shift_-_Atrophy,reverb_l2,reverb,2,drums,9.128060550838702,8.56321997647722,-0.08471963314339526,-0.09552000549811979
demucs,The_Doppler_Shift_-_Atrophy,reverb_l2,reverb,2,bass,1.36798313123908,-1.5919343740335532,-0.41029546565473307,-0.7606978650077914
demucs,The_Doppler_Shift_-_Atrophy,reverb_l2,reverb,2,other,6.401585500295457,5.292066403664183,-0.6427024026043853,-0.806138564466889
demucs,The_Doppler_Shift_-_Atrophy,reverb_l3,reverb,3,vocals,5.878194028846146,4.5897374563092805,-3.1969353693827713,-3.9133775753261597
demucs,The_Doppler_Shift_-_Atrophy,reverb_l3,reverb,3,drums,9.285154706979487,8.743802470762969,0.07237452299738933,0.08506248878762968
demucs,The_Doppler_Shift_-_Atrophy,reverb_l3,reverb,3,bass,1.1633462306340772,-1.9008985683071207,-0.6149323662597359,-1.0696620592813588
demucs,The_Doppler_Shift_-_Atrophy,reverb_l3,reverb,3,other,6.154706457393264,5.006752759795408,-0.8895814455065789,-1.0914522083356646
demucs,The_Doppler_Shift_-_Atrophy,reverb_l4,reverb,4,vocals,5.813890774037676,4.507371207295051,-3.2612386241912406,-3.995743824340389
demucs,The_Doppler_Shift_-_Atrophy,reverb_l4,reverb,4,drums,9.343943826711536,8.81071951431106,0.13116364272943848,0.15197953233572115
demucs,The_Doppler_Shift_-_Atrophy,reverb_l4,reverb,4,bass,1.160040819180753,-1.8808884404155115,-0.6182377777130601,-1.0496519313897497
demucs,The_Doppler_Shift_-_Atrophy,reverb_l4,reverb,4,other,6.1033412756684315,4.965872858245778,-0.9409466272314111,-1.1323321098852945
spleeter,The_Easton_Ellises_(Baumi)_-_SDRNR,bitcrush_l1,bitcrush,1,vocals,5.424649305018711,4.072141111715769,-0.3938299216728476,-0.5646194566714531
spleeter,The_Easton_Ellises_(Baumi)_-_SDRNR,bitcrush_l1,bitcrush,1,drums,7.400669454328797,6.582275790758806,-0.040187153340173865,-0.04995188640036741
spleeter,The_Easton_Ellises_(Baumi)_-_SDRNR,bitcrush_l1,bitcrush,1,bass,6.125389632650951,4.911444832973719,-0.010908531462848536,-0.013875115042388586
spleeter,The_Easton_Ellises_(Baumi)_-_SDRNR,bitcrush_l1,bitcrush,1,other,3.1618864045496444,0.6886288618521312,-0.013053693276670053,0.009692615094586188
spleeter,The_Easton_Ellises_(Baumi)_-_SDRNR,bitcrush_l2,bitcrush,2,vocals,5.4252802975552346,4.072616721778551,-0.39319892913632426,-0.5641438466086717
spleeter,The_Easton_Ellises_(Baumi)_-_SDRNR,bitcrush_l2,bitcrush,2,drums,7.399382875902592,6.580794422149178,-0.04147373176637892,-0.051433255009995626
spleeter,The_Easton_Ellises_(Baumi)_-_SDRNR,bitcrush_l2,bitcrush,2,bass,6.125737104040784,4.911905220919267,-0.010561060073015938,-0.01341472709684055
spleeter,The_Easton_Ellises_(Baumi)_-_SDRNR,bitcrush_l2,bitcrush,2,other,3.1616523567607473,0.688829694689276,-0.013287741065567182,0.00989344793173097
spleeter,The_Easton_Ellises_(Baumi)_-_SDRNR,bitcrush_l3,bitcrush,3,vocals,5.417630746801486,4.06034045377121,-0.40084847989007244,-0.5764201146160124
spleeter,The_Easton_Ellises_(Baumi)_-_SDRNR,bitcrush_l3,bitcrush,3,drums,7.403747509847646,6.58566777368601,-0.03710909782132532,-0.04655990347316319
spleeter,The_Easton_Ellises_(Baumi)_-_SDRNR,bitcrush_l3,bitcrush,3,bass,6.122961324151143,4.908207953742233,-0.013336839962656555,-0.017111994273874664
spleeter,The_Easton_Ellises_(Baumi)_-_SDRNR,bitcrush_l3,bitcrush,3,other,3.155938377588265,0.6829147372200545,-0.01900172023804947,0.003978490462509421
spleeter,The_Easton_Ellises_(Baumi)_-_SDRNR,bitcrush_l4,bitcrush,4,vocals,5.33921958809282,3.9330311740465485,-0.4792596385987391,-0.7037293943406739
spleeter,The_Easton_Ellises_(Baumi)_-_SDRNR,bitcrush_l4,bitcrush,4,drums,7.413360471062354,6.595468875954483,-0.027496136606616872,-0.03675880120469088
spleeter,The_Easton_Ellises_(Baumi)_-_SDRNR,bitcrush_l4,bitcrush,4,bass,6.127840618571986,4.914738780422034,-0.008457545541814326,-0.010581167594073015
spleeter,The_Easton_Ellises_(Baumi)_-_SDRNR,bitcrush_l4,bitcrush,4,other,3.1086109832371385,0.6463875522133202,-0.06632911458917601,-0.03254869454422482
spleeter,The_Easton_Ellises_(Baumi)_-_SDRNR,compression_l1,compression,1,vocals,5.617571106779165,4.3466924004713885,-0.20090811991239388,-0.2900681679158339
spleeter,The_Easton_Ellises_(Baumi)_-_SDRNR,compression_l1,compression,1,drums,7.3999702497548645,6.5842127395144665,-0.040886357914106775,-0.04801493764470699
spleeter,The_Easton_Ellises_(Baumi)_-_SDRNR,compression_l1,compression,1,bass,6.118566052692338,4.901989107982827,-0.017732111421461916,-0.023330840033280786
spleeter,The_Easton_Ellises_(Baumi)_-_SDRNR,compression_l1,compression,1,other,3.060222300556925,0.5294500694158398,-0.11471779726938935,-0.14948617734170522
spleeter,The_Easton_Ellises_(Baumi)_-_SDRNR,compression_l2,compression,2,vocals,5.325188586610654,3.912805818547904,-0.49329064008090473,-0.7239547498393182
spleeter,The_Easton_Ellises_(Baumi)_-_SDRNR,compression_l2,compression,2,drums,7.311210208319901,6.48317687099508,-0.1296463993490704,-0.1490508061640936
spleeter,The_Easton_Ellises_(Baumi)_-_SDRNR,compression_l2,compression,2,bass,6.094969572405598,4.870705940865428,-0.04132859170820158,-0.0546140071506791
spleeter,The_Easton_Ellises_(Baumi)_-_SDRNR,compression_l2,compression,2,other,2.9152337439235225,0.343946179574176,-0.25970635390279195,-0.33499006718336904
spleeter,The_Easton_Ellises_(Baumi)_-_SDRNR,compression_l3,compression,3,vocals,5.2486878652810995,3.7890434975647294,-0.5697913614104593,-0.847717070822493
spleeter,The_Easton_Ellises_(Baumi)_-_SDRNR,compression_l3,compression,3,drums,7.2668064299986765,6.4355425222411515,-0.17405017767029474,-0.19668515491802196
spleeter,The_Easton_Ellises_(Baumi)_-_SDRNR,compression_l3,compression,3,bass,6.102278640158661,4.882026895784147,-0.03401952395513863,-0.04329305223196034
spleeter,The_Easton_Ellises_(Baumi)_-_SDRNR,compression_l3,compression,3,other,2.912027914833328,0.38521777297909954,-0.2629121829929866,-0.2937184737784455
spleeter,The_Easton_Ellises_(Baumi)_-_SDRNR,compression_l4,compression,4,vocals,5.05777593765521,3.4657169156655994,-0.760703289036349,-1.171043652721623
spleeter,The_Easton_Ellises_(Baumi)_-_SDRNR,compression_l4,compression,4,drums,7.165458366582187,6.340401873194513,-0.27539824108678435,-0.2918258039646604
spleeter,The_Easton_Ellises_(Baumi)_-_SDRNR,compression_l4,compression,4,bass,5.187535462485058,3.629740525485876,-0.9487627016287421,-1.2955794225302313
spleeter,The_Easton_Ellises_(Baumi)_-_SDRNR,compression_l4,compression,4,other,2.4057594468902104,-0.0560883024206425,-0.7691806509361041,-0.7350245491781875
spleeter,The_Easton_Ellises_(Baumi)_-_SDRNR,delay_l1,delay,1,vocals,5.365873981668029,4.0043460344889565,-0.4526052450235296,-0.6324145338982659
spleeter,The_Easton_Ellises_(Baumi)_-_SDRNR,delay_l1,delay,1,drums,7.280015289618028,6.452597400707607,-0.16084131805094337,-0.17963027645156693
spleeter,The_Easton_Ellises_(Baumi)_-_SDRNR,delay_l1,delay,1,bass,6.151372963944413,4.945057699567364,0.015074799830612662,0.0197377515512569
spleeter,The_Easton_Ellises_(Baumi)_-_SDRNR,delay_l1,delay,1,other,2.940080587130497,0.29611222870414006,-0.23485951069581734,-0.382824018053405
spleeter,The_Easton_Ellises_(Baumi)_-_SDRNR,delay_l2,delay,2,vocals,5.044013433998095,3.5562481145795477,-0.7744657926934639,-1.0805124538076747
spleeter,The_Easton_Ellises_(Baumi)_-_SDRNR,delay_l2,delay,2,drums,7.264388983819686,6.423667373984112,-0.17646762384928572,-0.20856030317506136
spleeter,The_Easton_Ellises_(Baumi)_-_SDRNR,delay_l2,delay,2,bass,6.116933542266345,4.899262214296009,-0.0193646218474548,-0.026057733720098675
spleeter,The_Easton_Ellises_(Baumi)_-_SDRNR,delay_l2,delay,2,other,2.688691407773569,-0.15392964192298786,-0.4862486900527454,-0.8328658886805329
spleeter,The_Easton_Ellises_(Baumi)_-_SDRNR,delay_l3,delay,3,vocals,4.4453171527656075,2.5875972116758694,-1.3731620739259514,-2.049163356711353
spleeter,The_Easton_Ellises_(Baumi)_-_SDRNR,delay_l3,delay,3,drums,7.2531337611770885,6.404163073894785,-0.18772284649188276,-0.2280646032643885
spleeter,The_Easton_Ellises_(Baumi)_-_SDRNR,delay_l3,delay,3,bass,6.016182946133406,4.765388013369961,-0.12011521798039393,-0.15993193464614652
spleeter,The_Easton_Ellises_(Baumi)_-_SDRNR,delay_l3,delay,3,other,2.245576351904279,-0.5847596384112433,-0.9293637459220356,-1.2636958851687883
spleeter,The_Easton_Ellises_(Baumi)_-_SDRNR,delay_l4,delay,4,vocals,4.025010172619296,1.8806187126326115,-1.793469054072263,-2.7561418557546107
spleeter,The_Easton_Ellises_(Baumi)_-_SDRNR,delay_l4,delay,4,drums,7.263557837404482,6.410725000399822,-0.17729877026448904,-0.22150267675935176
spleeter,The_Easton_Ellises_(Baumi)_-_SDRNR,delay_l4,delay,4,bass,6.186566694753363,4.991320157725189,0.05026853063956338,0.06600020970908194
spleeter,The_Easton_Ellises_(Baumi)_-_SDRNR,delay_l4,delay,4,other,2.0208665721438015,-0.7509590351410929,-1.154073525682513,-1.429895281898638
spleeter,The_Easton_Ellises_(Baumi)_-_SDRNR,original,original,0,vocals,5.818479226691559,4.636760568387222,0.0,0.0
spleeter,The_Easton_Ellises_(Baumi)_-_SDRNR,original,original,0,drums,7.440856607668971,6.6322276771591735,0.0,0.0
spleeter,The_Easton_Ellises_(Baumi)_-_SDRNR,original,original,0,bass,6.1362981641138,4.925319948016107,0.0,0.0
spleeter,The_Easton_Ellises_(Baumi)_-_SDRNR,original,original,0,other,3.1749400978263145,0.678936246757545,0.0,0.0
spleeter,The_Easton_Ellises_(Baumi)_-_SDRNR,reverb_l1,reverb,1,vocals,5.613368905435706,4.363107891267422,-0.2051103212558525,-0.27365267711980046
spleeter,The_Easton_Ellises_(Baumi)_-_SDRNR,reverb_l1,reverb,1,drums,7.379655754028494,6.560916509751978,-0.06120085364047689,-0.07131116740719534
spleeter,The_Easton_Ellises_(Baumi)_-_SDRNR,reverb_l1,reverb,1,bass,6.074883720416841,4.843441224883393,-0.06141444369695925,-0.08187872313271427
spleeter,The_Easton_Ellises_(Baumi)_-_SDRNR,reverb_l1,reverb,1,other,3.0799287627158174,0.5047026754971664,-0.09501133511049709,-0.17423357126037864
spleeter,The_Easton_Ellises_(Baumi)_-_SDRNR,reverb_l2,reverb,2,vocals,4.496213572072784,2.7298991475892427,-1.322265654618775,-1.9068614207979797
spleeter,The_Easton_Ellises_(Baumi)_-_SDRNR,reverb_l2,reverb,2,drums,7.364365921792913,6.554116537883367,-0.0764906858760579,-0.0781111392758067
spleeter,The_Easton_Ellises_(Baumi)_-_SDRNR,reverb_l2,reverb,2,bass,5.5077909190566645,4.096458275115377,-0.6285072450571354,-0.8288616729007305
spleeter,The_Easton_Ellises_(Baumi)_-_SDRNR,reverb_l2,reverb,2,other,2.4332427225878144,-0.45464192630136224,-0.7416973752385001,-1.1335781730589072
spleeter,The_Easton_Ellises_(Baumi)_-_SDRNR,reverb_l3,reverb,3,vocals,4.256671089916624,2.330816530451104,-1.5618081367749346,-2.3059440379361185
spleeter,The_Easton_Ellises_(Baumi)_-_SDRNR,reverb_l3,reverb,3,drums,7.546261588422945,6.764690919889044,0.10540498075397409,0.13246324272987042
spleeter,The_Easton_Ellises_(Baumi)_-_SDRNR,reverb_l3,reverb,3,bass,5.1251684134260875,3.6164993448237928,-1.0111297506877124,-1.3088206031923146
spleeter,The_Easton_Ellises_(Baumi)_-_SDRNR,reverb_l3,reverb,3,other,2.3153126891411735,-0.5522912513887204,-0.859627408685141,-1.2312274981462654
spleeter,The_Easton_Ellises_(Baumi)_-_SDRNR,reverb_l4,reverb,4,vocals,4.374159244374352,2.515485130941373,-1.4443199823172064,-2.1212754374458496
spleeter,The_Easton_Ellises_(Baumi)_-_SDRNR,reverb_l4,reverb,4,drums,7.636885837968951,6.867218567933469,0.19602923029997932,0.2349908907742959
spleeter,The_Easton_Ellises_(Baumi)_-_SDRNR,reverb_l4,reverb,4,bass,5.076921294597168,3.5610926620464545,-1.0593768695166323,-1.364227285969653
spleeter,The_Easton_Ellises_(Baumi)_-_SDRNR,reverb_l4,reverb,4,other,2.3853258586786024,-0.4363575649027606,-0.7896142391477121,-1.1152938116603057
demucs,The_Easton_Ellises_(Baumi)_-_SDRNR,bitcrush_l1,bitcrush,1,vocals,6.27382065367984,5.107994523887487,-0.29560245736515256,-0.4063000777488277
demucs,The_Easton_Ellises_(Baumi)_-_SDRNR,bitcrush_l1,bitcrush,1,drums,10.363343857512934,10.06394427190622,-0.18130707620403363,-0.2021323130218864
demucs,The_Easton_Ellises_(Baumi)_-_SDRNR,bitcrush_l1,bitcrush,1,bass,8.147979991786888,7.43417213933167,-0.025446301492889845,-0.03059744808660181
demucs,The_Easton_Ellises_(Baumi)_-_SDRNR,bitcrush_l1,bitcrush,1,other,3.5499841850564113,1.1784705981992833,-0.108765346910217,-0.12628013550773187
demucs,The_Easton_Ellises_(Baumi)_-_SDRNR,bitcrush_l2,bitcrush,2,vocals,6.28549763325815,5.122798794879369,-0.2839254777868421,-0.3914958067569456
demucs,The_Easton_Ellises_(Baumi)_-_SDRNR,bitcrush_l2,bitcrush,2,drums,10.447982136455106,10.153549748277458,-0.09666879726186117,-0.11252683665064822
demucs,The_Easton_Ellises_(Baumi)_-_SDRNR,bitcrush_l2,bitcrush,2,bass,7.991057098269756,7.242082433645218,-0.1823691950100219,-0.22268715377305348
demucs,The_Easton_Ellises_(Baumi)_-_SDRNR,bitcrush_l2,bitcrush,2,other,3.5716417121359174,1.2410398160650946,-0.08710781983071092,-0.0637109176419206
demucs,The_Easton_Ellises_(Baumi)_-_SDRNR,bitcrush_l3,bitcrush,3,vocals,6.35292568481825,5.210527006923137,-0.21649742622674228,-0.30376759471317794
demucs,The_Easton_Ellises_(Baumi)_-_SDRNR,bitcrush_l3,bitcrush,3,drums,10.426236067164362,10.125187430004232,-0.11841486655260525,-0.14088915492387422
demucs,The_Easton_Ellises_(Baumi)_-_SDRNR,bitcrush_l3,bitcrush,3,bass,8.144059213384109,7.4296075156701455,-0.029367079895669335,-0.035162071748126245
demucs,The_Easton_Ellises_(Baumi)_-_SDRNR,bitcrush_l3,bitcrush,3,other,3.6251250715634575,1.3023688919311505,-0.0336244604031708,-0.002381841775864757
demucs,The_Easton_Ellises_(Baumi)_-_SDRNR,bitcrush_l4,bitcrush,4,vocals,6.643956312157168,5.589183868573234,0.07453320111217554,0.07488926693691944
demucs,The_Easton_Ellises_(Baumi)_-_SDRNR,bitcrush_l4,bitcrush,4,drums,10.334511905742652,10.036377538521077,-0.21013902797431605,-0.22969904640702943
demucs,The_Easton_Ellises_(Baumi)_-_SDRNR,bitcrush_l4,bitcrush,4,bass,8.113387634772064,7.38951998290421,-0.060038658507714615,-0.07524960451406137
demucs,The_Easton_Ellises_(Baumi)_-_SDRNR,bitcrush_l4,bitcrush,4,other,3.836469788112184,1.5756550072557802,0.17772025614555576,0.270904273548765
demucs,The_Easton_Ellises_(Baumi)_-_SDRNR,compression_l1,compression,1,vocals,6.476975574968492,5.415056549437683,-0.09244753607650047,-0.0992380521986318
demucs,The_Easton_Ellises_(Baumi)_-_SDRNR,compression_l1,compression,1,drums,10.538666983465657,10.25874096026994,-0.005983950251311043,-0.007335624658166395
demucs,The_Easton_Ellises_(Baumi)_-_SDRNR,compression_l1,compression,1,bass,8.050955322560092,7.317814072883298,-0.12247097071968582,-0.1469555145349739
demucs,The_Easton_Ellises_(Baumi)_-_SDRNR,compression_l1,compression,1,other,3.616947493224699,1.2077794075182229,-0.04180203874192934,-0.09697132618879234
demucs,The_Easton_Ellises_(Baumi)_-_SDRNR,compression_l2,compression,2,vocals,6.399169458042433,5.32283542291775,-0.17025365300255935,-0.19145917871856444
demucs,The_Easton_Ellises_(Baumi)_-_SDRNR,compression_l2,compression,2,drums,10.515775197193575,10.234997498665097,-0.028875736523392703,-0.03107908626300926
demucs,The_Easton_Ellises_(Baumi)_-_SDRNR,compression_l2,compression,2,bass,8.023258996396866,7.284561816670676,-0.15016729688291264,-0.18020777074759575
demucs,The_Easton_Ellises_(Baumi)_-_SDRNR,compression_l2,compression,2,other,3.602254818555785,1.1709186904153366,-0.05649471341084311,-0.13383204329167864
demucs,The_Easton_Ellises_(Baumi)_-_SDRNR,compression_l3,compression,3,vocals,6.349066210422276,5.248510662741719,-0.22035690062271662,-0.26578393889459573
demucs,The_Easton_Ellises_(Baumi)_-_SDRNR,compression_l3,compression,3,drums,10.481821116841365,10.200170719071798,-0.06282981687560252,-0.06590586585630831
demucs,The_Easton_Ellises_(Baumi)_-_SDRNR,compression_l3,compression,3,bass,7.974960696026195,7.226042554489628,-0.19846559725358315,-0.23872703292864372
demucs,The_Easton_Ellises_(Baumi)_-_SDRNR,compression_l3,compression,3,other,3.5980903857980646,1.1749164206799987,-0.060659146168563716,-0.12983431302701653
demucs,The_Easton_Ellises_(Baumi)_-_SDRNR,compression_l4,compression,4,vocals,6.270959719432502,5.12556560177708,-0.2984633916124899,-0.3887289998592349
demucs,The_Easton_Ellises_(Baumi)_-_SDRNR,compression_l4,compression,4,drums,10.163808655146731,9.87860210427873,-0.38084227857023656,-0.3874744806493755
demucs,The_Easton_Ellises_(Baumi)_-_SDRNR,compression_l4,compression,4,bass,8.070816977812354,7.340397774546487,-0.10260931546742391,-0.124371812871785
demucs,The_Easton_Ellises_(Baumi)_-_SDRNR,compression_l4,compression,4,other,3.6742757957795846,1.313462986706492,0.015526263812956298,0.008712252999476755
demucs,The_Easton_Ellises_(Baumi)_-_SDRNR,delay_l1,delay,1,vocals,6.2314443952321374,5.10331441776599,-0.3379787158128549,-0.41098018387032464
demucs,The_Easton_Ellises_(Baumi)_-_SDRNR,delay_l1,delay,1,drums,10.565293772435497,10.287752082443426,0.020642838718529788,0.02167549751531972
demucs,The_Easton_Ellises_(Baumi)_-_SDRNR,delay_l1,delay,1,bass,8.131218816932833,7.4118254476183605,-0.04220747634694533,-0.052944139799911305
demucs,The_Easton_Ellises_(Baumi)_-_SDRNR,delay_l1,delay,1,other,3.485878459012505,0.9770835299067681,-0.1728710729541234,-0.32766720380024716
demucs,The_Easton_Ellises_(Baumi)_-_SDRNR,delay_l2,delay,2,vocals,5.633368606813461,4.257992164068748,-0.9360545042315316,-1.2563024375675669
demucs,The_Easton_Ellises_(Baumi)_-_SDRNR,delay_l2,delay,2,drums,10.493063348869239,10.210677704253193,-0.05158758484772896,-0.05539888067491283
demucs,The_Easton_Ellises_(Baumi)_-_SDRNR,delay_l2,delay,2,bass,8.118520267774453,7.395052242674248,-0.05490602550532486,-0.06971734474402336
demucs,The_Easton_Ellises_(Baumi)_-_SDRNR,delay_l2,delay,2,other,3.0803217651136556,0.42785429259789565,-0.5784277668529727,-0.8768964411091196
demucs,The_Easton_Ellises_(Baumi)_-_SDRNR,delay_l3,delay,3,vocals,5.605978848646767,4.216688436116035,-0.9634442623982249,-1.2976061655202793
demucs,The_Easton_Ellises_(Baumi)_-_SDRNR,delay_l3,delay,3,drums,10.458888184720088,10.175404654496043,-0.08576274899687952,-0.09067193043206245
demucs,The_Easton_Ellises_(Baumi)_-_SDRNR,delay_l3,delay,3,bass,7.9997534554863945,7.2521156951665,-0.17367283779338383,-0.21265389225177156
demucs,The_Easton_Ellises_(Baumi)_-_SDRNR,delay_l3,delay,3,other,3.0854680431196697,0.361805874107381,-0.5732814888469586,-0.9429448595996341
demucs,The_Easton_Ellises_(Baumi)_-_SDRNR,delay_l4,delay,4,vocals,5.287101499432705,3.7628453050493693,-1.2823216116122875,-1.7514492965869453
demucs,The_Easton_Ellises_(Baumi)_-_SDRNR,delay_l4,delay,4,drums,10.422620958528894,10.129775801994311,-0.12202997518807379,-0.13630078293379455
demucs,The_Easton_Ellises_(Baumi)_-_SDRNR,delay_l4,delay,4,bass,8.071542380757359,7.3426681488772125,-0.10188391252241935,-0.12210143854105926
demucs,The_Easton_Ellises_(Baumi)_-_SDRNR,delay_l4,delay,4,other,2.899738902661424,0.10057932880145529,-0.7590106293052044,-1.2041714049055599
demucs,The_Easton_Ellises_(Baumi)_-_SDRNR,original,original,0,vocals,6.569423111044992,5.514294601636315,0.0,0.0
demucs,The_Easton_Ellises_(Baumi)_-_SDRNR,original,original,0,drums,10.544650933716968,10.266076584928106,0.0,0.0
demucs,The_Easton_Ellises_(Baumi)_-_SDRNR,original,original,0,bass,8.173426293279778,7.464769587418272,0.0,0.0
demucs,The_Easton_Ellises_(Baumi)_-_SDRNR,original,original,0,other,3.6587495319666283,1.3047507337070152,0.0,0.0
demucs,The_Easton_Ellises_(Baumi)_-_SDRNR,reverb_l1,reverb,1,vocals,6.276183594575452,5.128859945022526,-0.2932395164695407,-0.3854346566137883
demucs,The_Easton_Ellises_(Baumi)_-_SDRNR,reverb_l1,reverb,1,drums,10.529474917478709,10.251929620032715,-0.015176016238259038,-0.014146964895390468
demucs,The_Easton_Ellises_(Baumi)_-_SDRNR,reverb_l1,reverb,1,bass,8.01730553053012,7.27832410141005,-0.15612076274965858,-0.18644548600822208
demucs,The_Easton_Ellises_(Baumi)_-_SDRNR,reverb_l1,reverb,1,other,3.4941056134799546,1.0537767019302882,-0.1646439184866737,-0.25097403177672706
demucs,The_Easton_Ellises_(Baumi)_-_SDRNR,reverb_l2,reverb,2,vocals,4.60097010414357,2.7580759177626764,-1.9684530069014219,-2.756218683873638
demucs,The_Easton_Ellises_(Baumi)_-_SDRNR,reverb_l2,reverb,2,drums,10.529452073709981,10.2671192325836,-0.015198860006986337,0.001042647655493667
demucs,The_Easton_Ellises_(Baumi)_-_SDRNR,reverb_l2,reverb,2,bass,7.4434992941976414,6.597955543311478,-0.7299269990821369,-0.8668140441067935
demucs,The_Easton_Ellises_(Baumi)_-_SDRNR,reverb_l2,reverb,2,other,2.4437899830182097,-0.2996087870548721,-1.2149595489484186,-1.6043595207618873
demucs,The_Easton_Ellises_(Baumi)_-_SDRNR,reverb_l3,reverb,3,vocals,3.9551798867392267,1.7573181839365295,-2.6142432243057656,-3.756976417699785
demucs,The_Easton_Ellises_(Baumi)_-_SDRNR,reverb_l3,reverb,3,drums,10.740571074136438,10.49857518706049,0.1959201404194708,0.2324986021323845
demucs,The_Easton_Ellises_(Baumi)_-_SDRNR,reverb_l3,reverb,3,bass,6.93406971428927,5.975683108509498,-1.2393565789905079,-1.4890864789087734
demucs,The_Easton_Ellises_(Baumi)_-_SDRNR,reverb_l3,reverb,3,other,1.9459141659073609,-0.7588222792250152,-1.7128353660592675,-2.0635730129320304
demucs,The_Easton_Ellises_(Baumi)_-_SDRNR,reverb_l4,reverb,4,vocals,3.4478458788759845,0.8450421492962994,-3.121577232169008,-4.669252452340015
demucs,The_Easton_Ellises_(Baumi)_-_SDRNR,reverb_l4,reverb,4,drums,10.891144223552224,10.659359276797364,0.34649328983525685,0.393282691869258
demucs,The_Easton_Ellises_(Baumi)_-_SDRNR,reverb_l4,reverb,4,bass,6.807479906296568,5.810020594408144,-1.36594638698321,-1.654748993010128
demucs,The_Easton_Ellises_(Baumi)_-_SDRNR,reverb_l4,reverb,4,other,1.4898746568874652,-1.268579231431167,-2.168874875079163,-2.573329965138182
spleeter,The_Easton_Ellises_-_Falcon_69,bitcrush_l1,bitcrush,1,vocals,4.682679588986728,2.8808628245083683,-0.28435843494774904,-0.42534594580418483
spleeter,The_Easton_Ellises_-_Falcon_69,bitcrush_l1,bitcrush,1,drums,7.8357165104365905,7.058906279802358,-0.0384581121694092,-0.04510419128590115
spleeter,The_Easton_Ellises_-_Falcon_69,bitcrush_l1,bitcrush,1,bass,5.826286110146077,4.529858766369237,-0.0017290097143849437,-0.0021533496591032986
spleeter,The_Easton_Ellises_-_Falcon_69,bitcrush_l1,bitcrush,1,other,3.9072506684572463,2.0862267508302383,-0.05272957617260765,-0.05335917585697203
spleeter,The_Easton_Ellises_-_Falcon_69,bitcrush_l2,bitcrush,2,vocals,4.679740276085447,2.876350326140824,-0.2872977478490304,-0.429858444171729
spleeter,The_Easton_Ellises_-_Falcon_69,bitcrush_l2,bitcrush,2,drums,7.835589095634463,7.058759846005929,-0.03858552697153694,-0.04525062508233013
spleeter,The_Easton_Ellises_-_Falcon_69,bitcrush_l2,bitcrush,2,bass,5.826121724869811,4.529643616350744,-0.0018933949906507763,-0.0023684996775967804
spleeter,The_Easton_Ellises_-_Falcon_69,bitcrush_l2,bitcrush,2,other,3.905555022132416,2.0844295606246637,-0.054425222497437975,-0.0551563660625467
spleeter,The_Easton_Ellises_-_Falcon_69,bitcrush_l3,bitcrush,3,vocals,4.665881794743948,2.8552992890341526,-0.3011562291905294,-0.45090948127840047
spleeter,The_Easton_Ellises_-_Falcon_69,bitcrush_l3,bitcrush,3,drums,7.833567380695326,7.0564569029506075,-0.04060724191067333,-0.047553568137651325
spleeter,The_Easton_Ellises_-_Falcon_69,bitcrush_l3,bitcrush,3,bass,5.8252460264690855,4.528562695031742,-0.0027690933913762095,-0.0034494209965982847
spleeter,The_Easton_Ellises_-_Falcon_69,bitcrush_l3,bitcrush,3,other,3.899727902265528,2.077001859631179,-0.06025234236432597,-0.06258406705603159
spleeter,The_Easton_Ellises_-_Falcon_69,bitcrush_l4,bitcrush,4,vocals,4.5779094946085355,2.720579598913292,-0.38912852932594166,-0.585629171399261
spleeter,The_Easton_Ellises_-_Falcon_69,bitcrush_l4,bitcrush,4,drums,7.80165216771091,7.019185908008227,-0.0725224548950898,-0.08482456308003172
spleeter,The_Easton_Ellises_-_Falcon_69,bitcrush_l4,bitcrush,4,bass,5.817056564617546,4.517463586391207,-0.010958555242916113,-0.014548529637133711
spleeter,The_Easton_Ellises_-_Falcon_69,bitcrush_l4,bitcrush,4,other,3.860852601262473,2.0243394649176514,-0.09912764336738089,-0.115246461769559
spleeter,The_Easton_Ellises_-_Falcon_69,compression_l1,compression,1,vocals,4.747985530396103,2.978895621185562,-0.2190524935383742,-0.32731314912699094
spleeter,The_Easton_Ellises_-_Falcon_69,compression_l1,compression,1,drums,7.832141336858291,7.054293539929208,-0.04203328574770904,-0.049716931159050404
spleeter,The_Easton_Ellises_-_Falcon_69,compression_l1,compression,1,bass,5.826407411788748,4.530940226200844,-0.0016077080717140646,-0.0010718898274966193
spleeter,The_Easton_Ellises_-_Falcon_69,compression_l1,compression,1,other,3.852832541494176,1.9873871581939573,-0.10714770313567801,-0.1521987684932531
spleeter,The_Easton_Ellises_-_Falcon_69,compression_l2,compression,2,vocals,4.224050582775479,2.1617509066153473,-0.7429874411589985,-1.1444578636972058
spleeter,The_Easton_Ellises_-_Falcon_69,compression_l2,compression,2,drums,7.718541855031531,6.9202237268301925,-0.15563276757446864,-0.1837867442580663
spleeter,The_Easton_Ellises_-_Falcon_69,compression_l2,compression,2,bass,5.812671971408729,4.515497480750056,-0.015343148451732347,-0.016514635278285006
spleeter,The_Easton_Ellises_-_Falcon_69,compression_l2,compression,2,other,3.5946691653764367,1.6526231110411957,-0.3653110792534173,-0.4869628156460146
spleeter,The_Easton_Ellises_-_Falcon_69,compression_l3,compression,3,vocals,3.8857742592810403,1.6041091067787843,-1.0812637646534369,-1.7020996635337688
spleeter,The_Easton_Ellises_-_Falcon_69,compression_l3,compression,3,drums,7.640924104445002,6.828727991338424,-0.23325051816099762,-0.2752824797498352
spleeter,The_Easton_Ellises_-_Falcon_69,compression_l3,compression,3,bass,5.796162545271648,4.49475453142293,-0.03185257458881363,-0.03725758460541062
spleeter,The_Easton_Ellises_-_Falcon_69,compression_l3,compression,3,other,3.4081314633271904,1.432649049627389,-0.5518487813026636,-0.7069368770598214
spleeter,The_Easton_Ellises_-_Falcon_69,compression_l4,compression,4,vocals,3.8743352394272597,1.5844777169947801,-1.0927027845072175,-1.721731053317773
spleeter,The_Easton_Ellises_-_Falcon_69,compression_l4,compression,4,drums,7.670004641732038,6.8621685974192514,-0.20416998087396188,-0.24184187366900733
spleeter,The_Easton_Ellises_-_Falcon_69,compression_l4,compression,4,bass,5.781781647955299,4.474288839065398,-0.046233471905162915,-0.05772327696294255
spleeter,The_Easton_Ellises_-_Falcon_69,compression_l4,compression,4,other,3.379627017581302,1.473429271284633,-0.5803532270485521,-0.6661566554025773
spleeter,The_Easton_Ellises_-_Falcon_69,delay_l1,delay,1,vocals,4.515292929888726,2.623081469499877,-0.45174509404575147,-0.6831273008126759
spleeter,The_Easton_Ellises_-_Falcon_69,delay_l1,delay,1,drums,7.839449887910019,7.062856751596848,-0.03472473469598025,-0.04115371949141089
spleeter,The_Easton_Ellises_-_Falcon_69,delay_l1,delay,1,bass,5.822796540318237,4.525910751166755,-0.005218579542225044,-0.006101364861585523
spleeter,The_Easton_Ellises_-_Falcon_69,delay_l1,delay,1,other,3.690909917375624,1.810005393475812,-0.2690703272542301,-0.32958053321139835
spleeter,The_Easton_Ellises_-_Falcon_69,delay_l2,delay,2,vocals,3.917297248073904,1.6573339853593907,-1.049740775860573,-1.6488747849531624
spleeter,The_Easton_Ellises_-_Falcon_69,delay_l2,delay,2,drums,7.84877085844791,7.074696912488977,-0.025403764158089537,-0.02931355859928164
spleeter,The_Easton_Ellises_-_Falcon_69,delay_l2,delay,2,bass,5.794536587502609,4.492874836523434,-0.033478532357852586,-0.03913727950490653
spleeter,The_Easton_Ellises_-_Falcon_69,delay_l2,delay,2,other,3.2375128189351168,1.2479339554375477,-0.7224674256947372,-0.8916519712496627
spleeter,The_Easton_Ellises_-_Falcon_69,delay_l3,delay,3,vocals,2.9817955790292623,-0.05558904059515361,-1.9852424449052148,-3.361797810907707
spleeter,The_Easton_Ellises_-_Falcon_69,delay_l3,delay,3,drums,7.792673935783199,7.007654746112015,-0.08150068682280054,-0.09635572497624345
spleeter,The_Easton_Ellises_-_Falcon_69,delay_l3,delay,3,bass,5.773045625303652,4.464851571554689,-0.05496949455680955,-0.06716054447365138
spleeter,The_Easton_Ellises_-_Falcon_69,delay_l3,delay,3,other,2.556588019381882,0.4914719443456467,-1.403392225247972,-1.6481139823415636
spleeter,The_Easton_Ellises_-_Falcon_69,delay_l4,delay,4,vocals,2.593878271949687,-0.8739862647152881,-2.3731597519847902,-4.180195035027841
spleeter,The_Easton_Ellises_-_Falcon_69,delay_l4,delay,4,drums,7.722539333130784,6.9260729733623725,-0.15163528947521598,-0.1779374977258863
spleeter,The_Easton_Ellises_-_Falcon_69,delay_l4,delay,4,bass,5.781124422523965,4.477717740902537,-0.04689069733649642,-0.05429437512580382
spleeter,The_Easton_Ellises_-_Falcon_69,delay_l4,delay,4,other,2.341811329838263,0.2648503874138141,-1.6181689147915912,-1.8747355392733962
spleeter,The_Easton_Ellises_-_Falcon_69,original,original,0,vocals,4.967038023934477,3.306208770312553,0.0,0.0
spleeter,The_Easton_Ellises_-_Falcon_69,original,original,0,drums,7.874174622606,7.104010471088259,0.0,0.0
spleeter,The_Easton_Ellises_-_Falcon_69,original,original,0,bass,5.828015119860462,4.532012116028341,0.0,0.0
spleeter,The_Easton_Ellises_-_Falcon_69,original,original,0,other,3.959980244629854,2.1395859266872104,0.0,0.0
spleeter,The_Easton_Ellises_-_Falcon_69,reverb_l1,reverb,1,vocals,4.515351743858898,2.6223842300730125,-0.4516862800755792,-0.6838245402395406
spleeter,The_Easton_Ellises_-_Falcon_69,reverb_l1,reverb,1,drums,7.865205029271589,7.09384771299792,-0.008969593334410497,-0.010162758090339175
spleeter,The_Easton_Ellises_-_Falcon_69,reverb_l1,reverb,1,bass,5.8363661394909885,4.5412825388549924,0.008351019630526757,0.009270422826651803
spleeter,The_Easton_Ellises_-_Falcon_69,reverb_l1,reverb,1,other,3.680676452310286,1.8081861153392054,-0.2793037923195678,-0.331399811348005
spleeter,The_Easton_Ellises_-_Falcon_69,reverb_l2,reverb,2,vocals,3.537663112847049,1.0005824727622876,-1.4293749110874283,-2.3056262975502655
spleeter,The_Easton_Ellises_-_Falcon_69,reverb_l2,reverb,2,drums,7.878878750149818,7.111263726579407,0.004704127543818437,0.007253255491148636
spleeter,The_Easton_Ellises_-_Falcon_69,reverb_l2,reverb,2,bass,5.719918278062405,4.390785091208967,-0.10809684179805679,-0.14122702481937388
spleeter,The_Easton_Ellises_-_Falcon_69,reverb_l2,reverb,2,other,3.0460085462151367,1.0939279872988152,-0.9139716984147173,-1.0456579393883951
spleeter,The_Easton_Ellises_-_Falcon_69,reverb_l3,reverb,3,vocals,3.751477934646976,1.3786735990023111,-1.215560089287501,-1.927535171310242
spleeter,The_Easton_Ellises_-_Falcon_69,reverb_l3,reverb,3,drums,7.995219305550592,7.24815550771123,0.12104468294459192,0.1441450366229713
spleeter,The_Easton_Ellises_-_Falcon_69,reverb_l3,reverb,3,bass,5.594183467445469,4.2312066899299445,-0.2338316524149926,-0.3008054260983961
spleeter,The_Easton_Ellises_-_Falcon_69,reverb_l3,reverb,3,other,3.211207467699965,1.2928600527297938,-0.7487727769298891,-0.8467258739574166
spleeter,The_Easton_Ellises_-_Falcon_69,reverb_l4,reverb,4,vocals,3.853966672346243,1.5516226905106993,-1.1130713515882342,-1.7545860798018538
spleeter,The_Easton_Ellises_-_Falcon_69,reverb_l4,reverb,4,drums,8.030312686874735,7.289263976497718,0.15613806426873555,0.1852535054094595
spleeter,The_Easton_Ellises_-_Falcon_69,reverb_l4,reverb,4,bass,5.560785735966444,4.189708835590597,-0.2672293838940174,-0.3423032804377435
spleeter,The_Easton_Ellises_-_Falcon_69,reverb_l4,reverb,4,other,3.283253910902861,1.3761964717124628,-0.6767263337269931,-0.7633894549747475
demucs,The_Easton_Ellises_-_Falcon_69,bitcrush_l1,bitcrush,1,vocals,4.713092502932465,2.9937525680726793,-0.2858091425385547,-0.4247272962569326
demucs,The_Easton_Ellises_-_Falcon_69,bitcrush_l1,bitcrush,1,drums,10.15981923636189,9.733719720756355,-0.09447595189507929,-0.10132827571426617
demucs,The_Easton_Ellises_-_Falcon_69,bitcrush_l1,bitcrush,1,bass,7.736243371399652,6.954981696988005,-0.0452241133871496,-0.05691225790437482
demucs,The_Easton_Ellises_-_Falcon_69,bitcrush_l1,bitcrush,1,other,3.8637477364766326,2.2419473388337825,-0.10466487351761078,-0.06396594311991466
demucs,The_Easton_Ellises_-_Falcon_69,bitcrush_l2,bitcrush,2,vocals,4.640480555481869,2.885444341990682,-0.3584210899891511,-0.5330355223389298
demucs,The_Easton_Ellises_-_Falcon_69,bitcrush_l2,bitcrush,2,drums,10.150117062772555,9.723731775078,-0.10417812548441496,-0.11131622139262021
demucs,The_Easton_Ellises_-_Falcon_69,bitcrush_l2,bitcrush,2,bass,7.783887477309269,7.013029212680545,0.0024199925224674956,0.0011352577881647008
demucs,The_Easton_Ellises_-_Falcon_69,bitcrush_l2,bitcrush,2,other,3.822228642310721,2.1850546372054334,-0.14618396768352238,-0.1208586447482638
demucs,The_Easton_Ellises_-_Falcon_69,bitcrush_l3,bitcrush,3,vocals,4.760254981096528,3.0746488870697446,-0.23864666437449156,-0.34383097725986733
demucs,The_Easton_Ellises_-_Falcon_69,bitcrush_l3,bitcrush,3,drums,10.12702286687629,9.698738862470258,-0.1272723213806799,-0.13630913400036349
demucs,The_Easton_Ellises_-_Falcon_69,bitcrush_l3,bitcrush,3,bass,7.75181562936499,6.9738364015521634,-0.029651855421811923,-0.03805755334021654
demucs,The_Easton_Ellises_-_Falcon_69,bitcrush_l3,bitcrush,3,other,3.893556001453415,2.272073866680489,-0.07485660854082843,-0.03383941527320822
demucs,The_Easton_Ellises_-_Falcon_69,bitcrush_l4,bitcrush,4,vocals,4.682238185063825,2.948890542130986,-0.3166634604071952,-0.46958932219862604
demucs,The_Easton_Ellises_-_Falcon_69,bitcrush_l4,bitcrush,4,drums,10.082697274526605,9.649670521752643,-0.17159791373036448,-0.18537747471797772
demucs,The_Easton_Ellises_-_Falcon_69,bitcrush_l4,bitcrush,4,bass,7.747992143880987,6.974915901144456,-0.03347534090581483,-0.036978053747923845
demucs,The_Easton_Ellises_-_Falcon_69,bitcrush_l4,bitcrush,4,other,3.8738746816565213,2.216978599488493,-0.09453792833772212,-0.08893468246520397
demucs,The_Easton_Ellises_-_Falcon_69,compression_l1,compression,1,vocals,4.813912435013727,3.1353938230046663,-0.18498921045729322,-0.28308604132494564
demucs,The_Easton_Ellises_-_Falcon_69,compression_l1,compression,1,drums,10.198384490769474,9.772312692058707,-0.05591069748749611,-0.06273530441191433
demucs,The_Easton_Ellises_-_Falcon_69,compression_l1,compression,1,bass,7.743360021735125,6.965529143228533,-0.038107463051677115,-0.04636481166384687
demucs,The_Easton_Ellises_-_Falcon_69,compression_l1,compression,1,other,3.872760963035684,2.162083754615763,-0.09565164695855932,-0.14382952733793397
demucs,The_Easton_Ellises_-_Falcon_69,compression_l2,compression,2,vocals,4.282880149812317,2.2931513499389857,-0.716021495658703,-1.1253285143906262
demucs,The_Easton_Ellises_-_Falcon_69,compression_l2,compression,2,drums,10.101961658479189,9.664624815526338,-0.15233352977778125,-0.1704231809442831
demucs,The_Easton_Ellises_-_Falcon_69,compression_l2,compression,2,bass,7.728123105351998,6.950636052779525,-0.053344379434803635,-0.06125790211285498
demucs,The_Easton_Ellises_-_Falcon_69,compression_l2,compression,2,other,3.554891383164225,1.7204259282936798,-0.4135212268300186,-0.5854873536600174
demucs,The_Easton_Ellises_-_Falcon_69,compression_l3,compression,3,vocals,4.056099961640732,1.908317705503646,-0.9428016838302877,-1.510162158825966
demucs,The_Easton_Ellises_-_Falcon_69,compression_l3,compression,3,drums,10.055918089178856,9.613426776585133,-0.19837709907811352,-0.22162121988548833
demucs,The_Easton_Ellises_-_Falcon_69,compression_l3,compression,3,bass,7.715207318880558,6.93473613742372,-0.06626016590624406,-0.07715781746865957
demucs,The_Easton_Ellises_-_Falcon_69,compression_l3,compression,3,other,3.4472976454926956,1.5786991098825252,-0.5211149645015478,-0.727214172071172
demucs,The_Easton_Ellises_-_Falcon_69,compression_l4,compression,4,vocals,4.2170029684384795,2.16809631377671,-0.7818986770325402,-1.2503835505529017
demucs,The_Easton_Ellises_-_Falcon_69,compression_l4,compression,4,drums,10.051793931940686,9.608740402117004,-0.20250125631628357,-0.22630759435361725
demucs,The_Easton_Ellises_-_Falcon_69,compression_l4,compression,4,bass,7.714049501783938,6.934168220799988,-0.06741798300286383,-0.07772573409239225
demucs,The_Easton_Ellises_-_Falcon_69,compression_l4,compression,4,other,3.578978940765922,1.7643344409058552,-0.38943366922832157,-0.5415788410478419
demucs,The_Easton_Ellises_-_Falcon_69,delay_l1,delay,1,vocals,4.663624304299122,2.919027015704807,-0.33527734117189745,-0.4994528486248049
demucs,The_Easton_Ellises_-_Falcon_69,delay_l1,delay,1,drums,10.186095369113195,9.759934059442283,-0.06819981914377493,-0.07511393702833757
demucs,The_Easton_Ellises_-_Falcon_69,delay_l1,delay,1,bass,7.756298335353311,6.980297901424289,-0.025169149433491356,-0.0315960534680908
demucs,The_Easton_Ellises_-_Falcon_69,delay_l1,delay,1,other,3.7888846936136473,2.05420487803544,-0.17952791638059606,-0.25170840391825733
demucs,The_Easton_Ellises_-_Falcon_69,delay_l2,delay,2,vocals,3.529717447113421,1.0929950624758142,-1.4691841983575986,-2.325484801853798
demucs,The_Easton_Ellises_-_Falcon_69,delay_l2,delay,2,drums,10.182139456724563,9.756030879289971,-0.07215573153240662,-0.07901711718064952
demucs,The_Easton_Ellises_-_Falcon_69,delay_l2,delay,2,bass,7.72579179606047,6.945045911551383,-0.055675688726331884,-0.06684804334099681
demucs,The_Easton_Ellises_-_Falcon_69,delay_l2,delay,2,other,2.9580183696411284,1.1240144002044181,-1.010394240353115,-1.181898881749279
demucs,The_Easton_Ellises_-_Falcon_69,delay_l3,delay,3,vocals,2.9302500376131837,-0.059539312044328094,-2.068651607857836,-3.47801917637394
demucs,The_Easton_Ellises_-_Falcon_69,delay_l3,delay,3,drums,10.114606182259626,9.679967287181658,-0.13968900599734368,-0.15508070928896345
demucs,The_Easton_Ellises_-_Falcon_69,delay_l3,delay,3,bass,7.708856709617483,6.92825899821424,-0.07261077516931902,-0.08363495667814025
demucs,The_Easton_Ellises_-_Falcon_69,delay_l3,delay,3,other,2.5548847894135838,0.6817137310167025,-1.4135278205806596,-1.6241995509369946
demucs,The_Easton_Ellises_-_Falcon_69,delay_l4,delay,4,vocals,2.4355679761067055,-1.112282345608411,-2.5633336693643143,-4.530762209938023
demucs,The_Easton_Ellises_-_Falcon_69,delay_l4,delay,4,drums,10.055451720479587,9.615653341195504,-0.19884346777738315,-0.21939465527511715
demucs,The_Easton_Ellises_-_Falcon_69,delay_l4,delay,4,bass,7.733201650359096,6.957773347579357,-0.04826583442770627,-0.05412060731302315
demucs,The_Easton_Ellises_-_Falcon_69,delay_l4,delay,4,other,2.245469153686634,0.36109890212121903,-1.7229434563076094,-1.9448143798324782
demucs,The_Easton_Ellises_-_Falcon_69,original,original,0,vocals,4.99890164547102,3.418479864329612,0.0,0.0
demucs,The_Easton_Ellises_-_Falcon_69,original,original,0,drums,10.25429518825697,9.835047996470621,0.0,0.0
demucs,The_Easton_Ellises_-_Falcon_69,original,original,0,bass,7.781467484786802,7.01189395489238,0.0,0.0
demucs,The_Easton_Ellises_-_Falcon_69,original,original,0,other,3.9684126099942434,2.305913281953697,0.0,0.0
demucs,The_Easton_Ellises_-_Falcon_69,reverb_l1,reverb,1,vocals,4.450269214068584,2.6014609653004017,-0.548632431402436,-0.8170188990292102
demucs,The_Easton_Ellises_-_Falcon_69,reverb_l1,reverb,1,drums,10.248458572259553,9.828883689750846,-0.005836615997417027,-0.00616430671977497
demucs,The_Easton_Ellises_-_Falcon_69,reverb_l1,reverb,1,bass,7.718740017588852,6.935415272728531,-0.0627274671979503,-0.07647868216384879
demucs,The_Easton_Ellises_-_Falcon_69,reverb_l1,reverb,1,other,3.586751093319451,1.8751468520673844,-0.38166151667479253,-0.43076642988631275
demucs,The_Easton_Ellises_-_Falcon_69,reverb_l2,reverb,2,vocals,2.933401010589419,0.012376244176135634,-2.0655006348816007,-3.4061036201534765
demucs,The_Easton_Ellises_-_Falcon_69,reverb_l2,reverb,2,drums,10.262409084038609,9.844810083804543,0.008113895781638902,0.009762087333921698
demucs,The_Easton_Ellises_-_Falcon_69,reverb_l2,reverb,2,bass,7.667395852236427,6.8758129590620385,-0.11407163255037478,-0.1360809958303415
demucs,The_Easton_Ellises_-_Falcon_69,reverb_l2,reverb,2,other,2.5350048555787215,0.752420205703535,-1.433407754415522,-1.5534930762501622
demucs,The_Easton_Ellises_-_Falcon_69,reverb_l3,reverb,3,vocals,2.254035481030528,-1.3840471921276178,-2.744866164440492,-4.8025270564572295
demucs,The_Easton_Ellises_-_Falcon_69,reverb_l3,reverb,3,drums,10.375841509023445,9.970683737734744,0.12154632076647509,0.1356357412641227
demucs,The_Easton_Ellises_-_Falcon_69,reverb_l3,reverb,3,bass,7.604845084640162,6.8061085146965,-0.17662240014664032,-0.2057854401958803
demucs,The_Easton_Ellises_-_Falcon_69,reverb_l3,reverb,3,other,2.0081868438466395,0.337435157900723,-1.960225766147604,-1.9684781240529743
demucs,The_Easton_Ellises_-_Falcon_69,reverb_l4,reverb,4,vocals,1.9838192422146643,-2.078304744512241,-3.0150824032563555,-5.496784608841853
demucs,The_Easton_Ellises_-_Falcon_69,reverb_l4,reverb,4,drums,10.4007241548328,9.999457559323709,0.14642896657582938,0.16440956285308772
demucs,The_Easton_Ellises_-_Falcon_69,reverb_l4,reverb,4,bass,7.590142817782224,6.785663787096978,-0.19132466700457762,-0.22623016779540173
demucs,The_Easton_Ellises_-_Falcon_69,reverb_l4,reverb,4,other,1.797266250795985,0.1999173799371175,-2.1711463591982585,-2.1059959020165797
spleeter,The_Long_Wait_-_Dark_Horses,bitcrush_l1,bitcrush,1,vocals,7.20763163938938,6.300494817153717,-0.5055258763420447,-0.6232918699916814
spleeter,The_Long_Wait_-_Dark_Horses,bitcrush_l1,bitcrush,1,drums,4.506528891189003,2.611448778762217,-0.10101707349317124,-0.15113041786014358
spleeter,The_Long_Wait_-_Dark_Horses,bitcrush_l1,bitcrush,1,bass,4.606388642190419,2.8337148344033567,-0.00819522198674516,-0.012126861679324641
spleeter,The_Long_Wait_-_Dark_Horses,bitcrush_l1,bitcrush,1,other,4.024284800695989,2.012120520301194,-0.028381611787113847,-0.04449017784074627
spleeter,The_Long_Wait_-_Dark_Horses,bitcrush_l2,bitcrush,2,vocals,7.20729793045029,6.300118379000194,-0.5058595852811347,-0.6236683081452039
spleeter,The_Long_Wait_-_Dark_Horses,bitcrush_l2,bitcrush,2,drums,4.505691867364217,2.6102295118483507,-0.10185409731795758,-0.15234968477401
spleeter,The_Long_Wait_-_Dark_Horses,bitcrush_l2,bitcrush,2,bass,4.604516650373498,2.8310932425378663,-0.010067213803665709,-0.014748453544815021
spleeter,The_Long_Wait_-_Dark_Horses,bitcrush_l2,bitcrush,2,other,4.023377274806065,2.0105875161239584,-0.029289137677038113,-0.046023182017981945
spleeter,The_Long_Wait_-_Dark_Horses,bitcrush_l3,bitcrush,3,vocals,7.2226706486571,6.319077643555325,-0.4904868670743241,-0.6047090435900735
spleeter,The_Long_Wait_-_Dark_Horses,bitcrush_l3,bitcrush,3,drums,4.4979977490619785,2.6002666684445193,-0.10954821562019568,-0.16231252817784148
spleeter,The_Long_Wait_-_Dark_Horses,bitcrush_l3,bitcrush,3,bass,4.597420531492547,2.823128788813221,-0.017163332684616783,-0.022712907269460292
spleeter,The_Long_Wait_-_Dark_Horses,bitcrush_l3,bitcrush,3,other,4.026954813293539,2.008977159392123,-0.025711599189564005,-0.04763353874981746
spleeter,The_Long_Wait_-_Dark_Horses,bitcrush_l4,bitcrush,4,vocals,6.854347254507477,5.862234277022424,-0.8588102612239474,-1.0615524101229745
spleeter,The_Long_Wait_-_Dark_Horses,bitcrush_l4,bitcrush,4,drums,4.455718823207783,2.5427089977743744,-0.15182714147439125,-0.2198701988479863
spleeter,The_Long_Wait_-_Dark_Horses,bitcrush_l4,bitcrush,4,bass,4.5977606335377,2.837608806097924,-0.016823230639464448,-0.008232889984757463
spleeter,The_Long_Wait_-_Dark_Horses,bitcrush_l4,bitcrush,4,other,3.9309827811173315,1.8519178649695387,-0.12168363136577165,-0.2046928331724016
spleeter,The_Long_Wait_-_Dark_Horses,compression_l1,compression,1,vocals,7.585399124572457,6.767776923298078,-0.12775839115896748,-0.15600976384732057
spleeter,The_Long_Wait_-_Dark_Horses,compression_l1,compression,1,drums,4.6046382371866565,2.7582362415419057,-0.002907727495517598,-0.004342955080455013
spleeter,The_Long_Wait_-_Dark_Horses,compression_l1,compression,1,bass,4.611927061277904,2.844738120182341,-0.002656802899259958,-0.0011035759003403811
spleeter,The_Long_Wait_-_Dark_Horses,compression_l1,compression,1,other,4.02959644163785,2.0167394165067853,-0.02306997084525353,-0.039871281635154965
spleeter,The_Long_Wait_-_Dark_Horses,compression_l2,compression,2,vocals,7.300840539661122,6.4155164706044605,-0.4123169760703025,-0.5082702165409376
spleeter,The_Long_Wait_-_Dark_Horses,compression_l2,compression,2,drums,4.582372673719658,2.724585332608918,-0.02517329096251597,-0.037993864013442735
spleeter,The_Long_Wait_-_Dark_Horses,compression_l2,compression,2,bass,4.5975249947159025,2.8320340021365844,-0.017058869461261672,-0.013807693946096933
spleeter,The_Long_Wait_-_Dark_Horses,compression_l2,compression,2,other,3.97894077472262,1.9276050354487113,-0.07372563776048313,-0.129005662693229
spleeter,The_Long_Wait_-_Dark_Horses,compression_l3,compression,3,vocals,7.043213037491494,6.093824800865045,-0.6699444782399304,-0.8299618862803531
spleeter,The_Long_Wait_-_Dark_Horses,compression_l3,compression,3,drums,4.546812189684441,2.67044549486078,-0.06073377499773347,-0.09213370176158087
spleeter,The_Long_Wait_-_Dark_Horses,compression_l3,compression,3,bass,4.582492695269147,2.814561542011686,-0.032091168908016776,-0.03128015407099527
spleeter,The_Long_Wait_-_Dark_Horses,compression_l3,compression,3,other,3.92436656113413,1.8439543333100048,-0.12829985134897326,-0.2126563648319355
spleeter,The_Long_Wait_-_Dark_Horses,compression_l4,compression,4,vocals,6.94496905687863,5.969196172625732,-0.7681884588527943,-0.9545905145196665
spleeter,The_Long_Wait_-_Dark_Horses,compression_l4,compression,4,drums,4.5070334148576965,2.608903586276921,-0.10051254982447766,-0.15367561034543975
spleeter,The_Long_Wait_-_Dark_Horses,compression_l4,compression,4,bass,4.579626102508143,2.804990578354702,-0.034957761669021536,-0.040851117727979336
spleeter,The_Long_Wait_-_Dark_Horses,compression_l4,compression,4,other,3.919998932514982,1.8466583291575431,-0.1326674799681209,-0.20995236898439718
spleeter,The_Long_Wait_-_Dark_Horses,delay_l1,delay,1,vocals,7.2109415412292845,6.302807429771073,-0.50221597450214,-0.6209792573743256
spleeter,The_Long_Wait_-_Dark_Horses,delay_l1,delay,1,drums,4.548514337705601,2.672717757370544,-0.05903162697657294,-0.08986143925181667
spleeter,The_Long_Wait_-_Dark_Horses,delay_l1,delay,1,bass,4.594973718263909,2.831307310509925,-0.01961014591325494,-0.014534385572756214
spleeter,The_Long_Wait_-_Dark_Horses,delay_l1,delay,1,other,3.9355369996176837,1.8659095226025004,-0.11712941286541945,-0.19070117553943988
spleeter,The_Long_Wait_-_Dark_Horses,delay_l2,delay,2,vocals,6.708811745079685,5.667164607999916,-1.0043457706517396,-1.2566220791454823
spleeter,The_Long_Wait_-_Dark_Horses,delay_l2,delay,2,drums,4.507995701154892,2.6112445695931124,-0.09955026352728247,-0.15133462702924838
spleeter,The_Long_Wait_-_Dark_Horses,delay_l2,delay,2,bass,4.574763003039182,2.817381232885985,-0.039820861137982,-0.028460463196696484
spleeter,The_Long_Wait_-_Dark_Horses,delay_l2,delay,2,other,3.804079562141202,1.6604011101329492,-0.2485868503419013,-0.3962095880089911
spleeter,The_Long_Wait_-_Dark_Horses,delay_l3,delay,3,vocals,6.0524397724368075,4.823309630299055,-1.660717743294617,-2.1004770568463433
spleeter,The_Long_Wait_-_Dark_Horses,delay_l3,delay,3,drums,4.447760375300205,2.520527561295902,-0.1597855893819693,-0.24205163532645857
spleeter,The_Long_Wait_-_Dark_Horses,delay_l3,delay,3,bass,4.515282204074812,2.746436567484598,-0.09930166010235197,-0.09940512859808326
spleeter,The_Long_Wait_-_Dark_Horses,delay_l3,delay,3,other,3.595215400183802,1.3427935422054358,-0.45745101229930096,-0.7138171559365045
spleeter,The_Long_Wait_-_Dark_Horses,delay_l4,delay,4,vocals,5.380659518387072,3.937285181934096,-2.332497997344353,-2.986501505211302
spleeter,The_Long_Wait_-_Dark_Horses,delay_l4,delay,4,drums,4.364623906167235,2.3988500983818954,-0.24292205851493875,-0.3637290982404653
spleeter,The_Long_Wait_-_Dark_Horses,delay_l4,delay,4,bass,4.443296245787481,2.656447704286136,-0.17128761838968298,-0.18939399179654526
spleeter,The_Long_Wait_-_Dark_Horses,delay_l4,delay,4,other,3.351386039932118,0.9736774351646899,-0.7012803725509853,-1.0829332629772503
spleeter,The_Long_Wait_-_Dark_Horses,original,original,0,vocals,7.7131575157314245,6.923786687145398,0.0,0.0
spleeter,The_Long_Wait_-_Dark_Horses,original,original,0,drums,4.607545964682174,2.7625791966223607,0.0,0.0
spleeter,The_Long_Wait_-_Dark_Horses,original,original,0,bass,4.614583864177164,2.8458416960826813,0.0,0.0
spleeter,The_Long_Wait_-_Dark_Horses,original,original,0,other,4.052666412483103,2.0566106981419403,0.0,0.0
spleeter,The_Long_Wait_-_Dark_Horses,reverb_l1,reverb,1,vocals,7.451070952621278,6.603183487677753,-0.2620865631101461,-0.32060319946764526
spleeter,The_Long_Wait_-_Dark_Horses,reverb_l1,reverb,1,drums,4.599174991363113,2.7496277848999915,-0.008370973319061115,-0.012951411722369244
spleeter,The_Long_Wait_-_Dark_Horses,reverb_l1,reverb,1,bass,4.617142983007336,2.85733895700681,0.0025591188301721246,0.011497260924128838
spleeter,The_Long_Wait_-_Dark_Horses,reverb_l1,reverb,1,other,4.003936211680692,1.9792306523655565,-0.04873020080241108,-0.0773800457763838
spleeter,The_Long_Wait_-_Dark_Horses,reverb_l2,reverb,2,vocals,6.471917299946713,5.363736577504921,-1.2412402157847113,-1.5600501096404775
spleeter,The_Long_Wait_-_Dark_Horses,reverb_l2,reverb,2,drums,4.535616387555098,2.651944554739087,-0.07192957712707582,-0.11063464188327377
spleeter,The_Long_Wait_-_Dark_Horses,reverb_l2,reverb,2,bass,4.576737982127349,2.8194439877046236,-0.037845882049815316,-0.02639770837805777
spleeter,The_Long_Wait_-_Dark_Horses,reverb_l2,reverb,2,other,3.733794756957823,1.589420741234023,-0.31887165552527996,-0.4671899569079172
spleeter,The_Long_Wait_-_Dark_Horses,reverb_l3,reverb,3,vocals,6.187644418850786,4.99264433308092,-1.5255130968806387,-1.9311423540644785
spleeter,The_Long_Wait_-_Dark_Horses,reverb_l3,reverb,3,drums,4.54902453654317,2.672703458350321,-0.05852142813900407,-0.08987573827203965
spleeter,The_Long_Wait_-_Dark_Horses,reverb_l3,reverb,3,bass,4.527947602363962,2.7482753365096526,-0.08663626181320172,-0.09756635957302873
spleeter,The_Long_Wait_-_Dark_Horses,reverb_l3,reverb,3,other,3.6084687674080156,1.4202825459663468,-0.4441976450750875,-0.6363281521755935
spleeter,The_Long_Wait_-_Dark_Horses,reverb_l4,reverb,4,vocals,6.246579355068873,5.070104208414198,-1.4665781606625519,-1.8536824787312005
spleeter,The_Long_Wait_-_Dark_Horses,reverb_l4,reverb,4,drums,4.570241123659549,2.705261671587531,-0.037304841022625546,-0.057317525034829675
spleeter,The_Long_Wait_-_Dark_Horses,reverb_l4,reverb,4,bass,4.531328296636618,2.74787572473811,-0.08325556754054642,-0.0979659713445713
spleeter,The_Long_Wait_-_Dark_Horses,reverb_l4,reverb,4,other,3.6224501194137066,1.4510286183822327,-0.43021629306939646,-0.6055820797597076
demucs,The_Long_Wait_-_Dark_Horses,bitcrush_l1,bitcrush,1,vocals,9.179589831643343,8.620526522781045,-0.5276682925238472,-0.6011789976881499
demucs,The_Long_Wait_-_Dark_Horses,bitcrush_l1,bitcrush,1,drums,8.681831521178278,8.074872475864689,-0.20133318996720462,-0.22350319667376795
demucs,The_Long_Wait_-_Dark_Horses,bitcrush_l1,bitcrush,1,bass,8.775987048341293,8.158766384427663,-0.06162379942535168,-0.07151056344665463
demucs,The_Long_Wait_-_Dark_Horses,bitcrush_l1,bitcrush,1,other,6.9276166344662435,6.015949638451059,-0.09819123794873796,-0.11184532457472507
demucs,The_Long_Wait_-_Dark_Horses,bitcrush_l2,bitcrush,2,vocals,9.161607197370484,8.600043884200176,-0.5456509267967053,-0.6216616362690193
demucs,The_Long_Wait_-_Dark_Horses,bitcrush_l2,bitcrush,2,drums,8.72234781957702,8.119650339638772,-0.16081689156846224,-0.17872533289968473
demucs,The_Long_Wait_-_Dark_Horses,bitcrush_l2,bitcrush,2,bass,8.751759532273432,8.130602018040966,-0.0858513154932119,-0.09967492983335191
demucs,The_Long_Wait_-_Dark_Horses,bitcrush_l2,bitcrush,2,other,6.913398515678092,5.999713247641109,-0.11240935673688934,-0.12808171538467494
demucs,The_Long_Wait_-_Dark_Horses,bitcrush_l3,bitcrush,3,vocals,9.136348871346994,8.571289437540567,-0.5709092528201953,-0.6504160829286274
demucs,The_Long_Wait_-_Dark_Horses,bitcrush_l3,bitcrush,3,drums,8.720041559119037,8.11518425720751,-0.16312315202644534,-0.1831914153309473
demucs,The_Long_Wait_-_Dark_Horses,bitcrush_l3,bitcrush,3,bass,8.819433859738268,8.209040827309103,-0.018176988028375973,-0.021236120565214733
demucs,The_Long_Wait_-_Dark_Horses,bitcrush_l3,bitcrush,3,other,6.943569526799868,6.037800341131909,-0.08223834561511367,-0.08999462189387497
demucs,The_Long_Wait_-_Dark_Horses,bitcrush_l4,bitcrush,4,vocals,8.659972058953805,8.029273447701824,-1.0472860652133846,-1.192432072767371
demucs,The_Long_Wait_-_Dark_Horses,bitcrush_l4,bitcrush,4,drums,8.48078092782287,7.8528965275938925,-0.4023837833226125,-0.44547914494456453
demucs,The_Long_Wait_-_Dark_Horses,bitcrush_l4,bitcrush,4,bass,8.755862644575256,8.135890391303343,-0.08174820319138831,-0.09438655657097428
demucs,The_Long_Wait_-_Dark_Horses,bitcrush_l4,bitcrush,4,other,6.814757072126429,5.877687028937807,-0.21105080028855294,-0.2501079340879775
demucs,The_Long_Wait_-_Dark_Horses,compression_l1,compression,1,vocals,9.612764198634745,9.115487246467426,-0.09449392553244529,-0.10621827400176898
demucs,The_Long_Wait_-_Dark_Horses,compression_l1,compression,1,drums,8.849727146696843,8.261384615765024,-0.03343756444863999,-0.03699105677343262
demucs,The_Long_Wait_-_Dark_Horses,compression_l1,compression,1,bass,8.82066286111185,8.210642021041721,-0.016947986654793468,-0.019634926832596378
demucs,The_Long_Wait_-_Dark_Horses,compression_l1,compression,1,other,6.989095318634567,6.08410607944501,-0.036712553780414936,-0.043688883580774274
demucs,The_Long_Wait_-_Dark_Horses,compression_l2,compression,2,vocals,9.33018161809976,8.794895572099762,-0.3770765060674304,-0.4268099483694332
demucs,The_Long_Wait_-_Dark_Horses,compression_l2,compression,2,drums,8.870874282430973,8.287247740856511,-0.01229042871450936,-0.011127931681945924
demucs,The_Long_Wait_-_Dark_Horses,compression_l2,compression,2,bass,8.737087730652872,8.11362292054922,-0.10052311711377193,-0.11665402732509733
demucs,The_Long_Wait_-_Dark_Horses,compression_l2,compression,2,other,6.877584740729425,5.945900175851352,-0.14822313168555645,-0.18189478717443208
demucs,The_Long_Wait_-_Dark_Horses,compression_l3,compression,3,vocals,8.972922867723353,8.388002620350601,-0.7343352564438366,-0.8337029001185936
demucs,The_Long_Wait_-_Dark_Horses,compression_l3,compression,3,drums,8.833350038812993,8.243363064942837,-0.04981467233248971,-0.055012607595619656
demucs,The_Long_Wait_-_Dark_Horses,compression_l3,compression,3,bass,8.704329915838585,8.07569972591159,-0.13328093192805923,-0.15457722196272705
demucs,The_Long_Wait_-_Dark_Horses,compression_l3,compression,3,other,6.78785423530781,5.837570332521094,-0.23795363710717155,-0.2902246305046905
demucs,The_Long_Wait_-_Dark_Horses,compression_l4,compression,4,vocals,8.845195318117048,8.239317257492276,-0.8620628060501421,-0.9823882629769187
demucs,The_Long_Wait_-_Dark_Horses,compression_l4,compression,4,drums,8.827276110635827,8.237497346080042,-0.05588860050965572,-0.06087832645841473
demucs,The_Long_Wait_-_Dark_Horses,compression_l4,compression,4,bass,8.709483750539292,8.081693574172588,-0.1281270972273525,-0.14858337370172947
demucs,The_Long_Wait_-_Dark_Horses,compression_l4,compression,4,other,6.758122689907529,5.806520593277468,-0.2676851825074529,-0.32127436974831625
demucs,The_Long_Wait_-_Dark_Horses,delay_l1,delay,1,vocals,9.00614887245335,8.425208310800379,-0.7011092517138398,-0.7964972096688161
demucs,The_Long_Wait_-_Dark_Horses,delay_l1,delay,1,drums,8.819864228150859,8.227589190439069,-0.06330048299462376,-0.07078648209938798
demucs,The_Long_Wait_-_Dark_Horses,delay_l1,delay,1,bass,8.717538765627644,8.09102648063298,-0.120072082139,-0.13925046724133772
demucs,The_Long_Wait_-_Dark_Horses,delay_l1,delay,1,other,6.792330863235763,5.841501002843128,-0.23347700917921888,-0.2862939601826566
demucs,The_Long_Wait_-_Dark_Horses,delay_l2,delay,2,vocals,8.202561368168217,7.492463143269134,-1.5046967559989728,-1.7292423772000607
demucs,The_Long_Wait_-_Dark_Horses,delay_l2,delay,2,drums,8.710385005087025,8.102968385817857,-0.17277970605845816,-0.19540728672060048
demucs,The_Long_Wait_-_Dark_Horses,delay_l2,delay,2,bass,8.805038645531043,8.19281740329746,-0.032572202235600756,-0.037459544576858406
demucs,The_Long_Wait_-_Dark_Horses,delay_l2,delay,2,other,6.573109207646982,5.566005425283863,-0.4526986647679996,-0.5617895377419213
demucs,The_Long_Wait_-_Dark_Horses,delay_l3,delay,3,vocals,7.585755239639118,6.755357166258822,-2.1215028845280717,-2.466348354210373
demucs,The_Long_Wait_-_Dark_Horses,delay_l3,delay,3,drums,8.710413757930425,8.098564446755265,-0.17275095321505773,-0.19981122578319166
demucs,The_Long_Wait_-_Dark_Horses,delay_l3,delay,3,bass,8.692359046311761,8.061931981475755,-0.14525180145488292,-0.16834496639856233
demucs,The_Long_Wait_-_Dark_Horses,delay_l3,delay,3,other,6.328148475220027,5.261042120914981,-0.6976593971949541,-0.8667528421108033
demucs,The_Long_Wait_-_Dark_Horses,delay_l4,delay,4,vocals,7.075728691442023,6.1278724246227325,-2.6315294327251664,-3.0938330958464624
demucs,The_Long_Wait_-_Dark_Horses,delay_l4,delay,4,drums,8.56812769721458,7.935866726713593,-0.3150370139309029,-0.3625089458248638
demucs,The_Long_Wait_-_Dark_Horses,delay_l4,delay,4,bass,8.721699849910232,8.095862844415288,-0.11591099785641212,-0.13441410345902938
demucs,The_Long_Wait_-_Dark_Horses,delay_l4,delay,4,other,6.161541485538324,5.034055829863623,-0.8642663868766576,-1.0937391331621615
demucs,The_Long_Wait_-_Dark_Horses,original,original,0,vocals,9.70725812416719,9.221705520469195,0.0,0.0
demucs,The_Long_Wait_-_Dark_Horses,original,original,0,drums,8.883164711145483,8.298375672538457,0.0,0.0
demucs,The_Long_Wait_-_Dark_Horses,original,original,0,bass,8.837610847766644,8.230276947874318,0.0,0.0
demucs,The_Long_Wait_-_Dark_Horses,original,original,0,other,7.0258078724149815,6.127794963025784,0.0,0.0
demucs,The_Long_Wait_-_Dark_Horses,reverb_l1,reverb,1,vocals,9.320579738882214,8.783594350250436,-0.38667838528497533,-0.4381111702187592
demucs,The_Long_Wait_-_Dark_Horses,reverb_l1,reverb,1,drums,8.85481042705502,8.269737129994015,-0.028354284090463366,-0.028638542544442203
demucs,The_Long_Wait_-_Dark_Horses,reverb_l1,reverb,1,bass,8.75500976469097,8.134631986268413,-0.08260108307567471,-0.0956449616059043
demucs,The_Long_Wait_-_Dark_Horses,reverb_l1,reverb,1,other,6.885984146898504,5.958355222749738,-0.13982372551647781,-0.16943974027604636
demucs,The_Long_Wait_-_Dark_Horses,reverb_l2,reverb,2,vocals,7.882996670241191,7.11418982834984,-1.824261453925999,-2.107515692119355
demucs,The_Long_Wait_-_Dark_Horses,reverb_l2,reverb,2,drums,8.848702522432117,8.258269837744157,-0.03446218871336626,-0.040105834794299966
demucs,The_Long_Wait_-_Dark_Horses,reverb_l2,reverb,2,bass,8.743437074572622,8.12098812603942,-0.0941737731940222,-0.10928882183489819
demucs,The_Long_Wait_-_Dark_Horses,reverb_l2,reverb,2,other,6.436748486730598,5.433248062830992,-0.5890593856843838,-0.6945469001947924
demucs,The_Long_Wait_-_Dark_Horses,reverb_l3,reverb,3,vocals,7.481636607502073,6.631115733212387,-2.225621516665117,-2.5905897872568078
demucs,The_Long_Wait_-_Dark_Horses,reverb_l3,reverb,3,drums,8.916247370718086,8.336022743192792,0.033082659572603035,0.03764707065433548
demucs,The_Long_Wait_-_Dark_Horses,reverb_l3,reverb,3,bass,8.688610131875752,8.057745310325798,-0.14900071589089237,-0.17253163754851997
demucs,The_Long_Wait_-_Dark_Horses,reverb_l3,reverb,3,other,6.265681142038532,5.233086508743241,-0.7601267303764496,-0.8947084542825428
demucs,The_Long_Wait_-_Dark_Horses,reverb_l4,reverb,4,vocals,7.412354023169137,6.551182053063512,-2.2949041009980524,-2.6705234674056832
demucs,The_Long_Wait_-_Dark_Horses,reverb_l4,reverb,4,drums,8.884675191667963,8.300487748222205,0.001510480522480151,0.002112075683747605
demucs,The_Long_Wait_-_Dark_Horses,reverb_l4,reverb,4,bass,8.778386463439873,8.16176201206146,-0.059224384326771684,-0.06851493581285695
demucs,The_Long_Wait_-_Dark_Horses,reverb_l4,reverb,4,other,6.257693783720988,5.236640310594573,-0.7681140886939932,-0.8911546524312115
spleeter,The_Mountaineering_Club_-_Mallory,bitcrush_l1,bitcrush,1,vocals,8.947192492954493,8.424093812455855,-0.42902682077958154,-0.4967532836482089
spleeter,The_Mountaineering_Club_-_Mallory,bitcrush_l1,bitcrush,1,drums,5.004231374169415,3.4056343827435436,0.009071492617812815,0.012297443809779374
spleeter,The_Mountaineering_Club_-_Mallory,bitcrush_l1,bitcrush,1,bass,6.244958041763188,5.091295916600913,0.008756680038772835,0.010200033978850165
spleeter,The_Mountaineering_Club_-_Mallory,bitcrush_l1,bitcrush,1,other,5.88026034758926,4.865928821358027,-0.0421333737272267,-0.047803638824505335
spleeter,The_Mountaineering_Club_-_Mallory,bitcrush_l2,bitcrush,2,vocals,8.940830632929448,8.417080062060776,-0.43538868080462656,-0.5037670340432872
spleeter,The_Mountaineering_Club_-_Mallory,bitcrush_l2,bitcrush,2,drums,5.004728915700577,3.4064391827204754,0.009569034148974254,0.01310224378671121
spleeter,The_Mountaineering_Club_-_Mallory,bitcrush_l2,bitcrush,2,bass,6.2454442453212655,5.0918249253144765,0.009242883596850326,0.010729042692413593
spleeter,The_Mountaineering_Club_-_Mallory,bitcrush_l2,bitcrush,2,other,5.879364239045005,4.864700938691403,-0.04302948227148207,-0.04903152149112966
spleeter,The_Mountaineering_Club_-_Mallory,bitcrush_l3,bitcrush,3,vocals,8.901858452525545,8.372883644845379,-0.47436086120852927,-0.5479634512586848
spleeter,The_Mountaineering_Club_-_Mallory,bitcrush_l3,bitcrush,3,drums,5.010093818128379,3.4142307229360935,0.014933936576776219,0.02089378400232933
spleeter,The_Mountaineering_Club_-_Mallory,bitcrush_l3,bitcrush,3,bass,6.250398817473373,5.097757227333771,0.014197455748957921,0.016661344711708104
spleeter,The_Mountaineering_Club_-_Mallory,bitcrush_l3,bitcrush,3,other,5.870281260203319,4.854547231970757,-0.05211246111316825,-0.059185228211775076
spleeter,The_Mountaineering_Club_-_Mallory,bitcrush_l4,bitcrush,4,vocals,8.588686455873617,7.998382172584423,-0.787532857860457,-0.9224649235196409
spleeter,The_Mountaineering_Club_-_Mallory,bitcrush_l4,bitcrush,4,drums,4.985050814193697,3.372827655550281,-0.010109067357905843,-0.020509283383483012
spleeter,The_Mountaineering_Club_-_Mallory,bitcrush_l4,bitcrush,4,bass,6.280391523698742,5.135466963065268,0.04419016197432679,0.05437108044320471
spleeter,The_Mountaineering_Club_-_Mallory,bitcrush_l4,bitcrush,4,other,5.8307347023066995,4.814416950292063,-0.09165901900978746,-0.09931550989046922
spleeter,The_Mountaineering_Club_-_Mallory,compression_l1,compression,1,vocals,9.199281553193355,8.724896449036017,-0.17693776054071897,-0.195950647068047
spleeter,The_Mountaineering_Club_-_Mallory,compression_l1,compression,1,drums,5.00478764497694,3.407378672663126,0.009627763425337221,0.014041733729361905
spleeter,The_Mountaineering_Club_-_Mallory,compression_l1,compression,1,bass,6.252462785869062,5.102859551040116,0.016261424144646597,0.021763668418053328
spleeter,The_Mountaineering_Club_-_Mallory,compression_l1,compression,1,other,5.928172987036674,4.9084609635305245,0.0057792657201867215,-0.00527149665200799
spleeter,The_Mountaineering_Club_-_Mallory,compression_l2,compression,2,vocals,8.721683339356117,8.186987704648976,-0.6545359743779571,-0.7338593914550877
spleeter,The_Mountaineering_Club_-_Mallory,compression_l2,compression,2,drums,5.014795746747761,3.422865513952403,0.019635865196158342,0.029528575018638925
spleeter,The_Mountaineering_Club_-_Mallory,compression_l2,compression,2,bass,6.246244434943835,5.094720215664397,0.01004307321941944,0.013624333042334236
spleeter,The_Mountaineering_Club_-_Mallory,compression_l2,compression,2,other,5.874769706220565,4.824705205755206,-0.047624015095921735,-0.08902725442732695
spleeter,The_Mountaineering_Club_-_Mallory,compression_l3,compression,3,vocals,8.328679265132417,7.719690973982107,-1.0475400486016575,-1.2011561221219562
spleeter,The_Mountaineering_Club_-_Mallory,compression_l3,compression,3,drums,4.986773835870811,3.3797965239313976,-0.008386045680791376,-0.01354041500236658
spleeter,The_Mountaineering_Club_-_Mallory,compression_l3,compression,3,bass,6.218844576948312,5.060125137460285,-0.01735678477610314,-0.02097074516177777
spleeter,The_Mountaineering_Club_-_Mallory,compression_l3,compression,3,other,5.802089202403064,4.732884247223862,-0.12030451891342331,-0.18084821295867037
spleeter,The_Mountaineering_Club_-_Mallory,compression_l4,compression,4,vocals,8.50646182634764,7.893349622096349,-0.8697574873864333,-1.0274974740077143
spleeter,The_Mountaineering_Club_-_Mallory,compression_l4,compression,4,drums,4.885208890543788,3.228384618576632,-0.10995099100781491,-0.16495232035713236
spleeter,The_Mountaineering_Club_-_Mallory,compression_l4,compression,4,bass,6.228071779761702,5.084511951181646,-0.008129581962712962,0.0034160685595834295
spleeter,The_Mountaineering_Club_-_Mallory,compression_l4,compression,4,other,5.914153879615172,4.883337673500693,-0.00823984170131542,-0.030394786681839925
spleeter,The_Mountaineering_Club_-_Mallory,delay_l1,delay,1,vocals,9.077634184479361,8.567709503298161,-0.2985851292547128,-0.3531375928059024
spleeter,The_Mountaineering_Club_-_Mallory,delay_l1,delay,1,drums,5.031232769534984,3.443634421377815,0.03607288798338182,0.05029748244405097
spleeter,The_Mountaineering_Club_-_Mallory,delay_l1,delay,1,bass,6.222460348147881,5.064225184784755,-0.013741013576534122,-0.01687069783730788
spleeter,The_Mountaineering_Club_-_Mallory,delay_l1,delay,1,other,5.814041885100575,4.783669450786993,-0.10835183621591238,-0.13006300939553928
spleeter,The_Mountaineering_Club_-_Mallory,delay_l2,delay,2,vocals,8.210855602983338,7.560526038307617,-1.1653637107507357,-1.3603210577964466
spleeter,The_Mountaineering_Club_-_Mallory,delay_l2,delay,2,drums,5.000029814374321,3.396475985785882,0.004869932822718859,0.003139046852117744
spleeter,The_Mountaineering_Club_-_Mallory,delay_l2,delay,2,bass,6.218321139901378,5.059153048471135,-0.017880221823037168,-0.021942834150928014
spleeter,The_Mountaineering_Club_-_Mallory,delay_l2,delay,2,other,5.660116825849936,4.566547125634906,-0.26227689546655064,-0.34718533454762657
spleeter,The_Mountaineering_Club_-_Mallory,delay_l3,delay,3,vocals,7.564865947984836,6.7998175606125475,-1.8113533657492384,-2.121029535491516
spleeter,The_Mountaineering_Club_-_Mallory,delay_l3,delay,3,drums,5.05182862361523,3.4763783381008073,0.0566687420636276,0.08304139916704312
spleeter,The_Mountaineering_Club_-_Mallory,delay_l3,delay,3,bass,6.155168317600581,4.975660251892577,-0.08103304412383405,-0.10543563072948547
spleeter,The_Mountaineering_Club_-_Mallory,delay_l3,delay,3,other,5.309546441509153,4.134104661640953,-0.6128472798073341,-0.7796277985415792
spleeter,The_Mountaineering_Club_-_Mallory,delay_l4,delay,4,vocals,7.183283675858539,6.316954641330752,-2.192935637875535,-2.6038924547733115
spleeter,The_Mountaineering_Club_-_Mallory,delay_l4,delay,4,drums,5.0422188845590075,3.4554863700057012,0.047059003007404954,0.062149431071937045
spleeter,The_Mountaineering_Club_-_Mallory,delay_l4,delay,4,bass,6.0427977532850665,4.826627483941754,-0.19340360843934867,-0.25446839868030935
spleeter,The_Mountaineering_Club_-_Mallory,delay_l4,delay,4,other,5.01750591950638,3.8092775554258766,-0.9048878018101068,-1.1044549047566559
spleeter,The_Mountaineering_Club_-_Mallory,original,original,0,vocals,9.376219313734074,8.920847096104064,0.0,0.0
spleeter,The_Mountaineering_Club_-_Mallory,original,original,0,drums,4.9951598815516025,3.393336938933764,0.0,0.0
spleeter,The_Mountaineering_Club_-_Mallory,original,original,0,bass,6.236201361724415,5.081095882622063,0.0,0.0
spleeter,The_Mountaineering_Club_-_Mallory,original,original,0,other,5.922393721316487,4.9137324601825325,0.0,0.0
spleeter,The_Mountaineering_Club_-_Mallory,reverb_l1,reverb,1,vocals,9.030886673200733,8.522749796674658,-0.345332640533341,-0.39809729942940564
spleeter,The_Mountaineering_Club_-_Mallory,reverb_l1,reverb,1,drums,5.039917851010766,3.4608796331331693,0.04475796945916333,0.06754269419940506
spleeter,The_Mountaineering_Club_-_Mallory,reverb_l1,reverb,1,bass,6.172131126887842,4.99607978316656,-0.06407023483657337,-0.08501609945550292
spleeter,The_Mountaineering_Club_-_Mallory,reverb_l1,reverb,1,other,5.718470468670965,4.682774158469972,-0.2039232526455219,-0.23095830171256093
spleeter,The_Mountaineering_Club_-_Mallory,reverb_l2,reverb,2,vocals,7.477627455812081,6.665319189879036,-1.8985918579219927,-2.2555279062250273
spleeter,The_Mountaineering_Club_-_Mallory,reverb_l2,reverb,2,drums,5.091661756456903,3.532621674310816,0.09650187490530016,0.13928473537705166
spleeter,The_Mountaineering_Club_-_Mallory,reverb_l2,reverb,2,bass,6.057259640691646,4.850223905729992,-0.1789417210327695,-0.23087197689207084
spleeter,The_Mountaineering_Club_-_Mallory,reverb_l2,reverb,2,other,5.271341979883401,4.171673381083254,-0.6510517414330863,-0.7420590790992785
spleeter,The_Mountaineering_Club_-_Mallory,reverb_l3,reverb,3,vocals,6.7985111382076635,5.804631602747668,-2.5777081755264106,-3.1162154933563952
spleeter,The_Mountaineering_Club_-_Mallory,reverb_l3,reverb,3,drums,5.093349176270189,3.535853266552809,0.09818929471858606,0.14251632761904487
spleeter,The_Mountaineering_Club_-_Mallory,reverb_l3,reverb,3,bass,5.917732226867898,4.666622242491371,-0.3184691348565174,-0.41447364013069166
spleeter,The_Mountaineering_Club_-_Mallory,reverb_l3,reverb,3,other,5.100995948395925,4.002326987771699,-0.8213977729205624,-0.9114054724108334
spleeter,The_Mountaineering_Club_-_Mallory,reverb_l4,reverb,4,vocals,6.708260196128318,5.6859534000354,-2.667959117605756,-3.2348936960686636
spleeter,The_Mountaineering_Club_-_Mallory,reverb_l4,reverb,4,drums,5.083565146574337,3.522007257363504,0.08840526502273427,0.12867031842973997
spleeter,The_Mountaineering_Club_-_Mallory,reverb_l4,reverb,4,bass,5.8885436021818505,4.631073426176898,-0.3476577595425647,-0.4500224564451649
spleeter,The_Mountaineering_Club_-_Mallory,reverb_l4,reverb,4,other,5.075030915229764,3.9805356626428163,-0.8473628060867231,-0.9331967975397162
demucs,The_Mountaineering_Club_-_Mallory,bitcrush_l1,bitcrush,1,vocals,11.91272693639493,11.624116348698696,-0.17668037918957147,-0.19027664186137194
demucs,The_Mountaineering_Club_-_Mallory,bitcrush_l1,bitcrush,1,drums,12.692867132426905,12.481507695329764,-0.07519456537683311,-0.07978231787470769
demucs,The_Mountaineering_Club_-_Mallory,bitcrush_l1,bitcrush,1,bass,11.969647940289313,11.686329158876454,0.03763366278380076,0.04077885354461941
demucs,The_Mountaineering_Club_-_Mallory,bitcrush_l1,bitcrush,1,other,8.04508803087568,7.349133559326533,0.0003732071494919609,0.007318528668679214
demucs,The_Mountaineering_Club_-_Mallory,bitcrush_l2,bitcrush,2,vocals,11.895489193066558,11.605560696700524,-0.19391812251794427,-0.20883229385954394
demucs,The_Mountaineering_Club_-_Mallory,bitcrush_l2,bitcrush,2,drums,12.684383756708051,12.471437012211439,-0.08367794109568649,-0.08985300099303295
demucs,The_Mountaineering_Club_-_Mallory,bitcrush_l2,bitcrush,2,bass,11.970741121717861,11.685995498696329,0.03872684421234851,0.04044519336449426
demucs,The_Mountaineering_Club_-_Mallory,bitcrush_l2,bitcrush,2,other,8.039700850709227,7.337350890931765,-0.00501397301696116,-0.004464139726088945
demucs,The_Mountaineering_Club_-_Mallory,bitcrush_l3,bitcrush,3,vocals,11.850436463777596,11.557488831523548,-0.23897085180690603,-0.25690415903651953
demucs,The_Mountaineering_Club_-_Mallory,bitcrush_l3,bitcrush,3,drums,12.68334518185348,12.471846659606847,-0.08471651595025698,-0.08944335359762512
demucs,The_Mountaineering_Club_-_Mallory,bitcrush_l3,bitcrush,3,bass,12.016125730116197,11.734180726861753,0.08411145261068498,0.08863042152991873
demucs,The_Mountaineering_Club_-_Mallory,bitcrush_l3,bitcrush,3,other,8.059789359506638,7.357331834150578,0.015074535780449594,0.015516803492724662
demucs,The_Mountaineering_Club_-_Mallory,bitcrush_l4,bitcrush,4,vocals,11.187786674134259,10.844909454903046,-0.9016206414502435,-0.9694835356570213
demucs,The_Mountaineering_Club_-_Mallory,bitcrush_l4,bitcrush,4,drums,12.594657490321246,12.377261192104527,-0.1734042074824913,-0.184028821099945
demucs,The_Mountaineering_Club_-_Mallory,bitcrush_l4,bitcrush,4,bass,12.012593648566616,11.73053068850773,0.0805793710611038,0.08498038317589618
demucs,The_Mountaineering_Club_-_Mallory,bitcrush_l4,bitcrush,4,other,7.9384851606794715,7.219685947799013,-0.106229663046717,-0.12212908285884083
demucs,The_Mountaineering_Club_-_Mallory,compression_l1,compression,1,vocals,11.97423789985418,11.692036123667267,-0.11516941573032291,-0.12235686689280101
demucs,The_Mountaineering_Club_-_Mallory,compression_l1,compression,1,drums,12.68464492367335,12.474027393145235,-0.08341677413038795,-0.0872626200592368
demucs,The_Mountaineering_Club_-_Mallory,compression_l1,compression,1,bass,11.969590808835882,11.68526317585886,0.037576531330369534,0.03971287052702621
demucs,The_Mountaineering_Club_-_Mallory,compression_l1,compression,1,other,8.07579918684225,7.3739836594709285,0.031084363116061553,0.03216862881307492
demucs,The_Mountaineering_Club_-_Mallory,compression_l2,compression,2,vocals,11.426931447482858,11.104479819869562,-0.6624758681016445,-0.7099131706905055
demucs,The_Mountaineering_Club_-_Mallory,compression_l2,compression,2,drums,12.665089095669625,12.448660260338114,-0.10297260213411263,-0.11262975286635779
demucs,The_Mountaineering_Club_-_Mallory,compression_l2,compression,2,bass,11.925949009791772,11.63941015006266,-0.0060652677137404964,-0.006140155269173775
demucs,The_Mountaineering_Club_-_Mallory,compression_l2,compression,2,other,7.949798634470354,7.220750162073316,-0.09491618925583456,-0.12106486858453724
demucs,The_Mountaineering_Club_-_Mallory,compression_l3,compression,3,vocals,11.005222056533823,10.647683705318114,-1.0841852590506793,-1.1667092852419536
demucs,The_Mountaineering_Club_-_Mallory,compression_l3,compression,3,drums,12.541804831583978,12.320137972643636,-0.22625686621976016,-0.24115204056083606
demucs,The_Mountaineering_Club_-_Mallory,compression_l3,compression,3,bass,12.00810546929279,11.726128590191774,0.07609119178727752,0.08057828485993923
demucs,The_Mountaineering_Club_-_Mallory,compression_l3,compression,3,other,7.9855710714413695,7.2573197197568975,-0.05914375228481905,-0.08449531090095608
demucs,The_Mountaineering_Club_-_Mallory,compression_l4,compression,4,vocals,11.359205364297688,11.029768636728246,-0.7302019512868139,-0.7846243538318216
demucs,The_Mountaineering_Club_-_Mallory,compression_l4,compression,4,drums,12.574339536769727,12.352110591882823,-0.1937221610340103,-0.20917942132164846
demucs,The_Mountaineering_Club_-_Mallory,compression_l4,compression,4,bass,12.015525329978828,11.733930263090695,0.08351105247331603,0.08837995775886043
demucs,The_Mountaineering_Club_-_Mallory,compression_l4,compression,4,other,8.077951542653029,7.3735696996203846,0.033236718926840325,0.031754668962530985
demucs,The_Mountaineering_Club_-_Mallory,delay_l1,delay,1,vocals,11.304012797044676,10.970359552095541,-0.7853945185398263,-0.8440334384645265
demucs,The_Mountaineering_Club_-_Mallory,delay_l1,delay,1,drums,12.647809587260358,12.439041984130517,-0.12025211054337959,-0.12224802907395471
demucs,The_Mountaineering_Club_-_Mallory,delay_l1,delay,1,bass,11.92555491631262,11.637906854238198,-0.0064593611928920325,-0.007643451093636955
demucs,The_Mountaineering_Club_-_Mallory,delay_l1,delay,1,other,7.913286193602117,7.186277460052177,-0.1314286301240717,-0.1555375706056763
demucs,The_Mountaineering_Club_-_Mallory,delay_l2,delay,2,vocals,10.431505460248898,10.019759423361531,-1.657901855335604,-1.7946335671985363
demucs,The_Mountaineering_Club_-_Mallory,delay_l2,delay,2,drums,12.56510576251882,12.349931705054427,-0.2029559352849173,-0.21135830815004475
demucs,The_Mountaineering_Club_-_Mallory,delay_l2,delay,2,bass,11.913855714920633,11.625462089070487,-0.01815856258487969,-0.020088216261347824
demucs,The_Mountaineering_Club_-_Mallory,delay_l2,delay,2,other,7.807597006269469,7.053355119852169,-0.23711781745671967,-0.28845991080568467
demucs,The_Mountaineering_Club_-_Mallory,delay_l3,delay,3,vocals,9.876351278226377,9.404906106693865,-2.2130560373581254,-2.4094868838662027
demucs,The_Mountaineering_Club_-_Mallory,delay_l3,delay,3,drums,12.474594949711708,12.25344520153663,-0.29346674809202966,-0.3078448116678416
demucs,The_Mountaineering_Club_-_Mallory,delay_l3,delay,3,bass,11.96415965117781,11.681575769713868,0.032145373672298305,0.03602546438203369
demucs,The_Mountaineering_Club_-_Mallory,delay_l3,delay,3,other,7.721964101399181,6.955781495791792,-0.3227507223270072,-0.38603353486606196
demucs,The_Mountaineering_Club_-_Mallory,delay_l4,delay,4,vocals,9.390739453802277,8.862520145307224,-2.6986678617822246,-2.9518728452528435
demucs,The_Mountaineering_Club_-_Mallory,delay_l4,delay,4,drums,12.417716303459814,12.189317846698223,-0.35034539434392364,-0.3719721665062483
demucs,The_Mountaineering_Club_-_Mallory,delay_l4,delay,4,bass,11.944972201980908,11.661378900133265,0.012957924475395899,0.015828594801430285
demucs,The_Mountaineering_Club_-_Mallory,delay_l4,delay,4,other,7.578456936926825,6.798356877260304,-0.4662578867993634,-0.54345815339755
demucs,The_Mountaineering_Club_-_Mallory,original,original,0,vocals,12.089407315584502,11.814392990560068,0.0,0.0
demucs,The_Mountaineering_Club_-_Mallory,original,original,0,drums,12.768061697803738,12.561290013204472,0.0,0.0
demucs,The_Mountaineering_Club_-_Mallory,original,original,0,bass,11.932014277505512,11.645550305331835,0.0,0.0
demucs,The_Mountaineering_Club_-_Mallory,original,original,0,other,8.044714823726189,7.341815030657854,0.0,0.0
demucs,The_Mountaineering_Club_-_Mallory,reverb_l1,reverb,1,vocals,11.292664846638571,10.957931996839744,-0.796742468945931,-0.856460993720324
demucs,The_Mountaineering_Club_-_Mallory,reverb_l1,reverb,1,drums,12.694519366134202,12.48385087956162,-0.07354233166953605,-0.07743913364285149
demucs,The_Mountaineering_Club_-_Mallory,reverb_l1,reverb,1,bass,11.883103238631925,11.592334130788778,-0.04891103887358739,-0.05321617454305638
demucs,The_Mountaineering_Club_-_Mallory,reverb_l1,reverb,1,other,7.918817824490612,7.1960579546222725,-0.12589699923557696,-0.14575707603558108
demucs,The_Mountaineering_Club_-_Mallory,reverb_l2,reverb,2,vocals,9.286930548439669,8.75068813972974,-2.8024767671448334,-3.0637048508303284
demucs,The_Mountaineering_Club_-_Mallory,reverb_l2,reverb,2,drums,12.62184490331699,12.412148972490527,-0.1462167944867474,-0.1491410407139444
demucs,The_Mountaineering_Club_-_Mallory,reverb_l2,reverb,2,bass,11.649273133279829,11.342129258701172,-0.2827411442256835,-0.30342104663066216
demucs,The_Mountaineering_Club_-_Mallory,reverb_l2,reverb,2,other,7.615918880557548,6.8640069863570226,-0.4287959431686401,-0.477808044300831
demucs,The_Mountaineering_Club_-_Mallory,reverb_l3,reverb,3,vocals,8.103291790266363,7.387741546500479,-3.986115525318139,-4.426651444059589
demucs,The_Mountaineering_Club_-_Mallory,reverb_l3,reverb,3,drums,12.693608036220498,12.486928294490598,-0.07445366158323985,-0.07436171871387387
demucs,The_Mountaineering_Club_-_Mallory,reverb_l3,reverb,3,bass,11.124507292293593,10.777190035397249,-0.8075069852119192,-0.8683602699345858
demucs,The_Mountaineering_Club_-_Mallory,reverb_l3,reverb,3,other,7.559240271124093,6.810592776656343,-0.4854745526020956,-0.5312222540015101
demucs,The_Mountaineering_Club_-_Mallory,reverb_l4,reverb,4,vocals,7.9152805993816,7.166613507546932,-4.1741267162029025,-4.647779483013135
demucs,The_Mountaineering_Club_-_Mallory,reverb_l4,reverb,4,drums,12.61505380101292,12.406528969236469,-0.15300789679081817,-0.15476104396800316
demucs,The_Mountaineering_Club_-_Mallory,reverb_l4,reverb,4,bass,10.927898147375586,10.56499088149754,-1.0041161301299262,-1.0805594238342948
demucs,The_Mountaineering_Club_-_Mallory,reverb_l4,reverb,4,other,7.50420393276161,6.7527320172765,-0.5405108909645788,-0.5890830133813534
spleeter,The_Sunshine_Garcia_Band_-_For_I_Am_The_Moon,bitcrush_l1,bitcrush,1,vocals,9.03237232686156,8.494936050664785,-0.8490854039113547,-0.9817181237271821
spleeter,The_Sunshine_Garcia_Band_-_For_I_Am_The_Moon,bitcrush_l1,bitcrush,1,drums,3.973416173068724,1.7718530529285192,0.14679351726155154,0.23782345709186492
spleeter,The_Sunshine_Garcia_Band_-_For_I_Am_The_Moon,bitcrush_l1,bitcrush,1,bass,2.701886996083261,0.523129354897313,0.07481016142586583,0.018655932939504405
spleeter,The_Sunshine_Garcia_Band_-_For_I_Am_The_Moon,bitcrush_l1,bitcrush,1,other,-0.8128838406234209,-3.6006898712648967,-0.1765935857409825,-0.2195793779383708
spleeter,The_Sunshine_Garcia_Band_-_For_I_Am_The_Moon,bitcrush_l2,bitcrush,2,vocals,9.030290648969068,8.492302433263264,-0.8511670818038475,-0.9843517411287035
spleeter,The_Sunshine_Garcia_Band_-_For_I_Am_The_Moon,bitcrush_l2,bitcrush,2,drums,3.9757333223926627,1.7750394576370907,0.14911066658549021,0.24100986180043638
spleeter,The_Sunshine_Garcia_Band_-_For_I_Am_The_Moon,bitcrush_l2,bitcrush,2,bass,2.7051325829879103,0.5270082955632401,0.07805574833051487,0.022534873605431494
spleeter,The_Sunshine_Garcia_Band_-_For_I_Am_The_Moon,bitcrush_l2,bitcrush,2,other,-0.7992056510598735,-3.585925532413972,-0.1629153961774351,-0.20481503908744614
spleeter,The_Sunshine_Garcia_Band_-_For_I_Am_The_Moon,bitcrush_l3,bitcrush,3,vocals,9.045752498771654,8.510532266317568,-0.8357052320012617,-0.966121908074399
spleeter,The_Sunshine_Garcia_Band_-_For_I_Am_The_Moon,bitcrush_l3,bitcrush,3,drums,3.9540891796919935,1.7396421326306832,0.12746652388482094,0.2056125367940289
spleeter,The_Sunshine_Garcia_Band_-_For_I_Am_The_Moon,bitcrush_l3,bitcrush,3,bass,2.727440150794696,0.5656584383632204,0.10036331613730054,0.06118501640541174
spleeter,The_Sunshine_Garcia_Band_-_For_I_Am_The_Moon,bitcrush_l3,bitcrush,3,other,-0.7576344501438026,-3.58091464914074,-0.1213441952613642,-0.1998041558142143
spleeter,The_Sunshine_Garcia_Band_-_For_I_Am_The_Moon,bitcrush_l4,bitcrush,4,vocals,8.716904215602177,8.126876224357188,-1.1645535151707378,-1.3497779500347793
spleeter,The_Sunshine_Garcia_Band_-_For_I_Am_The_Moon,bitcrush_l4,bitcrush,4,drums,3.403487567647332,0.786531001719058,-0.4231350881598406,-0.7474985941175963
spleeter,The_Sunshine_Garcia_Band_-_For_I_Am_The_Moon,bitcrush_l4,bitcrush,4,bass,2.4769819726398867,0.25513157356166627,-0.15009486201750866,-0.24934184839614237
spleeter,The_Sunshine_Garcia_Band_-_For_I_Am_The_Moon,bitcrush_l4,bitcrush,4,other,-1.5824665820061246,-4.703826510265477,-0.9461763271236862,-1.3227160169389514
spleeter,The_Sunshine_Garcia_Band_-_For_I_Am_The_Moon,compression_l1,compression,1,vocals,9.85231608376776,9.449890735107527,-0.029141647005154425,-0.026763439284440693
spleeter,The_Sunshine_Garcia_Band_-_For_I_Am_The_Moon,compression_l1,compression,1,drums,3.8306531374089925,1.5418155678279395,0.004030481601819957,0.007785971991285168
spleeter,The_Sunshine_Garcia_Band_-_For_I_Am_The_Moon,compression_l1,compression,1,bass,2.632705895510977,0.4949856096626045,0.005629060853581613,-0.009487812295204123
spleeter,The_Sunshine_Garcia_Band_-_For_I_Am_The_Moon,compression_l1,compression,1,other,-0.6503437977061401,-3.4601495760667937,-0.014053542823701748,-0.07903908274026783
spleeter,The_Sunshine_Garcia_Band_-_For_I_Am_The_Moon,compression_l2,compression,2,vocals,9.677861399808737,9.256903006618865,-0.20359633096417795,-0.21975116777310255
spleeter,The_Sunshine_Garcia_Band_-_For_I_Am_The_Moon,compression_l2,compression,2,drums,3.8169437882353465,1.519483878218576,-0.009678867571826011,-0.014545717618078324
spleeter,The_Sunshine_Garcia_Band_-_For_I_Am_The_Moon,compression_l2,compression,2,bass,2.6450227283017567,0.5024507919164403,0.017945893644361277,-0.0020226300413683784
spleeter,The_Sunshine_Garcia_Band_-_For_I_Am_The_Moon,compression_l2,compression,2,other,-0.6463763702043848,-3.5590626761060355,-0.010086115321946365,-0.17795218277950964
spleeter,The_Sunshine_Garcia_Band_-_For_I_Am_The_Moon,compression_l3,compression,3,vocals,9.499985060705566,9.054251723483283,-0.38147267006734964,-0.42240245090868456
spleeter,The_Sunshine_Garcia_Band_-_For_I_Am_The_Moon,compression_l3,compression,3,drums,3.824239521926091,1.5312241563213171,-0.0023831338810813563,-0.0028054395153371825
spleeter,The_Sunshine_Garcia_Band_-_For_I_Am_The_Moon,compression_l3,compression,3,bass,2.6353617023655977,0.4558655780368676,0.00828486770820236,-0.04860784392094103
spleeter,The_Sunshine_Garcia_Band_-_For_I_Am_The_Moon,compression_l3,compression,3,other,-0.7688955922052703,-3.7150966963423553,-0.13260533732283186,-0.3339862030158294
spleeter,The_Sunshine_Garcia_Band_-_For_I_Am_The_Moon,compression_l4,compression,4,vocals,9.273866488720952,8.782726977810572,-0.6075912420519636,-0.6939271965813951
spleeter,The_Sunshine_Garcia_Band_-_For_I_Am_The_Moon,compression_l4,compression,4,drums,3.6179021763003676,1.174325797831822,-0.20872047950680495,-0.3597037980048323
spleeter,The_Sunshine_Garcia_Band_-_For_I_Am_The_Moon,compression_l4,compression,4,bass,2.444469063985193,0.2552267936022896,-0.18260777067220246,-0.24924662835551903
spleeter,The_Sunshine_Garcia_Band_-_For_I_Am_The_Moon,compression_l4,compression,4,other,-1.160494726284667,-4.052315431304978,-0.5242044714022286,-0.6712049379784517
spleeter,The_Sunshine_Garcia_Band_-_For_I_Am_The_Moon,delay_l1,delay,1,vocals,9.601997222009416,9.153060626247633,-0.27946050876349915,-0.32359354814433416
spleeter,The_Sunshine_Garcia_Band_-_For_I_Am_The_Moon,delay_l1,delay,1,drums,3.748855683899737,1.396168291513117,-0.07776697190743542,-0.13786130432353727
spleeter,The_Sunshine_Garcia_Band_-_For_I_Am_The_Moon,delay_l1,delay,1,bass,2.7285075333604327,0.7554292162637453,0.10143069870303734,0.2509557943059366
spleeter,The_Sunshine_Garcia_Band_-_For_I_Am_The_Moon,delay_l1,delay,1,other,-0.34631335861559037,-3.123651285523681,0.289976896266848,0.25745920780284504
spleeter,The_Sunshine_Garcia_Band_-_For_I_Am_The_Moon,delay_l2,delay,2,vocals,9.171367735712519,8.663167642599126,-0.7100899950603967,-0.8134865317928419
spleeter,The_Sunshine_Garcia_Band_-_For_I_Am_The_Moon,delay_l2,delay,2,drums,3.778366149839563,1.45339542880476,-0.04825650596760944,-0.08063416703189441
spleeter,The_Sunshine_Garcia_Band_-_For_I_Am_The_Moon,delay_l2,delay,2,bass,2.668063908274141,0.46297342654827073,0.04098707361674547,-0.041499995409537915
spleeter,The_Sunshine_Garcia_Band_-_For_I_Am_The_Moon,delay_l2,delay,2,other,-1.1043849617192525,-4.153891362643526,-0.4680947068368141,-0.7727808693169997
spleeter,The_Sunshine_Garcia_Band_-_For_I_Am_The_Moon,delay_l3,delay,3,vocals,8.752188263558837,8.184741975243266,-1.129269467214078,-1.291912199148701
spleeter,The_Sunshine_Garcia_Band_-_For_I_Am_The_Moon,delay_l3,delay,3,drums,4.253600767263119,2.248921102345895,0.4269781114559468,0.7148915065092407
spleeter,The_Sunshine_Garcia_Band_-_For_I_Am_The_Moon,delay_l3,delay,3,bass,2.9698475052634175,0.736427348610877,0.34277067060602207,0.23195392665306835
spleeter,The_Sunshine_Garcia_Band_-_For_I_Am_The_Moon,delay_l3,delay,3,other,-1.4940484269885608,-5.057640703058313,-0.8577581721061224,-1.6765302097317871
spleeter,The_Sunshine_Garcia_Band_-_For_I_Am_The_Moon,delay_l4,delay,4,vocals,7.9712800476867205,7.24702339213497,-1.9101776830861947,-2.229630782256997
spleeter,The_Sunshine_Garcia_Band_-_For_I_Am_The_Moon,delay_l4,delay,4,drums,4.079812344253119,1.9735919576160934,0.25318968844594636,0.4395623617794391
spleeter,The_Sunshine_Garcia_Band_-_For_I_Am_The_Moon,delay_l4,delay,4,bass,2.957842682432026,0.7154093135234979,0.3307658477746305,0.21093589156568926
spleeter,The_Sunshine_Garcia_Band_-_For_I_Am_The_Moon,delay_l4,delay,4,other,-1.896897067415764,-5.939952674059176,-1.2606068125333256,-2.5588421807326505
spleeter,The_Sunshine_Garcia_Band_-_For_I_Am_The_Moon,original,original,0,vocals,9.881457730772915,9.476654174391967,0.0,0.0
spleeter,The_Sunshine_Garcia_Band_-_For_I_Am_The_Moon,original,original,0,drums,3.8266226558071725,1.5340295958366543,0.0,0.0
spleeter,The_Sunshine_Garcia_Band_-_For_I_Am_The_Moon,original,original,0,bass,2.6270768346573954,0.5044734219578086,0.0,0.0
spleeter,The_Sunshine_Garcia_Band_-_For_I_Am_The_Moon,original,original,0,other,-0.6362902548824384,-3.381110493326526,0.0,0.0
spleeter,The_Sunshine_Garcia_Band_-_For_I_Am_The_Moon,reverb_l1,reverb,1,vocals,9.507519827533322,9.057996655830694,-0.3739379032395931,-0.41865751856127353
spleeter,The_Sunshine_Garcia_Band_-_For_I_Am_The_Moon,reverb_l1,reverb,1,drums,3.546912111377862,1.0567438986072772,-0.27971054442931065,-0.4772856972293771
spleeter,The_Sunshine_Garcia_Band_-_For_I_Am_The_Moon,reverb_l1,reverb,1,bass,2.3664632429450525,0.1295368567716471,-0.2606135917123429,-0.37493656518616153
spleeter,The_Sunshine_Garcia_Band_-_For_I_Am_The_Moon,reverb_l1,reverb,1,other,-1.0902989461916126,-3.909434437607773,-0.4540086913091742,-0.5283239442812473
spleeter,The_Sunshine_Garcia_Band_-_For_I_Am_The_Moon,reverb_l2,reverb,2,vocals,7.900621236388844,7.169761487346941,-1.9808364943840715,-2.3068926870450266
spleeter,The_Sunshine_Garcia_Band_-_For_I_Am_The_Moon,reverb_l2,reverb,2,drums,2.836114519953537,-0.32467936828834876,-0.9905081358536356,-1.858708964125003
spleeter,The_Sunshine_Garcia_Band_-_For_I_Am_The_Moon,reverb_l2,reverb,2,bass,1.5340305044387204,-0.8587623502252129,-1.093046330218675,-1.3632357721830215
spleeter,The_Sunshine_Garcia_Band_-_For_I_Am_The_Moon,reverb_l2,reverb,2,other,-1.277722867727088,-4.368584408731094,-0.6414326128446496,-0.9874739154045677
spleeter,The_Sunshine_Garcia_Band_-_For_I_Am_The_Moon,reverb_l3,reverb,3,vocals,7.113591979587537,6.193185261752616,-2.7678657511853784,-3.2834689126393517
spleeter,The_Sunshine_Garcia_Band_-_For_I_Am_The_Moon,reverb_l3,reverb,3,drums,2.714243972439418,-0.5757294308067858,-1.1123786833677545,-2.1097590266434403
spleeter,The_Sunshine_Garcia_Band_-_For_I_Am_The_Moon,reverb_l3,reverb,3,bass,1.31447151732278,-1.1228388008496786,-1.3126053173346155,-1.6273122228074872
spleeter,The_Sunshine_Garcia_Band_-_For_I_Am_The_Moon,reverb_l3,reverb,3,other,-1.5877997472363135,-4.7331714992906555,-0.951509492353875,-1.3520610059641296
spleeter,The_Sunshine_Garcia_Band_-_For_I_Am_The_Moon,reverb_l4,reverb,4,vocals,7.097457725440739,6.16868890332729,-2.7840000053321763,-3.3079652710646776
spleeter,The_Sunshine_Garcia_Band_-_For_I_Am_The_Moon,reverb_l4,reverb,4,drums,2.6577450563653997,-0.7061905705892747,-1.1688775994417728,-2.240220166425929
spleeter,The_Sunshine_Garcia_Band_-_For_I_Am_The_Moon,reverb_l4,reverb,4,bass,1.2192406219240959,-1.2668369862523166,-1.4078362127332995,-1.7713104082101252
spleeter,The_Sunshine_Garcia_Band_-_For_I_Am_The_Moon,reverb_l4,reverb,4,other,-1.6653841811231507,-4.742550560645047,-1.0290939262407122,-1.3614400673185214
demucs,The_Sunshine_Garcia_Band_-_For_I_Am_The_Moon,bitcrush_l1,bitcrush,1,vocals,10.048946613272618,9.605065615174041,-0.4850880672045168,-0.5292075165137593
demucs,The_Sunshine_Garcia_Band_-_For_I_Am_The_Moon,bitcrush_l1,bitcrush,1,drums,10.2237709608855,9.798425129628999,-0.1797776467250216,-0.194761357087069
demucs,The_Sunshine_Garcia_Band_-_For_I_Am_The_Moon,bitcrush_l1,bitcrush,1,bass,9.670243205769198,9.182955192422796,-0.09046507897155642,-0.10081682238920564
demucs,The_Sunshine_Garcia_Band_-_For_I_Am_The_Moon,bitcrush_l1,bitcrush,1,other,2.4110855375930145,0.8460188784095932,-0.28023273373153224,-0.2176961586268975
demucs,The_Sunshine_Garcia_Band_-_For_I_Am_The_Moon,bitcrush_l2,bitcrush,2,vocals,10.029339482875743,9.583801198370347,-0.5046951976013911,-0.5504719333174535
demucs,The_Sunshine_Garcia_Band_-_For_I_Am_The_Moon,bitcrush_l2,bitcrush,2,drums,10.216995427885536,9.788312623478758,-0.18655317972498509,-0.20487386323731016
demucs,The_Sunshine_Garcia_Band_-_For_I_Am_The_Moon,bitcrush_l2,bitcrush,2,bass,9.725143267696474,9.243056685720935,-0.03556501704428072,-0.04071532909106601
demucs,The_Sunshine_Garcia_Band_-_For_I_Am_The_Moon,bitcrush_l2,bitcrush,2,other,2.409209770651866,0.829093981273014,-0.2821085006726807,-0.2346210557634767
demucs,The_Sunshine_Garcia_Band_-_For_I_Am_The_Moon,bitcrush_l3,bitcrush,3,vocals,9.964662270320051,9.51206459248906,-0.569372410157083,-0.6222085391987413
demucs,The_Sunshine_Garcia_Band_-_For_I_Am_The_Moon,bitcrush_l3,bitcrush,3,drums,10.132329488731182,9.696654423012848,-0.2712191188793387,-0.2965320637032196
demucs,The_Sunshine_Garcia_Band_-_For_I_Am_The_Moon,bitcrush_l3,bitcrush,3,bass,9.670998437179211,9.18247172083695,-0.08970984756154365,-0.10130029397505069
demucs,The_Sunshine_Garcia_Band_-_For_I_Am_The_Moon,bitcrush_l3,bitcrush,3,other,2.312790146354651,0.6883422624359653,-0.3785281249698955,-0.3753727746005254
demucs,The_Sunshine_Garcia_Band_-_For_I_Am_The_Moon,bitcrush_l4,bitcrush,4,vocals,9.493410814742079,8.992210136646312,-1.0406238657350553,-1.1420629950414884
demucs,The_Sunshine_Garcia_Band_-_For_I_Am_The_Moon,bitcrush_l4,bitcrush,4,drums,10.024861752949526,9.582677486110088,-0.3786868546609945,-0.4105090006059804
demucs,The_Sunshine_Garcia_Band_-_For_I_Am_The_Moon,bitcrush_l4,bitcrush,4,bass,9.709757311736004,9.2266609581812,-0.05095097300475082,-0.05711105663080218
demucs,The_Sunshine_Garcia_Band_-_For_I_Am_The_Moon,bitcrush_l4,bitcrush,4,other,2.197799577445451,0.5127277986780548,-0.49351869387909586,-0.5509872383584359
demucs,The_Sunshine_Garcia_Band_-_For_I_Am_The_Moon,compression_l1,compression,1,vocals,10.670369353709164,10.283060522171736,0.13633467323202986,0.1487873904839354
demucs,The_Sunshine_Garcia_Band_-_For_I_Am_The_Moon,compression_l1,compression,1,drums,10.38218284334105,9.969857501740318,-0.021365764269470233,-0.02332898497575009
demucs,The_Sunshine_Garcia_Band_-_For_I_Am_The_Moon,compression_l1,compression,1,bass,9.749419403115638,9.271099029486765,-0.011288881625116431,-0.012672985325236752
demucs,The_Sunshine_Garcia_Band_-_For_I_Am_The_Moon,compression_l1,compression,1,other,2.847108770027807,1.1849246388713561,0.15579049870326012,0.1212096018348654
demucs,The_Sunshine_Garcia_Band_-_For_I_Am_The_Moon,compression_l2,compression,2,vocals,10.940086121738585,10.576649013433697,0.4060514412614502,0.44237588174589604
demucs,The_Sunshine_Garcia_Band_-_For_I_Am_The_Moon,compression_l2,compression,2,drums,10.255807927632176,9.832079633773459,-0.1477406799783445,-0.16110685294260918
demucs,The_Sunshine_Garcia_Band_-_For_I_Am_The_Moon,compression_l2,compression,2,bass,9.608189666441007,9.112348124872012,-0.152518618299748,-0.17142388993998914
demucs,The_Sunshine_Garcia_Band_-_For_I_Am_The_Moon,compression_l2,compression,2,other,3.1969089865300777,1.5483812660205944,0.505590715205531,0.4846662289841037
demucs,The_Sunshine_Garcia_Band_-_For_I_Am_The_Moon,compression_l3,compression,3,vocals,10.72593560673691,10.342791002617272,0.19190092625977506,0.20851787092947127
demucs,The_Sunshine_Garcia_Band_-_For_I_Am_The_Moon,compression_l3,compression,3,drums,10.2496280175337,9.82188061742168,-0.15392059007682057,-0.17130586929438785
demucs,The_Sunshine_Garcia_Band_-_For_I_Am_The_Moon,compression_l3,compression,3,bass,9.634219771371978,9.140558414502735,-0.12648851336877698,-0.14321360030926655
demucs,The_Sunshine_Garcia_Band_-_For_I_Am_The_Moon,compression_l3,compression,3,other,3.1128163106334905,1.4192718024636948,0.4214980393089438,0.35555676542720405
demucs,The_Sunshine_Garcia_Band_-_For_I_Am_The_Moon,compression_l4,compression,4,vocals,10.785236225404756,10.407908588666153,0.25120154492762126,0.27363545697835256
demucs,The_Sunshine_Garcia_Band_-_For_I_Am_The_Moon,compression_l4,compression,4,drums,10.20415023217768,9.775168908972688,-0.19939837543284078,-0.21801757774337993
demucs,The_Sunshine_Garcia_Band_-_For_I_Am_The_Moon,compression_l4,compression,4,bass,9.633273215902541,9.14169819796912,-0.12743506883821354,-0.14207381684288123
demucs,The_Sunshine_Garcia_Band_-_For_I_Am_The_Moon,compression_l4,compression,4,other,3.190627918122175,1.5063763581975098,0.4993096467976281,0.4426613211610191
demucs,The_Sunshine_Garcia_Band_-_For_I_Am_The_Moon,delay_l1,delay,1,vocals,10.411558401046506,10.001109505032096,-0.12247627943062867,-0.1331636266557048
demucs,The_Sunshine_Garcia_Band_-_For_I_Am_The_Moon,delay_l1,delay,1,drums,10.29108024186381,9.870564005339853,-0.11246836574671093,-0.12262248137621512
demucs,The_Sunshine_Garcia_Band_-_For_I_Am_The_Moon,delay_l1,delay,1,bass,9.76348964927246,9.285748779749817,0.0027813645317049662,0.0019767649378152896
demucs,The_Sunshine_Garcia_Band_-_For_I_Am_The_Moon,delay_l1,delay,1,other,2.8824067119681933,1.1157673503851937,0.1910884406436466,0.05205231334870297
demucs,The_Sunshine_Garcia_Band_-_For_I_Am_The_Moon,delay_l2,delay,2,vocals,10.210817058615365,9.78125018433485,-0.32321762186176883,-0.3530229473529509
demucs,The_Sunshine_Garcia_Band_-_For_I_Am_The_Moon,delay_l2,delay,2,drums,10.189463282315712,9.755009913183258,-0.21408532529480873,-0.23817657353280985
demucs,The_Sunshine_Garcia_Band_-_For_I_Am_The_Moon,delay_l2,delay,2,bass,9.587240016273835,9.08603244257177,-0.17346826846691954,-0.19773957224023064
demucs,The_Sunshine_Garcia_Band_-_For_I_Am_The_Moon,delay_l2,delay,2,other,2.8489617482775853,0.9111838330678816,0.1576434769530386,-0.15253120396860909
demucs,The_Sunshine_Garcia_Band_-_For_I_Am_The_Moon,delay_l3,delay,3,vocals,9.910561900224545,9.447027375200502,-0.6234727802525892,-0.6872457564872985
demucs,The_Sunshine_Garcia_Band_-_For_I_Am_The_Moon,delay_l3,delay,3,drums,10.004499888230997,9.552312968112659,-0.3990487193795236,-0.44087351860340895
demucs,The_Sunshine_Garcia_Band_-_For_I_Am_The_Moon,delay_l3,delay,3,bass,9.6352102395979,9.139566413154713,-0.12549804514285512,-0.1442056016572888
demucs,The_Sunshine_Garcia_Band_-_For_I_Am_The_Moon,delay_l3,delay,3,other,2.8862337787143444,0.7435862460273134,0.19491550738979768,-0.32012879100917735
demucs,The_Sunshine_Garcia_Band_-_For_I_Am_The_Moon,delay_l4,delay,4,vocals,9.28063493287361,8.750971512478326,-1.253399747603524,-1.3833016192094743
demucs,The_Sunshine_Garcia_Band_-_For_I_Am_The_Moon,delay_l4,delay,4,drums,9.952787985612051,9.492232826115941,-0.45076062199846945,-0.5009536606001266
demucs,The_Sunshine_Garcia_Band_-_For_I_Am_The_Moon,delay_l4,delay,4,bass,9.48176906697947,8.965754787160607,-0.27893921776128394,-0.31801722765139395
demucs,The_Sunshine_Garcia_Band_-_For_I_Am_The_Moon,delay_l4,delay,4,other,2.30318379987837,-0.12173271293494915,-0.38813447144617674,-1.18544774997144
demucs,The_Sunshine_Garcia_Band_-_For_I_Am_The_Moon,original,original,0,vocals,10.534034680477134,10.1342731316878,0.0,0.0
demucs,The_Sunshine_Garcia_Band_-_For_I_Am_The_Moon,original,original,0,drums,10.40354860761052,9.993186486716068,0.0,0.0
demucs,The_Sunshine_Garcia_Band_-_For_I_Am_The_Moon,original,original,0,bass,9.760708284740755,9.283772014812001,0.0,0.0
demucs,The_Sunshine_Garcia_Band_-_For_I_Am_The_Moon,original,original,0,other,2.6913182713245467,1.0637150370364907,0.0,0.0
demucs,The_Sunshine_Garcia_Band_-_For_I_Am_The_Moon,reverb_l1,reverb,1,vocals,10.104739044755837,9.663166494608651,-0.4292956357212976,-0.47110663707914924
demucs,The_Sunshine_Garcia_Band_-_For_I_Am_The_Moon,reverb_l1,reverb,1,drums,10.28729485277664,9.866152299239559,-0.11625375483388112,-0.12703418747650908
demucs,The_Sunshine_Garcia_Band_-_For_I_Am_The_Moon,reverb_l1,reverb,1,bass,9.679868842927347,9.192896977681448,-0.08083944181340819,-0.09087503713055334
demucs,The_Sunshine_Garcia_Band_-_For_I_Am_The_Moon,reverb_l1,reverb,1,other,2.534253624418677,0.9161147069054383,-0.15706464690586985,-0.14760033013105245
demucs,The_Sunshine_Garcia_Band_-_For_I_Am_The_Moon,reverb_l2,reverb,2,vocals,8.000698258883459,7.274992911998792,-2.533336421593676,-2.8592802196890084
demucs,The_Sunshine_Garcia_Band_-_For_I_Am_The_Moon,reverb_l2,reverb,2,drums,10.068929038149852,9.622429955738271,-0.33461956946066884,-0.3707565309777969
demucs,The_Sunshine_Garcia_Band_-_For_I_Am_The_Moon,reverb_l2,reverb,2,bass,9.408779987927822,8.885121998791476,-0.3519282968129325,-0.3986500160205253
demucs,The_Sunshine_Garcia_Band_-_For_I_Am_The_Moon,reverb_l2,reverb,2,other,0.9910539496970184,-0.804499318430381,-1.7002643216275284,-1.8682143554668718
demucs,The_Sunshine_Garcia_Band_-_For_I_Am_The_Moon,reverb_l3,reverb,3,vocals,7.399687571670985,6.551844876447822,-3.134347108806149,-3.5824282552399787
demucs,The_Sunshine_Garcia_Band_-_For_I_Am_The_Moon,reverb_l3,reverb,3,drums,10.052161881881458,9.600535677165091,-0.3513867257290624,-0.3926508095509771
demucs,The_Sunshine_Garcia_Band_-_For_I_Am_The_Moon,reverb_l3,reverb,3,bass,9.371961752995269,8.840876403322751,-0.3887465317454861,-0.4428956114892504
demucs,The_Sunshine_Garcia_Band_-_For_I_Am_The_Moon,reverb_l3,reverb,3,other,0.6859079924508784,-1.2021910887370362,-2.0054102788736685,-2.265906125773527
demucs,The_Sunshine_Garcia_Band_-_For_I_Am_The_Moon,reverb_l4,reverb,4,vocals,7.419808326413917,6.58073491632773,-3.1142263540632174,-3.5535382153600708
demucs,The_Sunshine_Garcia_Band_-_For_I_Am_The_Moon,reverb_l4,reverb,4,drums,10.028979186256384,9.574789520209992,-0.3745694213541366,-0.4183969665060765
demucs,The_Sunshine_Garcia_Band_-_For_I_Am_The_Moon,reverb_l4,reverb,4,bass,9.334034352285604,8.798582834361774,-0.4266739324551505,-0.4851891804502273
demucs,The_Sunshine_Garcia_Band_-_For_I_Am_The_Moon,reverb_l4,reverb,4,other,0.6614128018769241,-1.2019656001702477,-2.0299054694476224,-2.2656806372067386
spleeter,Timboz_-_Pony,bitcrush_l1,bitcrush,1,vocals,3.7545829742736974,1.4291813806349898,-0.2652540857173502,-0.44170567931436233
spleeter,Timboz_-_Pony,bitcrush_l1,bitcrush,1,drums,2.8322181968196576,-0.3511581454714291,-0.032891774946419705,-0.06826207717109456
spleeter,Timboz_-_Pony,bitcrush_l1,bitcrush,1,bass,0.8848106538716133,-3.5276912021007996,-0.00904906419299023,-0.009841336056752858
spleeter,Timboz_-_Pony,bitcrush_l1,bitcrush,1,other,7.349879736599125,6.484697012271709,0.027945262950868077,0.03363520704874823
spleeter,Timboz_-_Pony,bitcrush_l2,bitcrush,2,vocals,3.7514178869294694,1.423752478235807,-0.26841917306157814,-0.44713458171354503
spleeter,Timboz_-_Pony,bitcrush_l2,bitcrush,2,drums,2.829391656432119,-0.3574091784599514,-0.035718315333958195,-0.07451311015961687
spleeter,Timboz_-_Pony,bitcrush_l2,bitcrush,2,bass,0.8850229472787228,-3.5302135939536377,-0.008836770785880743,-0.01236372790959095
spleeter,Timboz_-_Pony,bitcrush_l2,bitcrush,2,other,7.3468099812411864,6.480970532071116,0.024875507592929225,0.02990872684815571
spleeter,Timboz_-_Pony,bitcrush_l3,bitcrush,3,vocals,3.7505004950346694,1.4208479203993285,-0.26933656495637814,-0.4500391395500236
spleeter,Timboz_-_Pony,bitcrush_l3,bitcrush,3,drums,2.829058446412176,-0.3580654902494193,-0.036051525353901326,-0.07516942194908477
spleeter,Timboz_-_Pony,bitcrush_l3,bitcrush,3,bass,0.8831209527072668,-3.540243323020495,-0.010738765357336755,-0.022393456976448345
spleeter,Timboz_-_Pony,bitcrush_l3,bitcrush,3,other,7.347708560991356,6.482373073546946,0.02577408734309916,0.031311268323985786
spleeter,Timboz_-_Pony,bitcrush_l4,bitcrush,4,vocals,3.560011472985529,1.0788686072876716,-0.4598255870055188,-0.7920184526616805
spleeter,Timboz_-_Pony,bitcrush_l4,bitcrush,4,drums,2.7977664388967396,-0.424846821225558,-0.0673435328693377,-0.14195075292522347
spleeter,Timboz_-_Pony,bitcrush_l4,bitcrush,4,bass,0.8744687611726161,-3.566849419509758,-0.019390956891987443,-0.048999553465711276
spleeter,Timboz_-_Pony,bitcrush_l4,bitcrush,4,other,7.295170119370162,6.421680861982603,-0.02676435427809487,-0.02938094324035756
spleeter,Timboz_-_Pony,compression_l1,compression,1,vocals,3.898247801428309,1.6598547762278262,-0.1215892585627385,-0.21103228372152594
spleeter,Timboz_-_Pony,compression_l1,compression,1,drums,2.85041765977129,-0.31387846239389533,-0.014692311994787488,-0.030982394093560794
spleeter,Timboz_-_Pony,compression_l1,compression,1,bass,0.9036256314050033,-3.512141303227306,0.009765913340399779,0.005708562816740592
spleeter,Timboz_-_Pony,compression_l1,compression,1,other,7.299547093760905,6.424904014351849,-0.022387379887351955,-0.026157790871111253
spleeter,Timboz_-_Pony,compression_l2,compression,2,vocals,3.510079855156336,0.9660385641817393,-0.5097572048347114,-0.9048484957676128
spleeter,Timboz_-_Pony,compression_l2,compression,2,drums,2.8022257847112937,-0.41971054435819566,-0.0628841870547836,-0.13681447605786112
spleeter,Timboz_-_Pony,compression_l2,compression,2,bass,0.9425277636854766,-3.4921157754002046,0.048668045620873124,0.025734090643842134
spleeter,Timboz_-_Pony,compression_l2,compression,2,other,7.215615790959178,6.327958550061618,-0.1063186826890794,-0.12310325516134224
spleeter,Timboz_-_Pony,compression_l3,compression,3,vocals,3.1379078054607605,0.25947499843533506,-0.881929254530287,-1.611412061514017
spleeter,Timboz_-_Pony,compression_l3,compression,3,drums,2.745641022551622,-0.5457649098787136,-0.11946894921445539,-0.2628688415783791
spleeter,Timboz_-_Pony,compression_l3,compression,3,bass,0.9803663022427631,-3.492355762052596,0.0865065841781596,0.02549410399145069
spleeter,Timboz_-_Pony,compression_l3,compression,3,other,7.153023014879514,6.255273291509182,-0.16891145876874347,-0.19578851371377848
spleeter,Timboz_-_Pony,compression_l4,compression,4,vocals,2.8249478087087194,-0.3454378194330484,-1.1948892512823281,-2.2163248793824004
spleeter,Timboz_-_Pony,compression_l4,compression,4,drums,2.4231685368907483,-1.2168679141621426,-0.441941434875329,-0.933971845861808
spleeter,Timboz_-_Pony,compression_l4,compression,4,bass,1.04817506975279,-3.9300877781923433,0.15431535168818655,-0.41223791214829664
spleeter,Timboz_-_Pony,compression_l4,compression,4,other,6.901915189765945,6.021475624369542,-0.42001928388231224,-0.42958618085341804
spleeter,Timboz_-_Pony,delay_l1,delay,1,vocals,3.511231905030513,0.9585145040237677,-0.5086051549605344,-0.9123725559255844
spleeter,Timboz_-_Pony,delay_l1,delay,1,drums,2.863979297149232,-0.2910239607710937,-0.0011306746168453508,-0.00812789247075918
spleeter,Timboz_-_Pony,delay_l1,delay,1,bass,0.9913539384116932,-3.4261251478543207,0.09749422034708966,0.09172471818972605
spleeter,Timboz_-_Pony,delay_l1,delay,1,other,7.2193332962302765,6.340822487207821,-0.1026011774179807,-0.11023931801513953
spleeter,Timboz_-_Pony,delay_l2,delay,2,vocals,2.8554323530252477,-0.3139992991355972,-1.1644047069658,-2.1848863590849494
spleeter,Timboz_-_Pony,delay_l2,delay,2,drums,2.7978789630958727,-0.42301451120967815,-0.0672310086702046,-0.1401184429093436
spleeter,Timboz_-_Pony,delay_l2,delay,2,bass,1.0044572484154113,-3.4279355349213048,0.11059753035080777,0.08991433112274194
spleeter,Timboz_-_Pony,delay_l2,delay,2,other,6.998204015499688,6.114249100667346,-0.32373045814856916,-0.33681270455561485
spleeter,Timboz_-_Pony,delay_l3,delay,3,vocals,1.8060947875346107,-2.823335794684452,-2.213742272456437,-4.6942228546338045
spleeter,Timboz_-_Pony,delay_l3,delay,3,drums,2.718484023623568,-0.5904534982251141,-0.14662594814250918,-0.3075574299247795
spleeter,Timboz_-_Pony,delay_l3,delay,3,bass,0.889731449857075,-3.5936196393843005,-0.00412826820752854,-0.07576977334025381
spleeter,Timboz_-_Pony,delay_l3,delay,3,other,6.55808000380445,5.633375325134519,-0.7638544698438068,-0.8176864800884411
spleeter,Timboz_-_Pony,delay_l4,delay,4,vocals,1.0630544793380472,-5.465008570514084,-2.9567825806530004,-7.335895630463436
spleeter,Timboz_-_Pony,delay_l4,delay,4,drums,2.7135363365437786,-0.6072632705351615,-0.15157363522229872,-0.32436720223482696
spleeter,Timboz_-_Pony,delay_l4,delay,4,bass,1.0203386590809091,-3.44417439559672,0.12647894101630563,0.07367547044732659
spleeter,Timboz_-_Pony,delay_l4,delay,4,other,6.2844295523422655,5.3748873786047024,-1.0375049213059917,-1.076174426618258
spleeter,Timboz_-_Pony,original,original,0,vocals,4.019837059991048,1.8708870599493521,0.0,0.0
spleeter,Timboz_-_Pony,original,original,0,drums,2.8651099717660773,-0.28289606830033454,0.0,0.0
spleeter,Timboz_-_Pony,original,original,0,bass,0.8938597180646035,-3.5178498660440467,0.0,0.0
spleeter,Timboz_-_Pony,original,original,0,other,7.321934473648257,6.4510618052229605,0.0,0.0
spleeter,Timboz_-_Pony,reverb_l1,reverb,1,vocals,3.4444744989447735,0.8488631316837519,-0.575362561046274,-1.0220239282656003
spleeter,Timboz_-_Pony,reverb_l1,reverb,1,drums,2.8887852061233597,-0.2367731835598783,0.02367523435728236,0.04612288474045623
spleeter,Timboz_-_Pony,reverb_l1,reverb,1,bass,1.0120314308324472,-3.4645574763807523,0.11817171276784366,0.053292389663294415
spleeter,Timboz_-_Pony,reverb_l1,reverb,1,other,7.213150126124268,6.338163425769787,-0.10878434752398913,-0.11289837945317327
spleeter,Timboz_-_Pony,reverb_l2,reverb,2,vocals,0.9370684602779853,-6.12772575251557,-3.082768599713062,-7.998612812464922
spleeter,Timboz_-_Pony,reverb_l2,reverb,2,drums,2.821460877168167,-0.3858625626903086,-0.04364909459791022,-0.10296649438997407
spleeter,Timboz_-_Pony,reverb_l2,reverb,2,bass,1.075570273017679,-3.5949582540734455,0.18171055495307553,-0.07710838802939879
spleeter,Timboz_-_Pony,reverb_l2,reverb,2,other,6.398008692646905,5.461121879234581,-0.9239257810013521,-0.9899399259883799
spleeter,Timboz_-_Pony,reverb_l3,reverb,3,vocals,0.3576200583195461,-10.563392343791127,-3.6622170016715017,-12.43427940374048
spleeter,Timboz_-_Pony,reverb_l3,reverb,3,drums,2.7626777248788863,-0.5073757996368665,-0.10243224688719099,-0.22447973133653198
spleeter,Timboz_-_Pony,reverb_l3,reverb,3,bass,0.7912637482930776,-4.024336791328825,-0.10259596977152596,-0.5064869252847779
spleeter,Timboz_-_Pony,reverb_l3,reverb,3,other,6.141625583713425,5.172099602351937,-1.1803088899348326,-1.278962202871023
spleeter,Timboz_-_Pony,reverb_l4,reverb,4,vocals,0.3475339395927226,-10.6980245314648,-3.672303120398325,-12.568911591414151
spleeter,Timboz_-_Pony,reverb_l4,reverb,4,drums,2.7258750646127656,-0.5842640777459184,-0.13923490715331166,-0.30136800944558384
spleeter,Timboz_-_Pony,reverb_l4,reverb,4,bass,0.6740401449150535,-4.1667527873992745,-0.21981957314955003,-0.6489029213552278
spleeter,Timboz_-_Pony,reverb_l4,reverb,4,other,6.143944667654172,5.167197082890382,-1.177989805994085,-1.283864722332578
demucs,Timboz_-_Pony,bitcrush_l1,bitcrush,1,vocals,5.459704843734637,4.03452761297043,-0.05789769478842466,-0.06581108061119689
demucs,Timboz_-_Pony,bitcrush_l1,bitcrush,1,drums,5.204457112935871,3.6508410265135547,-0.08245247653876575,-0.12004737324730419
demucs,Timboz_-_Pony,bitcrush_l1,bitcrush,1,bass,3.048226760018963,0.6850234292306958,-0.05336971296567983,-0.08342338017198392
demucs,Timboz_-_Pony,bitcrush_l1,bitcrush,1,other,9.062875409464263,8.49501806906771,0.019891494221452533,0.016890281004025454
demucs,Timboz_-_Pony,bitcrush_l2,bitcrush,2,vocals,5.448769124679053,4.017261072441565,-0.06883341384400854,-0.08307762114006145
demucs,Timboz_-_Pony,bitcrush_l2,bitcrush,2,drums,5.194623969354665,3.6358652681513175,-0.09228562011997177,-0.13502313160954138
demucs,Timboz_-_Pony,bitcrush_l2,bitcrush,2,bass,3.087549634019484,0.7560114521326032,-0.014046838965158681,-0.012435357270076497
demucs,Timboz_-_Pony,bitcrush_l2,bitcrush,2,other,9.070007535487294,8.502802948763483,0.027023620244483126,0.02467516069979858
demucs,Timboz_-_Pony,bitcrush_l3,bitcrush,3,vocals,5.431514040054574,3.995125712383362,-0.08608849846848798,-0.10521298119826472
demucs,Timboz_-_Pony,bitcrush_l3,bitcrush,3,drums,5.202229153785344,3.6473304137466434,-0.08468043568929318,-0.12355798601421553
demucs,Timboz_-_Pony,bitcrush_l3,bitcrush,3,bass,3.0821527871878382,0.7474192968296136,-0.019443685796804555,-0.02102751257306612
demucs,Timboz_-_Pony,bitcrush_l3,bitcrush,3,other,9.065244834174091,8.497179609582584,0.02226091893128057,0.01905182151890017
demucs,Timboz_-_Pony,bitcrush_l4,bitcrush,4,vocals,5.20612435465249,3.680355404434561,-0.31147818387057224,-0.4199832891470656
demucs,Timboz_-_Pony,bitcrush_l4,bitcrush,4,drums,5.172680380670456,3.605900124391424,-0.11422920880418097,-0.16498827536943494
demucs,Timboz_-_Pony,bitcrush_l4,bitcrush,4,bass,3.0730258485315263,0.7077311100787181,-0.028570624453116533,-0.06071569932396159
demucs,Timboz_-_Pony,bitcrush_l4,bitcrush,4,other,9.032566634012667,8.458288159725438,-0.010417281230143516,-0.019839628338246484
demucs,Timboz_-_Pony,compression_l1,compression,1,vocals,5.391163626425631,3.9227554368300694,-0.12643891209743074,-0.17758325675155717
demucs,Timboz_-_Pony,compression_l1,compression,1,drums,5.256732712491785,3.72827913088414,-0.030176876982851653,-0.04260926887671879
demucs,Timboz_-_Pony,compression_l1,compression,1,bass,3.0739214612844377,0.7168620458659353,-0.027675011700205143,-0.05158476353674446
demucs,Timboz_-_Pony,compression_l1,compression,1,other,8.998734512130508,8.426077443302102,-0.0442494031123033,-0.05205034476158232
demucs,Timboz_-_Pony,compression_l2,compression,2,vocals,5.00995759077666,3.3793918335252626,-0.5076449477464022,-0.720946860056364
demucs,Timboz_-_Pony,compression_l2,compression,2,drums,5.201262973122526,3.6487630407264957,-0.08564661635211035,-0.12212535903436317
demucs,Timboz_-_Pony,compression_l2,compression,2,bass,3.029710361901822,0.6602483937394832,-0.07188611108282084,-0.10819841566319655
demucs,Timboz_-_Pony,compression_l2,compression,2,other,8.92113526338473,8.3365444302598,-0.12184865185808036,-0.14158335780388498
demucs,Timboz_-_Pony,compression_l3,compression,3,vocals,4.620797177548998,2.8019111023298944,-0.8968053609740636,-1.2984275912517322
demucs,Timboz_-_Pony,compression_l3,compression,3,drums,5.128223255092398,3.5497907293159656,-0.15868633438223867,-0.22109767044489326
demucs,Timboz_-_Pony,compression_l3,compression,3,bass,3.0106042403384192,0.6303543336032381,-0.09099223264622358,-0.13809247579944162
demucs,Timboz_-_Pony,compression_l3,compression,3,other,8.861110828375216,8.2691940743992,-0.1818730868675953,-0.208933713664484
demucs,Timboz_-_Pony,compression_l4,compression,4,vocals,4.553955686983187,2.692661611858813,-0.9636468515398748,-1.4076770817228135
demucs,Timboz_-_Pony,compression_l4,compression,4,drums,5.00276368298736,3.3802032640486916,-0.2841459064872769,-0.39068513571216723
demucs,Timboz_-_Pony,compression_l4,compression,4,bass,2.973333151656406,0.5663061397307263,-0.12826332132823692,-0.20214066967195343
demucs,Timboz_-_Pony,compression_l4,compression,4,other,8.889923198465587,8.3056742073876,-0.15306071677722421,-0.17245358067608407
demucs,Timboz_-_Pony,delay_l1,delay,1,vocals,5.201627123224942,3.674797298376273,-0.31597541529812023,-0.4255413952053537
demucs,Timboz_-_Pony,delay_l1,delay,1,drums,5.259403466017011,3.733074572096964,-0.027506123457626153,-0.03781382766389507
demucs,Timboz_-_Pony,delay_l1,delay,1,bass,3.079001356917861,0.7101505706015631,-0.022595116066781884,-0.05829623880111667
demucs,Timboz_-_Pony,delay_l1,delay,1,other,8.960921653235536,8.380683306787235,-0.08206226200727507,-0.09744448127644922
demucs,Timboz_-_Pony,delay_l2,delay,2,vocals,4.702750992191272,3.0053299948031498,-0.8148515463317896,-1.0950086987784768
demucs,Timboz_-_Pony,delay_l2,delay,2,drums,5.243026184808181,3.709176134522503,-0.043883404666456016,-0.06171226523835571
demucs,Timboz_-_Pony,delay_l2,delay,2,bass,3.0768364017544014,0.7145362015744601,-0.024760071230241376,-0.05391060782821966
demucs,Timboz_-_Pony,delay_l2,delay,2,other,8.843173641172541,8.239706133559345,-0.19981027407026986,-0.2384216545043394
demucs,Timboz_-_Pony,delay_l3,delay,3,vocals,4.152541959134864,2.233297019804745,-1.3650605793881976,-1.8670416737768818
demucs,Timboz_-_Pony,delay_l3,delay,3,drums,5.20569379265506,3.658983374846709,-0.0812157968195768,-0.11190502491415
demucs,Timboz_-_Pony,delay_l3,delay,3,bass,3.0480796638950918,0.6803447701019488,-0.05351680908955103,-0.0881020393007309
demucs,Timboz_-_Pony,delay_l3,delay,3,other,8.697430701866095,8.069050724914057,-0.3455532133767161,-0.40907706314962766
demucs,Timboz_-_Pony,delay_l4,delay,4,vocals,3.686870829684692,1.5294236930878848,-1.8307317088383699,-2.5709150004937418
demucs,Timboz_-_Pony,delay_l4,delay,4,drums,5.186339071218359,3.6354332530145497,-0.10057051825627816,-0.1354551467463092
demucs,Timboz_-_Pony,delay_l4,delay,4,bass,3.0891435333341297,0.7151468117820667,-0.012452939650513084,-0.05329999762061299
demucs,Timboz_-_Pony,delay_l4,delay,4,other,8.550848244547527,7.897985424717254,-0.4921356706952835,-0.5801423633464307
demucs,Timboz_-_Pony,original,original,0,vocals,5.517602538523062,4.100338693581627,0.0,0.0
demucs,Timboz_-_Pony,original,original,0,drums,5.286909589474637,3.770888399760859,0.0,0.0
demucs,Timboz_-_Pony,original,original,0,bass,3.101596472984643,0.7684468094026797,0.0,0.0
demucs,Timboz_-_Pony,original,original,0,other,9.04298391524281,8.478127788063684,0.0,0.0
demucs,Timboz_-_Pony,reverb_l1,reverb,1,vocals,4.918767759050874,3.251350567417316,-0.5988347794721882,-0.8489881261643104
demucs,Timboz_-_Pony,reverb_l1,reverb,1,drums,5.252876449042406,3.7226352102465583,-0.03403314043223116,-0.048253189514300576
demucs,Timboz_-_Pony,reverb_l1,reverb,1,bass,3.031019543979488,0.6480526707147563,-0.070576929005155,-0.12039413868792348
demucs,Timboz_-_Pony,reverb_l1,reverb,1,other,8.885853009420462,8.289943457942698,-0.15713090582234912,-0.18818433012098623
demucs,Timboz_-_Pony,reverb_l2,reverb,2,vocals,2.6265735992356993,-0.7033885683656533,-2.8910289392873625,-4.80372726194728
demucs,Timboz_-_Pony,reverb_l2,reverb,2,drums,5.1980882396817,3.6488668559302058,-0.0888213497929371,-0.12202154383065311
demucs,Timboz_-_Pony,reverb_l2,reverb,2,bass,2.774268288103776,0.2874465540060524,-0.3273281848808667,-0.48100025539662733
demucs,Timboz_-_Pony,reverb_l2,reverb,2,other,8.20822623776053,7.507634456336824,-0.8347576774822816,-0.9704933317268605
demucs,Timboz_-_Pony,reverb_l3,reverb,3,vocals,1.7984399881523734,-2.792586785163193,-3.7191625503706884,-6.89292547874482
demucs,Timboz_-_Pony,reverb_l3,reverb,3,drums,5.175170484316348,3.6214719380119167,-0.11173910515828833,-0.1494164617489422
demucs,Timboz_-_Pony,reverb_l3,reverb,3,bass,2.4503947065563496,-0.13368684058969,-0.6512017664282932,-0.9021336499923698
demucs,Timboz_-_Pony,reverb_l3,reverb,3,other,7.954200134472886,7.226264707603117,-1.0887837807699245,-1.2518630804605673
demucs,Timboz_-_Pony,reverb_l4,reverb,4,vocals,1.7153491592902756,-3.0488357515290927,-3.802253379232786,-7.149174445110719
demucs,Timboz_-_Pony,reverb_l4,reverb,4,drums,5.178694573845247,3.6258203194334993,-0.10821501562938973,-0.14506808032735963
demucs,Timboz_-_Pony,reverb_l4,reverb,4,bass,2.482661181436293,-0.0691659703268085,-0.6189352915483499,-0.8376127797294882
demucs,Timboz_-_Pony,reverb_l4,reverb,4,other,7.926361874557731,7.199697990438338,-1.1166220406850798,-1.2784297976253463
spleeter,Tom_McKenzie_-_Directions,bitcrush_l1,bitcrush,1,vocals,8.019737679295641,7.31891568941453,-0.6237714741979978,-0.7344392436141822
spleeter,Tom_McKenzie_-_Directions,bitcrush_l1,bitcrush,1,drums,12.330102484717775,12.069347254379679,-0.03727149999106949,-0.03922958714269775
spleeter,Tom_McKenzie_-_Directions,bitcrush_l1,bitcrush,1,bass,3.456068441873246,0.8736797375385053,0.009824950055519643,0.01621250334469182
spleeter,Tom_McKenzie_-_Directions,bitcrush_l1,bitcrush,1,other,1.5418412910484671,-1.3377846197136565,0.009247092490292541,0.002355903809767801
spleeter,Tom_McKenzie_-_Directions,bitcrush_l2,bitcrush,2,vocals,8.015512033411191,7.313693026050535,-0.6279971200824477,-0.7396619069781778
spleeter,Tom_McKenzie_-_Directions,bitcrush_l2,bitcrush,2,drums,12.330394165864584,12.069655028529766,-0.03697981884426049,-0.03892181299261033
spleeter,Tom_McKenzie_-_Directions,bitcrush_l2,bitcrush,2,bass,3.4622848461545583,0.883426330770652,0.016041354336831848,0.02595909657683859
spleeter,Tom_McKenzie_-_Directions,bitcrush_l2,bitcrush,2,other,1.5502462569584232,-1.335238554986797,0.017652058400248638,0.004901968536627166
spleeter,Tom_McKenzie_-_Directions,bitcrush_l3,bitcrush,3,vocals,7.941151615435525,7.229406820669409,-0.7023575380581137,-0.8239481123593038
spleeter,Tom_McKenzie_-_Directions,bitcrush_l3,bitcrush,3,drums,12.322637865820415,12.061578842500769,-0.0447361188884301,-0.04699799902160784
spleeter,Tom_McKenzie_-_Directions,bitcrush_l3,bitcrush,3,bass,3.4801885579822485,0.9082634797537291,0.033945066164521975,0.05079624555991569
spleeter,Tom_McKenzie_-_Directions,bitcrush_l3,bitcrush,3,other,1.581020158357597,-1.3459470903285529,0.048425959799422325,-0.005806566805128588
spleeter,Tom_McKenzie_-_Directions,bitcrush_l4,bitcrush,4,vocals,7.501395099574342,6.681404305750469,-1.1421140539192969,-1.3719506272782436
spleeter,Tom_McKenzie_-_Directions,bitcrush_l4,bitcrush,4,drums,12.175475000421258,11.907019918987501,-0.19189898428758667,-0.20155692253487523
spleeter,Tom_McKenzie_-_Directions,bitcrush_l4,bitcrush,4,bass,3.485099895787587,0.9138592280241299,0.038856403969860676,0.056391993830316456
spleeter,Tom_McKenzie_-_Directions,bitcrush_l4,bitcrush,4,other,1.5276306029211075,-1.4310165548342946,-0.004963595637067053,-0.0908760313108703
spleeter,Tom_McKenzie_-_Directions,compression_l1,compression,1,vocals,8.323642574900772,7.687022529391627,-0.31986657859286716,-0.3663324036370854
spleeter,Tom_McKenzie_-_Directions,compression_l1,compression,1,drums,12.304631266875925,12.042324919443598,-0.06274271783292029,-0.06625192207877895
spleeter,Tom_McKenzie_-_Directions,compression_l1,compression,1,bass,3.459056529214074,0.8784925689461458,0.012813037396347315,0.02102533475233237
spleeter,Tom_McKenzie_-_Directions,compression_l1,compression,1,other,1.5647816313966274,-1.324994028039863,0.03218743283845282,0.015146495483561173
spleeter,Tom_McKenzie_-_Directions,compression_l2,compression,2,vocals,7.389430454297767,6.5753948503771085,-1.2540786991958717,-1.4779600826516042
spleeter,Tom_McKenzie_-_Directions,compression_l2,compression,2,drums,12.061031818556112,11.785485160027955,-0.30634216615273324,-0.3230916814944216
spleeter,Tom_McKenzie_-_Directions,compression_l2,compression,2,bass,3.4901730843682337,0.928061942255637,0.04392959255050721,0.07059470806182355
spleeter,Tom_McKenzie_-_Directions,compression_l2,compression,2,other,1.6371240240735032,-1.2976895216466868,0.10452982551532863,0.04245100187673745
spleeter,Tom_McKenzie_-_Directions,compression_l3,compression,3,vocals,6.626106498534135,5.612919236253017,-2.017402654959504,-2.4404356967756957
spleeter,Tom_McKenzie_-_Directions,compression_l3,compression,3,drums,11.783091073412598,11.493415676411319,-0.5842829112962473,-0.6151611651110578
spleeter,Tom_McKenzie_-_Directions,compression_l3,compression,3,bass,3.5347261035238287,1.003163030280791,0.08848261170610217,0.14569579608697758
spleeter,Tom_McKenzie_-_Directions,compression_l3,compression,3,other,1.662256427268258,-1.3069383774328478,0.12966222871008348,0.03320214609057648
spleeter,Tom_McKenzie_-_Directions,compression_l4,compression,4,vocals,6.432432316015081,5.349250194859891,-2.211076837478558,-2.7041047381688212
spleeter,Tom_McKenzie_-_Directions,compression_l4,compression,4,drums,11.607358688167647,11.3094037831482,-0.7600152965411979,-0.7991730583741763
spleeter,Tom_McKenzie_-_Directions,compression_l4,compression,4,bass,3.532836907282115,0.9999008704300223,0.08659341546438837,0.14243363623620886
spleeter,Tom_McKenzie_-_Directions,compression_l4,compression,4,other,1.6187216763795607,-1.3332090332442428,0.08612747782138608,0.006931490279181496
spleeter,Tom_McKenzie_-_Directions,delay_l1,delay,1,vocals,8.106158632932132,7.453847831953916,-0.5373505205615068,-0.5995071010747965
spleeter,Tom_McKenzie_-_Directions,delay_l1,delay,1,drums,12.279761037055204,12.016023298750273,-0.08761294765364092,-0.09255354277210337
spleeter,Tom_McKenzie_-_Directions,delay_l1,delay,1,bass,3.496963564238447,0.9244501591002636,0.05072007242072063,0.06698292490645019
spleeter,Tom_McKenzie_-_Directions,delay_l1,delay,1,other,1.6377929521081143,-1.4689049018675995,0.10519875354993968,-0.1287643783441752
spleeter,Tom_McKenzie_-_Directions,delay_l2,delay,2,vocals,8.006955505220022,7.315403206316419,-0.6365536482736172,-0.7379517267122937
spleeter,Tom_McKenzie_-_Directions,delay_l2,delay,2,drums,12.42501496045887,12.169217147318436,0.0576409757500258,0.060640305796059835
spleeter,Tom_McKenzie_-_Directions,delay_l2,delay,2,bass,3.6503201174828863,1.1991833330645914,0.20407662566515983,0.3417160988707779
spleeter,Tom_McKenzie_-_Directions,delay_l2,delay,2,other,1.74365316541542,-1.3499636372213872,0.21105896685724534,-0.00982311369796296
spleeter,Tom_McKenzie_-_Directions,delay_l3,delay,3,vocals,7.2844732596442485,6.4077150196826915,-1.3590358938493905,-1.645639913346021
spleeter,Tom_McKenzie_-_Directions,delay_l3,delay,3,drums,12.340952901752622,12.079933012961328,-0.026421082956222364,-0.028643828561047968
spleeter,Tom_McKenzie_-_Directions,delay_l3,delay,3,bass,3.7051372287860387,1.2939935588757503,0.2588937369683122,0.43652632468193686
spleeter,Tom_McKenzie_-_Directions,delay_l3,delay,3,other,1.5910309383823085,-1.5957531540115846,0.05843673982413389,-0.2556126304881603
spleeter,Tom_McKenzie_-_Directions,delay_l4,delay,4,vocals,6.9500757619245075,5.972817960312091,-1.6934333915691315,-2.0805369727166214
spleeter,Tom_McKenzie_-_Directions,delay_l4,delay,4,drums,12.339544507475262,12.078461899841828,-0.027829477233582978,-0.030114941680547958
spleeter,Tom_McKenzie_-_Directions,delay_l4,delay,4,bass,3.725516551590349,1.330537280267471,0.2792730597726223,0.47307004607365766
spleeter,Tom_McKenzie_-_Directions,delay_l4,delay,4,other,1.5572594013595782,-1.6042462510505455,0.024665202801403607,-0.26410572752712125
spleeter,Tom_McKenzie_-_Directions,original,original,0,vocals,8.643509153493639,8.053354933028713,0.0,0.0
spleeter,Tom_McKenzie_-_Directions,original,original,0,drums,12.367373984708845,12.108576841522376,0.0,0.0
spleeter,Tom_McKenzie_-_Directions,original,original,0,bass,3.4462434918177265,0.8574672341938134,0.0,0.0
spleeter,Tom_McKenzie_-_Directions,original,original,0,other,1.5325941985581746,-1.3401405235234243,0.0,0.0
spleeter,Tom_McKenzie_-_Directions,reverb_l1,reverb,1,vocals,7.997033839116481,7.313082279647205,-0.6464753143771578,-0.740272653381508
spleeter,Tom_McKenzie_-_Directions,reverb_l1,reverb,1,drums,12.254072443841137,11.988711538143782,-0.11330154086770783,-0.11986530337859413
spleeter,Tom_McKenzie_-_Directions,reverb_l1,reverb,1,bass,3.539515841430576,1.005560880141681,0.09327234961284958,0.14809364594786767
spleeter,Tom_McKenzie_-_Directions,reverb_l1,reverb,1,other,1.6417161682969352,-1.3882076243083452,0.10912196973876065,-0.048067100784920935
spleeter,Tom_McKenzie_-_Directions,reverb_l2,reverb,2,vocals,6.5596780393992535,5.54514731218034,-2.0838311140943855,-2.5082076208483723
spleeter,Tom_McKenzie_-_Directions,reverb_l2,reverb,2,drums,12.206705451081376,11.938762588352482,-0.1606685336274687,-0.1698142531698945
spleeter,Tom_McKenzie_-_Directions,reverb_l2,reverb,2,bass,3.4364885490861625,0.8144924548718993,-0.009754942731563965,-0.04297477932191418
spleeter,Tom_McKenzie_-_Directions,reverb_l2,reverb,2,other,1.484537912664246,-1.6772913144511126,-0.04805628589392863,-0.3371507909276883
spleeter,Tom_McKenzie_-_Directions,reverb_l3,reverb,3,vocals,6.319319526113956,5.220251339017143,-2.324189627379683,-2.833103594011569
spleeter,Tom_McKenzie_-_Directions,reverb_l3,reverb,3,drums,12.412431554511747,12.155869139988308,0.045057569802901654,0.04729229846593164
spleeter,Tom_McKenzie_-_Directions,reverb_l3,reverb,3,bass,3.429685751620368,0.8040784962188807,-0.016557740197358672,-0.05338873797493271
spleeter,Tom_McKenzie_-_Directions,reverb_l3,reverb,3,other,1.4568656334926602,-1.7003816172782749,-0.0757285650655144,-0.3602410937548506
spleeter,Tom_McKenzie_-_Directions,reverb_l4,reverb,4,vocals,6.3653105893856345,5.277228441973753,-2.2781985641080045,-2.77612649105496
spleeter,Tom_McKenzie_-_Directions,reverb_l4,reverb,4,drums,12.552553775636955,12.3043287669257,0.18517979092811032,0.1957519254033233
spleeter,Tom_McKenzie_-_Directions,reverb_l4,reverb,4,bass,3.4720829655526764,0.8823185709446917,0.02583947373494988,0.02485133675087825
spleeter,Tom_McKenzie_-_Directions,reverb_l4,reverb,4,other,1.4900555815614256,-1.654395971098606,-0.04253861699674899,-0.31425544757518176
demucs,Tom_McKenzie_-_Directions,bitcrush_l1,bitcrush,1,vocals,10.673391199958257,10.288499809046547,-0.16567183081455283,-0.1804852657592626
demucs,Tom_McKenzie_-_Directions,bitcrush_l1,bitcrush,1,drums,15.21704661264373,15.101960650430524,-0.2875762027905733,-0.3020063575308729
demucs,Tom_McKenzie_-_Directions,bitcrush_l1,bitcrush,1,bass,5.203327832565709,3.7697316173827318,0.5546533580289372,0.8607291508198656
demucs,Tom_McKenzie_-_Directions,bitcrush_l1,bitcrush,1,other,2.758721241130972,0.927292749345259,0.32309023163373896,0.3404509735331426
demucs,Tom_McKenzie_-_Directions,bitcrush_l2,bitcrush,2,vocals,10.656223750161244,10.26977434814712,-0.1828392806115655,-0.19921072665868955
demucs,Tom_McKenzie_-_Directions,bitcrush_l2,bitcrush,2,drums,15.1522677715861,15.03366257781867,-0.3523550438482026,-0.37030443014272585
demucs,Tom_McKenzie_-_Directions,bitcrush_l2,bitcrush,2,bass,5.348715337869771,4.032861354421702,0.7000408633329993,1.123858887858836
demucs,Tom_McKenzie_-_Directions,bitcrush_l2,bitcrush,2,other,2.8804916645496688,1.0935944439129344,0.44486065505243566,0.506752668100818
demucs,Tom_McKenzie_-_Directions,bitcrush_l3,bitcrush,3,vocals,10.713098629689483,10.331237848731234,-0.1259644010833263,-0.13774722607457512
demucs,Tom_McKenzie_-_Directions,bitcrush_l3,bitcrush,3,drums,15.193757271777919,15.079236951818524,-0.31086554365638364,-0.3247300561428723
demucs,Tom_McKenzie_-_Directions,bitcrush_l3,bitcrush,3,bass,4.499035530023705,2.6689922049762433,-0.14963894451306636,-0.24001026158662286
demucs,Tom_McKenzie_-_Directions,bitcrush_l3,bitcrush,3,other,2.2604069586438165,0.4649001557526641,-0.17522405085341664,-0.1219416200594523
demucs,Tom_McKenzie_-_Directions,bitcrush_l4,bitcrush,4,vocals,10.24191383959354,9.810470528216271,-0.5971491911792697,-0.6585145465895383
demucs,Tom_McKenzie_-_Directions,bitcrush_l4,bitcrush,4,drums,15.010517549934727,14.886655756565883,-0.49410526549957545,-0.5173112513955136
demucs,Tom_McKenzie_-_Directions,bitcrush_l4,bitcrush,4,bass,4.358162101804802,2.5347367967370853,-0.2905123727319694,-0.3742656698257809
demucs,Tom_McKenzie_-_Directions,bitcrush_l4,bitcrush,4,other,1.9137266556696786,0.19820209580096598,-0.5219043538275545,-0.3886396800111504
demucs,Tom_McKenzie_-_Directions,compression_l1,compression,1,vocals,10.53422653991717,10.135812683278623,-0.3048364908556387,-0.3331723915271869
demucs,Tom_McKenzie_-_Directions,compression_l1,compression,1,drums,15.48879419734687,15.388400449371161,-0.015828618087432744,-0.015566558590235147
demucs,Tom_McKenzie_-_Directions,compression_l1,compression,1,bass,4.606811864950597,2.8427960333871605,-0.04186260958617449,-0.06620643317570574
demucs,Tom_McKenzie_-_Directions,compression_l1,compression,1,other,2.3857871224956457,0.539598114731293,-0.04984388700158737,-0.04724366108082334
demucs,Tom_McKenzie_-_Directions,compression_l2,compression,2,vocals,9.577368258681954,9.072723607135426,-1.2616947720908556,-1.3962614676703833
demucs,Tom_McKenzie_-_Directions,compression_l2,compression,2,drums,15.376690574386629,15.277765038104912,-0.12793224104767376,-0.1262019698564849
demucs,Tom_McKenzie_-_Directions,compression_l2,compression,2,bass,4.618696393782253,2.868198639649936,-0.029978080754518466,-0.04080382691293005
demucs,Tom_McKenzie_-_Directions,compression_l2,compression,2,other,2.3205896397425994,0.4753050825091543,-0.11504136975463375,-0.11153669330296206
demucs,Tom_McKenzie_-_Directions,compression_l3,compression,3,vocals,8.635701721249978,7.997319802591967,-2.2033613095228315,-2.4716652722138424
demucs,Tom_McKenzie_-_Directions,compression_l3,compression,3,drums,15.293265116357004,15.199690857291085,-0.21135769907729873,-0.2042761506703119
demucs,Tom_McKenzie_-_Directions,compression_l3,compression,3,bass,4.871446577976452,3.2458346374255203,0.2227721034396808,0.33683217086265405
demucs,Tom_McKenzie_-_Directions,compression_l3,compression,3,other,2.394163938590504,0.487128955609925,-0.0414670709067293,-0.09971282020219141
demucs,Tom_McKenzie_-_Directions,compression_l4,compression,4,vocals,8.20310607874861,7.491288537045492,-2.6359569520242,-2.977696537760318
demucs,Tom_McKenzie_-_Directions,compression_l4,compression,4,drums,15.25633468259327,15.16025656771718,-0.2482881328410329,-0.2437104402442163
demucs,Tom_McKenzie_-_Directions,compression_l4,compression,4,bass,5.437597934435162,4.107597411411273,0.788923459898391,1.198594944848407
demucs,Tom_McKenzie_-_Directions,compression_l4,compression,4,other,2.6473247547251266,0.807063360129451,0.21169374522789353,0.22022158431733463
demucs,Tom_McKenzie_-_Directions,delay_l1,delay,1,vocals,10.31830107357793,9.895353310930577,-0.52076195719488,-0.5736317638752322
demucs,Tom_McKenzie_-_Directions,delay_l1,delay,1,drums,15.5127551439704,15.4090131418235,0.008132328536097688,0.00504613386210373
demucs,Tom_McKenzie_-_Directions,delay_l1,delay,1,bass,5.586631821901021,4.3118509925466,0.9379573473642493,1.402848525983734
demucs,Tom_McKenzie_-_Directions,delay_l1,delay,1,other,3.076853046696738,1.2190013001915334,0.6412220371995048,0.632159524379417
demucs,Tom_McKenzie_-_Directions,delay_l2,delay,2,vocals,9.864328318940286,9.39198370875005,-0.9747347118325234,-1.0770013660557591
demucs,Tom_McKenzie_-_Directions,delay_l2,delay,2,drums,15.454215852300718,15.348609234107817,-0.05040696313358417,-0.05535777385357932
demucs,Tom_McKenzie_-_Directions,delay_l2,delay,2,bass,4.8556044926044155,3.2859427978062064,0.2069300180676441,0.37694033124334014
demucs,Tom_McKenzie_-_Directions,delay_l2,delay,2,other,2.4268651328378184,0.48846874180685107,-0.00876587665941475,-0.09837303400526531
demucs,Tom_McKenzie_-_Directions,delay_l3,delay,3,vocals,9.468670020033999,8.948082367176413,-1.3703930107388107,-1.5209027076293964
demucs,Tom_McKenzie_-_Directions,delay_l3,delay,3,drums,15.306992149636955,15.194778506627832,-0.19763066579734812,-0.20918850133356415
demucs,Tom_McKenzie_-_Directions,delay_l3,delay,3,bass,4.610174552820872,2.864717207910274,-0.038499921715899,-0.04428525865259214
demucs,Tom_McKenzie_-_Directions,delay_l3,delay,3,other,2.1206228557697875,0.2561788554767593,-0.3150081537274456,-0.3306629203353571
demucs,Tom_McKenzie_-_Directions,delay_l4,delay,4,vocals,9.069920236905181,8.498279704460579,-1.769142793867628,-1.9707053703452306
demucs,Tom_McKenzie_-_Directions,delay_l4,delay,4,drums,15.254010545876035,15.140473074444554,-0.25061226955826754,-0.2634939335168429
demucs,Tom_McKenzie_-_Directions,delay_l4,delay,4,bass,4.723158747496902,3.0355643022951506,0.07448427296013094,0.1265618357322844
demucs,Tom_McKenzie_-_Directions,delay_l4,delay,4,other,2.0986723710540067,0.13502577378750533,-0.3369586384432264,-0.45181600202461103
demucs,Tom_McKenzie_-_Directions,original,original,0,vocals,10.83906303077281,10.46898507480581,0.0,0.0
demucs,Tom_McKenzie_-_Directions,original,original,0,drums,15.504622815434303,15.403967007961397,0.0,0.0
demucs,Tom_McKenzie_-_Directions,original,original,0,bass,4.648674474536771,2.909002466562866,0.0,0.0
demucs,Tom_McKenzie_-_Directions,original,original,0,other,2.435631009497233,0.5868417758121164,0.0,0.0
demucs,Tom_McKenzie_-_Directions,reverb_l1,reverb,1,vocals,10.041594117140026,9.590315530122206,-0.7974689136327839,-0.8786695446836035
demucs,Tom_McKenzie_-_Directions,reverb_l1,reverb,1,drums,15.425036277395206,15.322232890855489,-0.07958653803909677,-0.08173411710590806
demucs,Tom_McKenzie_-_Directions,reverb_l1,reverb,1,bass,4.64036033233665,2.9155852825313247,-0.008314142200121388,0.006582815968458444
demucs,Tom_McKenzie_-_Directions,reverb_l1,reverb,1,other,2.448032512211652,0.6333562091483446,0.012401502714419088,0.04651443333622818
demucs,Tom_McKenzie_-_Directions,reverb_l2,reverb,2,vocals,8.320169594919168,7.628545543291475,-2.5188934358536414,-2.8404395315143347
demucs,Tom_McKenzie_-_Directions,reverb_l2,reverb,2,drums,15.354152811668191,15.246948341331574,-0.1504700037661113,-0.15701866662982233
demucs,Tom_McKenzie_-_Directions,reverb_l2,reverb,2,bass,4.529036623687982,2.7724843274310462,-0.11963785084878964,-0.13651813913181998
demucs,Tom_McKenzie_-_Directions,reverb_l2,reverb,2,other,2.1105297865386037,0.22082395357596252,-0.3251012229586294,-0.36601782223615387
demucs,Tom_McKenzie_-_Directions,reverb_l3,reverb,3,vocals,7.880101537751376,7.107823935845104,-2.958961493021434,-3.3611611389607052
demucs,Tom_McKenzie_-_Directions,reverb_l3,reverb,3,drums,15.584059946639643,15.479517006464512,0.07943713120534035,0.07554999850311539
demucs,Tom_McKenzie_-_Directions,reverb_l3,reverb,3,bass,4.825052147338885,3.2658607703079436,0.17637767280211403,0.35685830374507743
demucs,Tom_McKenzie_-_Directions,reverb_l3,reverb,3,other,2.285808297071606,0.3706613521967246,-0.14982271242562728,-0.2161804236153918
demucs,Tom_McKenzie_-_Directions,reverb_l4,reverb,4,vocals,7.79162826986828,7.002091191538582,-3.0474347609045296,-3.466893883267227
demucs,Tom_McKenzie_-_Directions,reverb_l4,reverb,4,drums,15.696159201812325,15.59369055096355,0.19153638637802217,0.18972354300215422
demucs,Tom_McKenzie_-_Directions,reverb_l4,reverb,4,bass,5.178992459412256,3.7401168272575678,0.5303179848754844,0.8311143606947016
demucs,Tom_McKenzie_-_Directions,reverb_l4,reverb,4,other,2.5682607981458454,0.6269664286470613,0.1326297886486123,0.04012465283494493
spleeter,Triviul_feat._The_Fiend_-_Widow,bitcrush_l1,bitcrush,1,vocals,7.7493162348867095,7.029959074809854,-0.7885503472110962,-0.9451092467712918
spleeter,Triviul_feat._The_Fiend_-_Widow,bitcrush_l1,bitcrush,1,drums,4.656062224863708,2.8383053968931806,-0.012546800746937592,-0.01782546495545212
spleeter,Triviul_feat._The_Fiend_-_Widow,bitcrush_l1,bitcrush,1,bass,10.157098193411457,9.75528663377888,0.03679243396923226,0.03703908817670154
spleeter,Triviul_feat._The_Fiend_-_Widow,bitcrush_l1,bitcrush,1,other,3.730295659895806,1.5064439216714454,-0.030996250189719188,-0.053473471835796094
spleeter,Triviul_feat._The_Fiend_-_Widow,bitcrush_l2,bitcrush,2,vocals,7.752505290404743,7.033869404792394,-0.7853612916930626,-0.9411989167887516
spleeter,Triviul_feat._The_Fiend_-_Widow,bitcrush_l2,bitcrush,2,drums,4.656350962226842,2.8388014914729625,-0.012258063383803197,-0.017329370375670283
spleeter,Triviul_feat._The_Fiend_-_Widow,bitcrush_l2,bitcrush,2,bass,10.15774146568159,9.75592809194041,0.037435706239365985,0.03768054633823148
spleeter,Triviul_feat._The_Fiend_-_Widow,bitcrush_l2,bitcrush,2,other,3.734107511132136,1.5106604539768933,-0.02718439895338909,-0.049256939530348154
spleeter,Triviul_feat._The_Fiend_-_Widow,bitcrush_l3,bitcrush,3,vocals,7.755017930804958,7.036161319984649,-0.7828486512928476,-0.9389070015964966
spleeter,Triviul_feat._The_Fiend_-_Widow,bitcrush_l3,bitcrush,3,drums,4.651397423633974,2.831776844260765,-0.01721160197667082,-0.024354017587867816
spleeter,Triviul_feat._The_Fiend_-_Widow,bitcrush_l3,bitcrush,3,bass,10.164816081786181,9.762951192081786,0.04451032234395669,0.044703646479607784
spleeter,Triviul_feat._The_Fiend_-_Widow,bitcrush_l3,bitcrush,3,other,3.745287069128882,1.5263479338219008,-0.016004840956643118,-0.03356945968534064
spleeter,Triviul_feat._The_Fiend_-_Widow,bitcrush_l4,bitcrush,4,vocals,7.613797179597292,6.856970585180621,-0.9240694025005141,-1.1180977364005251
spleeter,Triviul_feat._The_Fiend_-_Widow,bitcrush_l4,bitcrush,4,drums,4.546065029460188,2.67459154886832,-0.12254399615045752,-0.18153931298031267
spleeter,Triviul_feat._The_Fiend_-_Widow,bitcrush_l4,bitcrush,4,bass,10.178570599660173,9.775833955688034,0.05826484021794798,0.05758641008585563
spleeter,Triviul_feat._The_Fiend_-_Widow,bitcrush_l4,bitcrush,4,other,3.687521569128805,1.4425718055176118,-0.0737703409567203,-0.11734558798962968
spleeter,Triviul_feat._The_Fiend_-_Widow,compression_l1,compression,1,vocals,8.402102257200829,7.8209763213572305,-0.13576432489697687,-0.15409200022391545
spleeter,Triviul_feat._The_Fiend_-_Widow,compression_l1,compression,1,drums,4.6034434389652095,2.7574218082566286,-0.0651655866454357,-0.0987090535920041
spleeter,Triviul_feat._The_Fiend_-_Widow,compression_l1,compression,1,bass,10.112669026102028,9.708953807287173,-0.00763673334019721,-0.009293738315005129
spleeter,Triviul_feat._The_Fiend_-_Widow,compression_l1,compression,1,other,3.737525282504573,1.508468360414098,-0.02376662758095227,-0.051449033093143415
spleeter,Triviul_feat._The_Fiend_-_Widow,compression_l2,compression,2,vocals,8.097885494791761,7.457699675648092,-0.43998108730604457,-0.517368645933054
spleeter,Triviul_feat._The_Fiend_-_Widow,compression_l2,compression,2,drums,4.414940859491913,2.4715152594328993,-0.25366816611873233,-0.38461560241573345
spleeter,Triviul_feat._The_Fiend_-_Widow,compression_l2,compression,2,bass,10.050225196657717,9.64122547924773,-0.0700805627845078,-0.07702206635444853
spleeter,Triviul_feat._The_Fiend_-_Widow,compression_l2,compression,2,other,3.691741482755972,1.4304634707814048,-0.06955042732955308,-0.12945392272583667
spleeter,Triviul_feat._The_Fiend_-_Widow,compression_l3,compression,3,vocals,7.936737774321338,7.255739342248138,-0.601128807776468,-0.7193289793330075
spleeter,Triviul_feat._The_Fiend_-_Widow,compression_l3,compression,3,drums,4.271478652667231,2.2542293574115733,-0.3971303729434146,-0.6019015044370595
spleeter,Triviul_feat._The_Fiend_-_Widow,compression_l3,compression,3,bass,9.997125283307867,9.58403882715863,-0.12318047613435823,-0.1342087184435492
spleeter,Triviul_feat._The_Fiend_-_Widow,compression_l3,compression,3,other,3.7162230080622694,1.477115914519056,-0.04506890202325575,-0.08280147898818546
spleeter,Triviul_feat._The_Fiend_-_Widow,compression_l4,compression,4,vocals,7.728456059192359,6.974679579517444,-0.8094105229054467,-1.000388742063702
spleeter,Triviul_feat._The_Fiend_-_Widow,compression_l4,compression,4,drums,3.9755032502724594,1.7790243297611674,-0.6931057753381857,-1.0771065320874653
spleeter,Triviul_feat._The_Fiend_-_Widow,compression_l4,compression,4,bass,9.55866850343942,9.133398368290987,-0.561637256002804,-0.5848491773111917
spleeter,Triviul_feat._The_Fiend_-_Widow,compression_l4,compression,4,other,3.3734638732743187,1.0668632004347847,-0.38782803681120637,-0.4930541930724568
spleeter,Triviul_feat._The_Fiend_-_Widow,delay_l1,delay,1,vocals,8.247425398323383,7.618580575671134,-0.29044118377442274,-0.3564877459100124
spleeter,Triviul_feat._The_Fiend_-_Widow,delay_l1,delay,1,drums,4.619092980039364,2.7823020195563024,-0.04951604557128153,-0.07382884229233033
spleeter,Triviul_feat._The_Fiend_-_Widow,delay_l1,delay,1,bass,10.114036991133146,9.710847590104756,-0.006268768309078965,-0.007399955497422894
spleeter,Triviul_feat._The_Fiend_-_Widow,delay_l1,delay,1,other,3.4923916568339646,1.1568696553453883,-0.26890025325156053,-0.40304773816185313
spleeter,Triviul_feat._The_Fiend_-_Widow,delay_l2,delay,2,vocals,7.4671082861461215,6.668637708621985,-1.0707582959516841,-1.3064306129591614
spleeter,Triviul_feat._The_Fiend_-_Widow,delay_l2,delay,2,drums,4.540999318025577,2.661682802310095,-0.1276097075850684,-0.1944480595385376
spleeter,Triviul_feat._The_Fiend_-_Widow,delay_l2,delay,2,bass,10.074618510989842,9.668153841461892,-0.045687248452383145,-0.05009370414028602
spleeter,Triviul_feat._The_Fiend_-_Widow,delay_l2,delay,2,other,2.7641594274507026,0.11949689060078664,-0.9971324826348225,-1.4404205029064547
spleeter,Triviul_feat._The_Fiend_-_Widow,delay_l3,delay,3,vocals,6.8694878152845975,5.901822651210663,-1.6683787668132082,-2.0732456703704827
spleeter,Triviul_feat._The_Fiend_-_Widow,delay_l3,delay,3,drums,4.34154662090908,2.3549590306971715,-0.32706240470156533,-0.5011718311514612
spleeter,Triviul_feat._The_Fiend_-_Widow,delay_l3,delay,3,bass,10.008666542227756,9.601401337191263,-0.1116392172144689,-0.11684620841091586
spleeter,Triviul_feat._The_Fiend_-_Widow,delay_l3,delay,3,other,2.298105639912788,-0.5614802193552328,-1.463186270172737,-2.1213976128624745
spleeter,Triviul_feat._The_Fiend_-_Widow,delay_l4,delay,4,vocals,6.412591853284551,5.295249908177359,-2.1252747288132543,-2.679818413403787
spleeter,Triviul_feat._The_Fiend_-_Widow,delay_l4,delay,4,drums,4.286783149179641,2.2665385157097906,-0.3818258764310043,-0.5895923461388421
spleeter,Triviul_feat._The_Fiend_-_Widow,delay_l4,delay,4,bass,9.956488046514197,9.548176226804317,-0.1638177129280276,-0.17007131879786108
spleeter,Triviul_feat._The_Fiend_-_Widow,delay_l4,delay,4,other,1.8546966864971237,-1.1370849328890666,-1.9065952235884014,-2.697002326396308
spleeter,Triviul_feat._The_Fiend_-_Widow,original,original,0,vocals,8.537866582097806,7.975068321581146,0.0,0.0
spleeter,Triviul_feat._The_Fiend_-_Widow,original,original,0,drums,4.668609025610645,2.8561308618486327,0.0,0.0
spleeter,Triviul_feat._The_Fiend_-_Widow,original,original,0,bass,10.120305759442225,9.718247545602178,0.0,0.0
spleeter,Triviul_feat._The_Fiend_-_Widow,original,original,0,other,3.761291910085525,1.5599173935072415,0.0,0.0
spleeter,Triviul_feat._The_Fiend_-_Widow,reverb_l1,reverb,1,vocals,8.31322221883074,7.704435030989751,-0.22464436326706583,-0.2706332905913946
spleeter,Triviul_feat._The_Fiend_-_Widow,reverb_l1,reverb,1,drums,4.650385709596004,2.829455461906358,-0.018223316014641,-0.026675399942274858
spleeter,Triviul_feat._The_Fiend_-_Widow,reverb_l1,reverb,1,bass,10.111351547573602,9.70639064361192,-0.008954211868623219,-0.01185690199025835
spleeter,Triviul_feat._The_Fiend_-_Widow,reverb_l1,reverb,1,other,3.5572112641067024,1.2620648979913631,-0.2040806459788227,-0.29785249551587833
spleeter,Triviul_feat._The_Fiend_-_Widow,reverb_l2,reverb,2,vocals,7.310101066279393,6.442476031238992,-1.2277655158184126,-1.532592290342154
spleeter,Triviul_feat._The_Fiend_-_Widow,reverb_l2,reverb,2,drums,4.59412636830998,2.753187713790901,-0.07448265730066517,-0.10294314805773164
spleeter,Triviul_feat._The_Fiend_-_Widow,reverb_l2,reverb,2,bass,9.955270681205088,9.538117393915162,-0.16503507823713726,-0.18013015168701685
spleeter,Triviul_feat._The_Fiend_-_Widow,reverb_l2,reverb,2,other,2.5698662532074796,-0.016974303271729815,-1.1914256568780455,-1.5768916967789712
spleeter,Triviul_feat._The_Fiend_-_Widow,reverb_l3,reverb,3,vocals,7.036994072528473,6.0887637647071475,-1.5008725095693327,-1.8863045568739985
spleeter,Triviul_feat._The_Fiend_-_Widow,reverb_l3,reverb,3,drums,4.691502044902104,2.905733140641087,0.022893019291458927,0.04960227879245416
spleeter,Triviul_feat._The_Fiend_-_Widow,reverb_l3,reverb,3,bass,9.839182734892312,9.415663453861832,-0.2811230245499132,-0.3025840917403464
spleeter,Triviul_feat._The_Fiend_-_Widow,reverb_l3,reverb,3,other,2.222072109848078,-0.2768950575469862,-1.539219800237447,-1.8368124510542276
spleeter,Triviul_feat._The_Fiend_-_Widow,reverb_l4,reverb,4,vocals,7.071505646085264,6.130364418888994,-1.466360936012542,-1.8447039026921521
spleeter,Triviul_feat._The_Fiend_-_Widow,reverb_l4,reverb,4,drums,4.730175146460858,2.965099188705925,0.06156612085021251,0.1089683268572923
spleeter,Triviul_feat._The_Fiend_-_Widow,reverb_l4,reverb,4,bass,9.830119323973047,9.40620040609877,-0.29018643546917744,-0.3120471395034077
spleeter,Triviul_feat._The_Fiend_-_Widow,reverb_l4,reverb,4,other,2.233601170279569,-0.22422551765105486,-1.5276907398059563,-1.7841429111582963
demucs,Triviul_feat._The_Fiend_-_Widow,bitcrush_l1,bitcrush,1,vocals,9.779391911610409,9.33787669968392,-0.17305367552830297,-0.19649417797604585
demucs,Triviul_feat._The_Fiend_-_Widow,bitcrush_l1,bitcrush,1,drums,8.016865213156347,7.276952630747372,-0.14474743033113135,-0.17661900501246564
demucs,Triviul_feat._The_Fiend_-_Widow,bitcrush_l1,bitcrush,1,bass,15.99236808523199,15.881919640360884,-0.03696668705808115,-0.03815233779615923
demucs,Triviul_feat._The_Fiend_-_Widow,bitcrush_l1,bitcrush,1,other,4.692485291831368,2.8926454820813383,-0.10311507466958947,-0.15420984128623516
demucs,Triviul_feat._The_Fiend_-_Widow,bitcrush_l2,bitcrush,2,vocals,9.792804494561086,9.35308149071764,-0.15964109257762615,-0.18128938694232488
demucs,Triviul_feat._The_Fiend_-_Widow,bitcrush_l2,bitcrush,2,drums,8.000012588932176,7.2569783589557275,-0.16160005455530246,-0.19659327680411032
demucs,Triviul_feat._The_Fiend_-_Widow,bitcrush_l2,bitcrush,2,bass,15.99955764472215,15.889200017697158,-0.029777127567919948,-0.030871960459885273
demucs,Triviul_feat._The_Fiend_-_Widow,bitcrush_l2,bitcrush,2,other,4.708923468358241,2.917270389063949,-0.08667689814271728,-0.1295849343036246
demucs,Triviul_feat._The_Fiend_-_Widow,bitcrush_l3,bitcrush,3,vocals,9.780293981035822,9.332088004686216,-0.17215160610289004,-0.2022828729737487
demucs,Triviul_feat._The_Fiend_-_Widow,bitcrush_l3,bitcrush,3,drums,7.9870018681466,7.239650697311799,-0.1746107753408781,-0.21392093844803917
demucs,Triviul_feat._The_Fiend_-_Widow,bitcrush_l3,bitcrush,3,bass,15.985585270655431,15.874937188245827,-0.04374950163463964,-0.045134789911216444
demucs,Triviul_feat._The_Fiend_-_Widow,bitcrush_l3,bitcrush,3,other,4.709574712823273,2.922696798880968,-0.08602565367768467,-0.12415852448660569
demucs,Triviul_feat._The_Fiend_-_Widow,bitcrush_l4,bitcrush,4,vocals,9.509479254197373,9.007338242819738,-0.4429663329413387,-0.5270326348402268
demucs,Triviul_feat._The_Fiend_-_Widow,bitcrush_l4,bitcrush,4,drums,7.841162369438113,7.068293095307654,-0.32045027404936555,-0.3852785404521839
demucs,Triviul_feat._The_Fiend_-_Widow,bitcrush_l4,bitcrush,4,bass,15.957666032752563,15.846287159524028,-0.07166873953750752,-0.07378481863301545
demucs,Triviul_feat._The_Fiend_-_Widow,bitcrush_l4,bitcrush,4,other,4.498910840623937,2.6222889802888116,-0.2966895258770208,-0.42456634307876184
demucs,Triviul_feat._The_Fiend_-_Widow,compression_l1,compression,1,vocals,9.8047905217903,9.371809721891777,-0.14765506534841144,-0.16256115576818786
demucs,Triviul_feat._The_Fiend_-_Widow,compression_l1,compression,1,drums,8.08229327457998,7.357559593142132,-0.07931936890749824,-0.0960120426177058
demucs,Triviul_feat._The_Fiend_-_Widow,compression_l1,compression,1,bass,15.981718746635096,15.87117867835397,-0.04761602565497469,-0.048893299803072665
demucs,Triviul_feat._The_Fiend_-_Widow,compression_l1,compression,1,other,4.71671550711071,2.9286904501003095,-0.07888485939024825,-0.11816487326726399
demucs,Triviul_feat._The_Fiend_-_Widow,compression_l2,compression,2,vocals,9.579560136877156,9.12308847017938,-0.3728854502615562,-0.4112824074805843
demucs,Triviul_feat._The_Fiend_-_Widow,compression_l2,compression,2,drums,7.835838726979163,7.064735399736874,-0.32577391650831533,-0.38883623602296424
demucs,Triviul_feat._The_Fiend_-_Widow,compression_l2,compression,2,bass,15.874691206296099,15.761360909843297,-0.15464356599397178,-0.15871106831374604
demucs,Triviul_feat._The_Fiend_-_Widow,compression_l2,compression,2,other,4.626321505662134,2.7913386524317834,-0.1692788608388236,-0.2555166709357901
demucs,Triviul_feat._The_Fiend_-_Widow,compression_l3,compression,3,vocals,9.52420467514455,9.062071581900668,-0.4282409119941626,-0.4722992957592975
demucs,Triviul_feat._The_Fiend_-_Widow,compression_l3,compression,3,drums,7.6893543496091095,6.890670086989345,-0.4722582938783688,-0.5629015487704931
demucs,Triviul_feat._The_Fiend_-_Widow,compression_l3,compression,3,bass,15.86723543547102,15.754027329806346,-0.16209933681905042,-0.166044648350697
demucs,Triviul_feat._The_Fiend_-_Widow,compression_l3,compression,3,other,4.586020157618655,2.7295101808782314,-0.20958020888230333,-0.3173451424893421
demucs,Triviul_feat._The_Fiend_-_Widow,compression_l4,compression,4,vocals,9.666129735333419,9.216281162742044,-0.28631585180529306,-0.31808971491792093
demucs,Triviul_feat._The_Fiend_-_Widow,compression_l4,compression,4,drums,7.754203314275969,6.968285295057769,-0.4074093292115091,-0.48528634070206866
demucs,Triviul_feat._The_Fiend_-_Widow,compression_l4,compression,4,bass,15.858913263908716,15.745178629777318,-0.17042150838135406,-0.17489334837972592
demucs,Triviul_feat._The_Fiend_-_Widow,compression_l4,compression,4,other,4.69440661074442,2.8947114481797573,-0.10119375575653766,-0.15214387518781614
demucs,Triviul_feat._The_Fiend_-_Widow,delay_l1,delay,1,vocals,9.572422341157102,9.104718057503367,-0.38002324598160975,-0.42965282015659767
demucs,Triviul_feat._The_Fiend_-_Widow,delay_l1,delay,1,drums,8.082134071593751,7.355674083738508,-0.07947857189372698,-0.09789755202132966
demucs,Triviul_feat._The_Fiend_-_Widow,delay_l1,delay,1,bass,15.961105322980124,15.850170517098494,-0.06822944930994623,-0.06990146105854933
demucs,Triviul_feat._The_Fiend_-_Widow,delay_l1,delay,1,other,4.544858385338145,2.667232019811032,-0.2507419811628129,-0.3796233035565413
demucs,Triviul_feat._The_Fiend_-_Widow,delay_l2,delay,2,vocals,8.89373361221195,8.327371678301255,-1.0587119749267622,-1.2069991993587106
demucs,Triviul_feat._The_Fiend_-_Widow,delay_l2,delay,2,drums,7.88766424546224,7.123948020522551,-0.2739483980252384,-0.32962361523728667
demucs,Triviul_feat._The_Fiend_-_Widow,delay_l2,delay,2,bass,15.873814629125336,15.760372112256052,-0.1555201431647344,-0.1596998659009916
demucs,Triviul_feat._The_Fiend_-_Widow,delay_l2,delay,2,other,3.98257069839935,1.7932884350771439,-0.813029668101608,-1.2535668882904296
demucs,Triviul_feat._The_Fiend_-_Widow,delay_l3,delay,3,vocals,8.205783637480234,7.507738433854384,-1.7466619496584777,-2.026632443805581
demucs,Triviul_feat._The_Fiend_-_Widow,delay_l3,delay,3,drums,7.609870531015865,6.795754520680165,-0.5517421124716133,-0.6578171150796726
demucs,Triviul_feat._The_Fiend_-_Widow,delay_l3,delay,3,bass,15.802884429349696,15.687497695691668,-0.22645034294037458,-0.23257428246537515
demucs,Triviul_feat._The_Fiend_-_Widow,delay_l3,delay,3,other,3.4146185671715505,0.8655070012880793,-1.3809817993294073,-2.181348322079494
demucs,Triviul_feat._The_Fiend_-_Widow,delay_l4,delay,4,vocals,7.5940813678421435,6.771149536153491,-2.3583642192965684,-2.7632213415064744
demucs,Triviul_feat._The_Fiend_-_Widow,delay_l4,delay,4,drums,7.5291603408256735,6.69720623003787,-0.6324523026618047,-0.7563654057219678
demucs,Triviul_feat._The_Fiend_-_Widow,delay_l4,delay,4,bass,15.703216492884328,15.585317789495775,-0.32611827940574223,-0.33475418866126816
demucs,Triviul_feat._The_Fiend_-_Widow,delay_l4,delay,4,other,2.7765999341578187,-0.20935384964331888,-2.019000432343139,-3.2562091730108924
demucs,Triviul_feat._The_Fiend_-_Widow,original,original,0,vocals,9.952445587138712,9.534370877659965,0.0,0.0
demucs,Triviul_feat._The_Fiend_-_Widow,original,original,0,drums,8.161612643487478,7.453571635759838,0.0,0.0
demucs,Triviul_feat._The_Fiend_-_Widow,original,original,0,bass,16.02933477229007,15.920071978157043,0.0,0.0
demucs,Triviul_feat._The_Fiend_-_Widow,original,original,0,other,4.795600366500958,3.0468553233675735,0.0,0.0
demucs,Triviul_feat._The_Fiend_-_Widow,reverb_l1,reverb,1,vocals,9.76100983870224,9.31057878650552,-0.19143574843647215,-0.22379209115444532
demucs,Triviul_feat._The_Fiend_-_Widow,reverb_l1,reverb,1,drums,8.131956148820981,7.417818635875228,-0.029656494666497224,-0.035752999884610226
demucs,Triviul_feat._The_Fiend_-_Widow,reverb_l1,reverb,1,bass,15.977130642200525,15.866193457842163,-0.05220413008954594,-0.05387852031488016
demucs,Triviul_feat._The_Fiend_-_Widow,reverb_l1,reverb,1,other,4.654444131080137,2.8361273831130007,-0.14115623542082112,-0.21072794025457275
demucs,Triviul_feat._The_Fiend_-_Widow,reverb_l2,reverb,2,vocals,8.864257894868002,8.264315904271148,-1.0881876922707097,-1.2700549733888167
demucs,Triviul_feat._The_Fiend_-_Widow,reverb_l2,reverb,2,drums,8.006907541300665,7.271207284367824,-0.15470510218681355,-0.1823643513920139
demucs,Triviul_feat._The_Fiend_-_Widow,reverb_l2,reverb,2,bass,15.741044742728683,15.623732559420896,-0.28829002956138794,-0.29633941873614766
demucs,Triviul_feat._The_Fiend_-_Widow,reverb_l2,reverb,2,other,3.8342849482317782,1.6587851437480137,-0.9613154182691797,-1.3880701796195598
demucs,Triviul_feat._The_Fiend_-_Widow,reverb_l3,reverb,3,vocals,8.037594632779724,7.306644228192239,-1.9148509543589878,-2.2277266494677264
demucs,Triviul_feat._The_Fiend_-_Widow,reverb_l3,reverb,3,drums,8.263620092074484,7.57667174826734,0.10200744858700617,0.12310011250750197
demucs,Triviul_feat._The_Fiend_-_Widow,reverb_l3,reverb,3,bass,15.692091141381109,15.573412422219796,-0.3372436309089615,-0.3466595559372472
demucs,Triviul_feat._The_Fiend_-_Widow,reverb_l3,reverb,3,other,2.9426269153201328,0.7332845983371241,-1.8529734511808251,-2.3135707250304494
demucs,Triviul_feat._The_Fiend_-_Widow,reverb_l4,reverb,4,vocals,7.802033875416756,7.029254835695903,-2.150411711721956,-2.5051160419640626
demucs,Triviul_feat._The_Fiend_-_Widow,reverb_l4,reverb,4,drums,8.33389076168492,7.659969737915043,0.17227811819744154,0.20639810215520527
demucs,Triviul_feat._The_Fiend_-_Widow,reverb_l4,reverb,4,bass,15.706445447610909,15.588225260316705,-0.32288932467916176,-0.3318467178403388
demucs,Triviul_feat._The_Fiend_-_Widow,reverb_l4,reverb,4,other,2.6741262448831966,0.4813487285377468,-2.1214741216177613,-2.565506594829827
spleeter,We_Fell_From_The_Sky_-_Not_You,bitcrush_l1,bitcrush,1,vocals,4.457855652683663,2.5879249760934133,-0.5552076127930059,-0.8554108999464267
spleeter,We_Fell_From_The_Sky_-_Not_You,bitcrush_l1,bitcrush,1,drums,8.118422132062333,7.513793623160168,-0.025332325140814405,-0.0285402619324584
spleeter,We_Fell_From_The_Sky_-_Not_You,bitcrush_l1,bitcrush,1,bass,0.7446184169154734,-4.284725064359089,0.021986731096090062,0.013701981850572587
spleeter,We_Fell_From_The_Sky_-_Not_You,bitcrush_l1,bitcrush,1,other,5.973841151394936,4.715985593451505,-0.033317751393688866,-0.04089850120356697
spleeter,We_Fell_From_The_Sky_-_Not_You,bitcrush_l2,bitcrush,2,vocals,4.458183879598378,2.5879424001844873,-0.5548793858782908,-0.8553934758553527
spleeter,We_Fell_From_The_Sky_-_Not_You,bitcrush_l2,bitcrush,2,drums,8.119069958882152,7.514498065434338,-0.02468449832099573,-0.027835819658288408
spleeter,We_Fell_From_The_Sky_-_Not_You,bitcrush_l2,bitcrush,2,bass,0.7444464582094952,-4.282996762514309,0.02181477239011187,0.015430283695351932
spleeter,We_Fell_From_The_Sky_-_Not_You,bitcrush_l2,bitcrush,2,other,5.973866742194346,4.716034872503294,-0.03329216059427864,-0.04084922215177755
spleeter,We_Fell_From_The_Sky_-_Not_You,bitcrush_l3,bitcrush,3,vocals,4.458900656856253,2.581551198082925,-0.5541626086204161,-0.8617846779569152
spleeter,We_Fell_From_The_Sky_-_Not_You,bitcrush_l3,bitcrush,3,drums,8.117192354458167,7.512191751072183,-0.02656210274498072,-0.0301421340204433
spleeter,We_Fell_From_The_Sky_-_Not_You,bitcrush_l3,bitcrush,3,bass,0.7434649795267954,-4.280727308538207,0.02083329370741205,0.017699737671454052
spleeter,We_Fell_From_The_Sky_-_Not_You,bitcrush_l3,bitcrush,3,other,5.97613879900366,4.7198817898751235,-0.031020103784964448,-0.03700230477994815
spleeter,We_Fell_From_The_Sky_-_Not_You,bitcrush_l4,bitcrush,4,vocals,4.290152793423156,2.285578886490576,-0.7229104720535133,-1.1577569895492639
spleeter,We_Fell_From_The_Sky_-_Not_You,bitcrush_l4,bitcrush,4,drums,8.111022688169271,7.503801984683303,-0.032731769033876645,-0.03853190040932297
spleeter,We_Fell_From_The_Sky_-_Not_You,bitcrush_l4,bitcrush,4,bass,0.7465646630424961,-4.253612319795395,0.023932977223112828,0.044814726414266204
spleeter,We_Fell_From_The_Sky_-_Not_You,bitcrush_l4,bitcrush,4,other,5.946111432573032,4.687126831830392,-0.06104747021559298,-0.06975726282467942
spleeter,We_Fell_From_The_Sky_-_Not_You,compression_l1,compression,1,vocals,4.784356911014779,3.1072627156618733,-0.22870635446188992,-0.33607316037796675
spleeter,We_Fell_From_The_Sky_-_Not_You,compression_l1,compression,1,drums,8.115874134182494,7.511399268822037,-0.027880323020653464,-0.030934616270589466
spleeter,We_Fell_From_The_Sky_-_Not_You,compression_l1,compression,1,bass,0.726369188882634,-4.2982763487121005,0.0037375030632507134,0.00015069749756069228
spleeter,We_Fell_From_The_Sky_-_Not_You,compression_l1,compression,1,other,5.9673404575234645,4.703576238344665,-0.03981844526516021,-0.0533078563104068
spleeter,We_Fell_From_The_Sky_-_Not_You,compression_l2,compression,2,vocals,4.242190216802885,2.259378414037924,-0.770873048673784,-1.1839574620019162
spleeter,We_Fell_From_The_Sky_-_Not_You,compression_l2,compression,2,drums,8.021606308580143,7.409175103691693,-0.12214814862300472,-0.13315878140093318
spleeter,We_Fell_From_The_Sky_-_Not_You,compression_l2,compression,2,bass,0.7175625821462884,-4.326602923421024,-0.005069103673094877,-0.028175877211363165
spleeter,We_Fell_From_The_Sky_-_Not_You,compression_l2,compression,2,other,5.870996879658602,4.576168185617123,-0.1361620231300229,-0.1807159090379491
spleeter,We_Fell_From_The_Sky_-_Not_You,compression_l3,compression,3,vocals,3.9982178786428375,1.8567027365785496,-1.0148453868338314,-1.5866331394612905
spleeter,We_Fell_From_The_Sky_-_Not_You,compression_l3,compression,3,drums,7.950105775350966,7.332184103805794,-0.19364868185218143,-0.21014978128683204
spleeter,We_Fell_From_The_Sky_-_Not_You,compression_l3,compression,3,bass,0.7032079119930132,-4.366609404641937,-0.01942377382637006,-0.06818235843227605
spleeter,We_Fell_From_The_Sky_-_Not_You,compression_l3,compression,3,other,5.844101305684585,4.540798924763007,-0.16305759710403933,-0.2160851698920645
spleeter,We_Fell_From_The_Sky_-_Not_You,compression_l4,compression,4,vocals,4.132003587331177,2.074510518643329,-0.8810596781454922,-1.3688253573965112
spleeter,We_Fell_From_The_Sky_-_Not_You,compression_l4,compression,4,drums,7.935830280738513,7.317218754686041,-0.20792417646463512,-0.22511513040658482
spleeter,We_Fell_From_The_Sky_-_Not_You,compression_l4,compression,4,bass,0.6443391266025162,-4.471224756460394,-0.07829255921686706,-0.17279771025073298
spleeter,We_Fell_From_The_Sky_-_Not_You,compression_l4,compression,4,other,5.866617479581084,4.570239804668998,-0.14054142320754082,-0.18664428998607363
spleeter,We_Fell_From_The_Sky_-_Not_You,delay_l1,delay,1,vocals,4.492331987657707,2.6484330500743534,-0.5207312778189621,-0.7949028259654867
spleeter,We_Fell_From_The_Sky_-_Not_You,delay_l1,delay,1,drums,8.111156522706311,7.510335137423786,-0.032597934496836345,-0.031998747668840366
spleeter,We_Fell_From_The_Sky_-_Not_You,delay_l1,delay,1,bass,0.6716950428730678,-4.332282986270602,-0.0509366429463155,-0.03385594006094106
spleeter,We_Fell_From_The_Sky_-_Not_You,delay_l1,delay,1,other,5.877206882498496,4.586310134883746,-0.12995202029012898,-0.1705739597713256
spleeter,We_Fell_From_The_Sky_-_Not_You,delay_l2,delay,2,vocals,3.685223892709961,1.3138009372827353,-1.3278393727667077,-2.1295349387571045
spleeter,We_Fell_From_The_Sky_-_Not_You,delay_l2,delay,2,drums,8.07476486460944,7.470333991965541,-0.06898959259370763,-0.0719998931270851
spleeter,We_Fell_From_The_Sky_-_Not_You,delay_l2,delay,2,bass,0.6473087317672731,-4.383951193180279,-0.0753229540521102,-0.08552414697061739
spleeter,We_Fell_From_The_Sky_-_Not_You,delay_l2,delay,2,other,5.655762305093809,4.299308483483502,-0.3513965976948157,-0.45757561117156964
spleeter,We_Fell_From_The_Sky_-_Not_You,delay_l3,delay,3,vocals,3.183754745665963,0.34896472012733093,-1.8293085198107057,-3.0943711559125093
spleeter,We_Fell_From_The_Sky_-_Not_You,delay_l3,delay,3,drums,8.069966835584806,7.463026925111828,-0.07378762161834196,-0.07930695998079784
spleeter,We_Fell_From_The_Sky_-_Not_You,delay_l3,delay,3,bass,0.6543129991103375,-4.4295881582902155,-0.06831868670904584,-0.13116111208055425
spleeter,We_Fell_From_The_Sky_-_Not_You,delay_l3,delay,3,other,5.5283145490839125,4.148453620855478,-0.47884435370471223,-0.6084304737995936
spleeter,We_Fell_From_The_Sky_-_Not_You,delay_l4,delay,4,vocals,2.680934515728115,-0.682645378876362,-2.332128749748554,-4.125981254916202
spleeter,We_Fell_From_The_Sky_-_Not_You,delay_l4,delay,4,drums,8.082821324498463,7.475797028199206,-0.06093313270468492,-0.06653685689342037
spleeter,We_Fell_From_The_Sky_-_Not_You,delay_l4,delay,4,bass,0.6335408466951968,-4.486388651776617,-0.08909083912418647,-0.18796160556695618
spleeter,We_Fell_From_The_Sky_-_Not_You,delay_l4,delay,4,other,5.365035155709657,3.948620361365661,-0.6421237470789674,-0.8082637332894107
spleeter,We_Fell_From_The_Sky_-_Not_You,original,original,0,vocals,5.013063265476669,3.44333587603984,0.0,0.0
spleeter,We_Fell_From_The_Sky_-_Not_You,original,original,0,drums,8.143754457203148,7.542333885092626,0.0,0.0
spleeter,We_Fell_From_The_Sky_-_Not_You,original,original,0,bass,0.7226316858193833,-4.298427046209661,0.0,0.0
spleeter,We_Fell_From_The_Sky_-_Not_You,original,original,0,other,6.007158902788625,4.756884094655072,0.0,0.0
spleeter,We_Fell_From_The_Sky_-_Not_You,reverb_l1,reverb,1,vocals,4.551713896638155,2.7501673602156327,-0.46134936883851374,-0.6931685158242074
spleeter,We_Fell_From_The_Sky_-_Not_You,reverb_l1,reverb,1,drums,8.107002372867582,7.503604134216597,-0.03675208433556598,-0.03872975087602892
spleeter,We_Fell_From_The_Sky_-_Not_You,reverb_l1,reverb,1,bass,0.7078119318120852,-4.326294040733071,-0.01481975400729807,-0.027866994523409794
spleeter,We_Fell_From_The_Sky_-_Not_You,reverb_l1,reverb,1,other,5.965187278188678,4.703031073309431,-0.04197162459994708,-0.05385302134564096
spleeter,We_Fell_From_The_Sky_-_Not_You,reverb_l2,reverb,2,vocals,2.9251931566913236,-0.1382812846609628,-2.0878701087853453,-3.581617160700803
spleeter,We_Fell_From_The_Sky_-_Not_You,reverb_l2,reverb,2,drums,8.016170069385176,7.41349988161544,-0.1275843878179721,-0.128834003477186
spleeter,We_Fell_From_The_Sky_-_Not_You,reverb_l2,reverb,2,bass,0.19031887056949623,-4.987575262643416,-0.532312815249887,-0.6891482164337548
spleeter,We_Fell_From_The_Sky_-_Not_You,reverb_l2,reverb,2,other,5.70869997782806,4.380378601657075,-0.29845892496056514,-0.37650549299799696
spleeter,We_Fell_From_The_Sky_-_Not_You,reverb_l3,reverb,3,vocals,2.420592178301951,-1.251138066108397,-2.592471087174718,-4.694473942148237
spleeter,We_Fell_From_The_Sky_-_Not_You,reverb_l3,reverb,3,drums,8.002267518522835,7.402174401148624,-0.1414869386803126,-0.1401594839440019
spleeter,We_Fell_From_The_Sky_-_Not_You,reverb_l3,reverb,3,bass,-0.29273988957332714,-5.635142582439141,-1.0153715753927104,-1.3367155362294794
spleeter,We_Fell_From_The_Sky_-_Not_You,reverb_l3,reverb,3,other,5.710410225175487,4.389904690440873,-0.29674867761313806,-0.3669794042141987
spleeter,We_Fell_From_The_Sky_-_Not_You,reverb_l4,reverb,4,vocals,2.429366972929568,-1.235723268702261,-2.583696292547101,-4.6790591447421015
spleeter,We_Fell_From_The_Sky_-_Not_You,reverb_l4,reverb,4,drums,8.014145813167938,7.414517766767518,-0.12960864403521022,-0.12781611832510809
spleeter,We_Fell_From_The_Sky_-_Not_You,reverb_l4,reverb,4,bass,-0.3759580282389982,-5.7409507058705,-1.0985897140583816,-1.4425236596608384
spleeter,We_Fell_From_The_Sky_-_Not_You,reverb_l4,reverb,4,other,5.758840078966666,4.454838858334976,-0.24831882382195847,-0.3020452363200956
demucs,We_Fell_From_The_Sky_-_Not_You,bitcrush_l1,bitcrush,1,vocals,6.636270927646278,5.574195624748778,-0.2204025931022473,-0.28098039952438114
demucs,We_Fell_From_The_Sky_-_Not_You,bitcrush_l1,bitcrush,1,drums,11.804755135985726,11.528005221453327,-0.04583266032243927,-0.05088443035707968
demucs,We_Fell_From_The_Sky_-_Not_You,bitcrush_l1,bitcrush,1,bass,4.950960432073964,3.4620635873315293,0.01943644393663302,0.01696787432132174
demucs,We_Fell_From_The_Sky_-_Not_You,bitcrush_l1,bitcrush,1,other,8.76125059261254,8.145853712355677,-0.06549105336877581,-0.08097812351806688
demucs,We_Fell_From_The_Sky_-_Not_You,bitcrush_l2,bitcrush,2,vocals,6.637883570099249,5.576228226256345,-0.21878995064927587,-0.278947798016814
demucs,We_Fell_From_The_Sky_-_Not_You,bitcrush_l2,bitcrush,2,drums,11.821589671068864,11.545612806745652,-0.02899812523930123,-0.03327684506475492
demucs,We_Fell_From_The_Sky_-_Not_You,bitcrush_l2,bitcrush,2,bass,4.91190106616239,3.418455556001883,-0.019622921974941754,-0.02664015700832456
demucs,We_Fell_From_The_Sky_-_Not_You,bitcrush_l2,bitcrush,2,other,8.75723118803026,8.141163065590595,-0.06951045795105593,-0.08566877028314934
demucs,We_Fell_From_The_Sky_-_Not_You,bitcrush_l3,bitcrush,3,vocals,6.615451903988694,5.547646653769726,-0.24122161675983111,-0.307529370503433
demucs,We_Fell_From_The_Sky_-_Not_You,bitcrush_l3,bitcrush,3,drums,11.82679657769458,11.55302114421023,-0.02379121861358513,-0.025868507600176116
demucs,We_Fell_From_The_Sky_-_Not_You,bitcrush_l3,bitcrush,3,bass,4.988344975589245,3.501184591588331,0.05682098745191322,0.0560888785781235
demucs,We_Fell_From_The_Sky_-_Not_You,bitcrush_l3,bitcrush,3,other,8.772138329142553,8.158416948410792,-0.054603316838763405,-0.06841488746295177
demucs,We_Fell_From_The_Sky_-_Not_You,bitcrush_l4,bitcrush,4,vocals,6.277380612951303,5.112335654103049,-0.579292907797222,-0.7428403701701098
demucs,We_Fell_From_The_Sky_-_Not_You,bitcrush_l4,bitcrush,4,drums,11.768586423205395,11.489538999716341,-0.08200137310277,-0.08935065209406545
demucs,We_Fell_From_The_Sky_-_Not_You,bitcrush_l4,bitcrush,4,bass,4.933681757919562,3.428908522969235,0.0021577697822303676,-0.016187190040972688
demucs,We_Fell_From_The_Sky_-_Not_You,bitcrush_l4,bitcrush,4,other,8.680958843828714,8.050847869183915,-0.14578280215260264,-0.17598396668982907
demucs,We_Fell_From_The_Sky_-_Not_You,compression_l1,compression,1,vocals,6.615444410252921,5.548835788699675,-0.24122911049560436,-0.3063402355734839
demucs,We_Fell_From_The_Sky_-_Not_You,compression_l1,compression,1,drums,11.787532601996823,11.513228066329006,-0.06305519431134243,-0.06566158548140066
demucs,We_Fell_From_The_Sky_-_Not_You,compression_l1,compression,1,bass,4.974469673125233,3.490528688055992,0.04294568498790152,0.045432975045784474
demucs,We_Fell_From_The_Sky_-_Not_You,compression_l1,compression,1,other,8.785793169819927,8.180405145824942,-0.040948476161389635,-0.0464266900488024
demucs,We_Fell_From_The_Sky_-_Not_You,compression_l2,compression,2,vocals,6.09721908954551,4.873703290412361,-0.7594544312030154,-0.981472733860798
demucs,We_Fell_From_The_Sky_-_Not_You,compression_l2,compression,2,drums,11.58662551390104,11.304685737806938,-0.2639622824071246,-0.27420391400346844
demucs,We_Fell_From_The_Sky_-_Not_You,compression_l2,compression,2,bass,4.909448864391858,3.406216324332574,-0.02207512374547349,-0.03887938867763374
demucs,We_Fell_From_The_Sky_-_Not_You,compression_l2,compression,2,other,8.676166014247661,8.053644598798336,-0.1505756317336555,-0.17318723707540862
demucs,We_Fell_From_The_Sky_-_Not_You,compression_l3,compression,3,vocals,5.832976720975146,4.519349543457296,-1.0236967997733792,-1.3358264808158626
demucs,We_Fell_From_The_Sky_-_Not_You,compression_l3,compression,3,drums,11.418071447439736,11.129375211136065,-0.43251634886842893,-0.4495144406743421
demucs,We_Fell_From_The_Sky_-_Not_You,compression_l3,compression,3,bass,4.868868264279032,3.3640324382650038,-0.06265572385829898,-0.0810632747452038
demucs,We_Fell_From_The_Sky_-_Not_You,compression_l3,compression,3,other,8.663352811658008,8.039159609261633,-0.16338883432330853,-0.18767222661211136
demucs,We_Fell_From_The_Sky_-_Not_You,compression_l4,compression,4,vocals,6.0523987729733975,4.813697800554765,-0.8042747477751275,-1.0414782237183937
demucs,We_Fell_From_The_Sky_-_Not_You,compression_l4,compression,4,drums,11.44910873395288,11.16481947488924,-0.4014790623552855,-0.4140701769211663
demucs,We_Fell_From_The_Sky_-_Not_You,compression_l4,compression,4,bass,4.921261870942923,3.4152087421058717,-0.010262117194408837,-0.029886970904335897
demucs,We_Fell_From_The_Sky_-_Not_You,compression_l4,compression,4,other,8.71203822203597,8.096387316762764,-0.11470342394534683,-0.13044451911098065
demucs,We_Fell_From_The_Sky_-_Not_You,delay_l1,delay,1,vocals,6.274697553388574,5.107139016648833,-0.5819759673599512,-0.7480370076243261
demucs,We_Fell_From_The_Sky_-_Not_You,delay_l1,delay,1,drums,11.797379532211014,11.52213342995644,-0.05320826409715096,-0.05675622185396634
demucs,We_Fell_From_The_Sky_-_Not_You,delay_l1,delay,1,bass,4.934296592881592,3.440269119881085,0.002772604744260221,-0.004826593129122703
demucs,We_Fell_From_The_Sky_-_Not_You,delay_l1,delay,1,other,8.665745911459588,8.038413054753711,-0.16099573452172855,-0.18841878112003307
demucs,We_Fell_From_The_Sky_-_Not_You,delay_l2,delay,2,vocals,5.633824789440789,4.248381604115078,-1.222848731307736,-1.6067944201580806
demucs,We_Fell_From_The_Sky_-_Not_You,delay_l2,delay,2,drums,11.701546652190594,11.421225661584604,-0.14904114411757163,-0.15766399022580302
demucs,We_Fell_From_The_Sky_-_Not_You,delay_l2,delay,2,bass,4.9697397683500615,3.4724551031212982,0.03821578021273009,0.027359390111090676
demucs,We_Fell_From_The_Sky_-_Not_You,delay_l2,delay,2,other,8.488669664513738,7.829492729176652,-0.33807198146757855,-0.3973391066970926
demucs,We_Fell_From_The_Sky_-_Not_You,delay_l3,delay,3,vocals,5.120715752766664,3.5327285209698904,-1.7359577679818612,-2.3224475033032683
demucs,We_Fell_From_The_Sky_-_Not_You,delay_l3,delay,3,drums,11.69232073675023,11.41128416013377,-0.15826705955793585,-0.16760549167663719
demucs,We_Fell_From_The_Sky_-_Not_You,delay_l3,delay,3,bass,4.901868116367715,3.3950862975703524,-0.029655871769616482,-0.050009415439855154
demucs,We_Fell_From_The_Sky_-_Not_You,delay_l3,delay,3,other,8.267447332782584,7.567455068790803,-0.5592943131987322,-0.6593767670829411
demucs,We_Fell_From_The_Sky_-_Not_You,delay_l4,delay,4,vocals,4.710005464592728,2.941322583490038,-2.1466680561557974,-2.9138534407831207
demucs,We_Fell_From_The_Sky_-_Not_You,delay_l4,delay,4,drums,11.648131469695791,11.364215232369343,-0.20245632661237423,-0.2146744194410637
demucs,We_Fell_From_The_Sky_-_Not_You,delay_l4,delay,4,bass,4.9016225306037855,3.4018778628907995,-0.029901457533545894,-0.04321785011940804
demucs,We_Fell_From_The_Sky_-_Not_You,delay_l4,delay,4,other,8.101874020838862,7.371403064755871,-0.7248676251424548,-0.8554287711178734
demucs,We_Fell_From_The_Sky_-_Not_You,original,original,0,vocals,6.856673520748525,5.855176024273159,0.0,0.0
demucs,We_Fell_From_The_Sky_-_Not_You,original,original,0,drums,11.850587796308165,11.578889651810407,0.0,0.0
demucs,We_Fell_From_The_Sky_-_Not_You,original,original,0,bass,4.931523988137331,3.4450957130102076,0.0,0.0
demucs,We_Fell_From_The_Sky_-_Not_You,original,original,0,other,8.826741645981317,8.226831835873744,0.0,0.0
demucs,We_Fell_From_The_Sky_-_Not_You,reverb_l1,reverb,1,vocals,6.381611196234555,5.246415824365132,-0.4750623245139698,-0.6087601999080263
demucs,We_Fell_From_The_Sky_-_Not_You,reverb_l1,reverb,1,drums,11.815833371631303,11.542869746353464,-0.03475442467686207,-0.03601990545694278
demucs,We_Fell_From_The_Sky_-_Not_You,reverb_l1,reverb,1,bass,4.894488189914946,3.373133006298425,-0.03703579822238545,-0.07196270671178251
demucs,We_Fell_From_The_Sky_-_Not_You,reverb_l1,reverb,1,other,8.766351238575579,8.154692050417147,-0.060390407405737534,-0.0721397854565975
demucs,We_Fell_From_The_Sky_-_Not_You,reverb_l2,reverb,2,vocals,4.667424830058645,2.8624038657735085,-2.1892486906898796,-2.9927721584996503
demucs,We_Fell_From_The_Sky_-_Not_You,reverb_l2,reverb,2,drums,11.788890552208084,11.511071490655514,-0.06169724410008115,-0.06781816115489292
demucs,We_Fell_From_The_Sky_-_Not_You,reverb_l2,reverb,2,bass,3.8025581243982094,2.0503705592788743,-1.128965863739122,-1.3947251537313332
demucs,We_Fell_From_The_Sky_-_Not_You,reverb_l2,reverb,2,other,8.481437582743643,7.817814882496662,-0.3453040632376734,-0.40901695337708244
demucs,We_Fell_From_The_Sky_-_Not_You,reverb_l3,reverb,3,vocals,3.803047037149124,1.5018112389247942,-3.053626483599401,-4.353364785348365
demucs,We_Fell_From_The_Sky_-_Not_You,reverb_l3,reverb,3,drums,11.870653768675313,11.596593121267366,0.020065972367147467,0.017703469456959553
demucs,We_Fell_From_The_Sky_-_Not_You,reverb_l3,reverb,3,bass,2.7989302978426682,0.8794502991289914,-2.132593690294663,-2.5656454138812164
demucs,We_Fell_From_The_Sky_-_Not_You,reverb_l3,reverb,3,other,8.408457589174102,7.733126210875722,-0.4182840568072148,-0.4937056249980225
demucs,We_Fell_From_The_Sky_-_Not_You,reverb_l4,reverb,4,vocals,3.68927327543666,1.3084654436577643,-3.167400245311865,-4.546710580615395
demucs,We_Fell_From_The_Sky_-_Not_You,reverb_l4,reverb,4,drums,11.882268464935057,11.608808713148928,0.03168066862689223,0.029919061338521402
demucs,We_Fell_From_The_Sky_-_Not_You,reverb_l4,reverb,4,bass,2.6547229515158053,0.7367601590207074,-2.276801036621526,-2.7083355539895004
demucs,We_Fell_From_The_Sky_-_Not_You,reverb_l4,reverb,4,other,8.373841877870998,7.694151083603058,-0.45289976811031885,-0.5326807522706858
spleeter,Zeno_-_Signs,bitcrush_l1,bitcrush,1,vocals,6.210159323708706,5.030319657478939,-0.5307577163797434,-0.6914334622827605
spleeter,Zeno_-_Signs,bitcrush_l1,bitcrush,1,drums,6.670637387536099,5.670516842087446,-0.15129200488845918,-0.17883234556030558
spleeter,Zeno_-_Signs,bitcrush_l1,bitcrush,1,bass,1.5743900003655353,-2.148784233702573,-0.053436865681682155,-0.0642202590376364
spleeter,Zeno_-_Signs,bitcrush_l1,bitcrush,1,other,5.266419189007227,3.7548312544709157,-0.12503864692514455,-0.16757402590529846
spleeter,Zeno_-_Signs,bitcrush_l2,bitcrush,2,vocals,6.210473384396696,5.030799163136017,-0.5304436556917533,-0.690953956625683
spleeter,Zeno_-_Signs,bitcrush_l2,bitcrush,2,drums,6.667623500397962,5.666631867916594,-0.1543058920265965,-0.18271731973115735
spleeter,Zeno_-_Signs,bitcrush_l2,bitcrush,2,bass,1.5725665472628148,-2.149791798032838,-0.05526031878440274,-0.06522782336790156
spleeter,Zeno_-_Signs,bitcrush_l2,bitcrush,2,other,5.266064261156939,3.7542743536945666,-0.12539357477543245,-0.16813092668164753
spleeter,Zeno_-_Signs,bitcrush_l3,bitcrush,3,vocals,6.196184369755238,5.011733509071256,-0.5447326703332118,-0.710019610690444
spleeter,Zeno_-_Signs,bitcrush_l3,bitcrush,3,drums,6.659212347073526,5.655690659532516,-0.16271704535103293,-0.1936585281152361
spleeter,Zeno_-_Signs,bitcrush_l3,bitcrush,3,bass,1.5765881589251942,-2.1439884229111166,-0.051238707122023275,-0.059424448246180095
spleeter,Zeno_-_Signs,bitcrush_l3,bitcrush,3,other,5.262069841099751,3.749491905985336,-0.1293879948326202,-0.17291337439087817
spleeter,Zeno_-_Signs,bitcrush_l4,bitcrush,4,vocals,6.083995615719656,4.862527467304966,-0.6569214243687931,-0.8592256524567334
spleeter,Zeno_-_Signs,bitcrush_l4,bitcrush,4,drums,6.587986941302234,5.565931276497098,-0.23394245112232426,-0.2834179111506536
spleeter,Zeno_-_Signs,bitcrush_l4,bitcrush,4,bass,1.5378601645633652,-2.198047908108807,-0.08996670148385233,-0.11348393344387064
spleeter,Zeno_-_Signs,bitcrush_l4,bitcrush,4,other,5.2245457474262125,3.7006083577001627,-0.1669120885061588,-0.22179692267605144
spleeter,Zeno_-_Signs,compression_l1,compression,1,vocals,6.7529561673544585,5.740538185003041,0.012039127266008975,0.018785065241341492
spleeter,Zeno_-_Signs,compression_l1,compression,1,drums,6.840420357646356,5.870359491375339,0.018490965221797495,0.021010303727587498
spleeter,Zeno_-_Signs,compression_l1,compression,1,bass,1.606510300076758,-2.09946012646777,-0.0213165659704595,-0.014896151802833657
spleeter,Zeno_-_Signs,compression_l1,compression,1,other,5.409682671429724,3.9426609159953205,0.018224835497353098,0.02025563561910637
spleeter,Zeno_-_Signs,compression_l2,compression,2,vocals,6.419694236047585,5.318579733999554,-0.3212228040408647,-0.40317338576214556
spleeter,Zeno_-_Signs,compression_l2,compression,2,drums,6.615255086163182,5.6044318854537245,-0.20667430626137673,-0.2449173021940272
spleeter,Zeno_-_Signs,compression_l2,compression,2,bass,1.6374738266898285,-2.228361840747502,0.009646960642611058,-0.1437978660825654
spleeter,Zeno_-_Signs,compression_l2,compression,2,other,5.296572280358156,3.803228694119141,-0.09488555557421563,-0.11917658625707306
spleeter,Zeno_-_Signs,compression_l3,compression,3,vocals,5.781581378338805,4.476616445223062,-0.9593356617496447,-1.2451366745386379
spleeter,Zeno_-_Signs,compression_l3,compression,3,drums,6.079299203108271,4.993921482322409,-0.7426301893162872,-0.8554277053253427
spleeter,Zeno_-_Signs,compression_l3,compression,3,bass,1.3092456621590056,-3.842840875743236,-0.3185812038882119,-1.7582769010782995
spleeter,Zeno_-_Signs,compression_l3,compression,3,other,4.893308976014423,3.399750148560768,-0.498148859917948,-0.522655131815446
spleeter,Zeno_-_Signs,compression_l4,compression,4,vocals,5.199289909102136,3.6577162376604475,-1.5416271309863134,-2.0640368821012522
spleeter,Zeno_-_Signs,compression_l4,compression,4,drums,5.597120748830103,4.431306300981014,-1.2248086435944554,-1.418042886666738
spleeter,Zeno_-_Signs,compression_l4,compression,4,bass,1.1242625280128935,-4.582438645404238,-0.503564338034324,-2.497874670739302
spleeter,Zeno_-_Signs,compression_l4,compression,4,other,4.737005007044265,3.272894660432632,-0.6544528288881066,-0.6495106199435821
spleeter,Zeno_-_Signs,delay_l1,delay,1,vocals,6.365641229024742,5.2346617015311505,-0.3752758110637071,-0.48709141823054924
spleeter,Zeno_-_Signs,delay_l1,delay,1,drums,6.760364547526344,5.778521126172297,-0.06156484489821423,-0.07082806147545462
spleeter,Zeno_-_Signs,delay_l1,delay,1,bass,1.640639775022243,-2.058850071084131,0.012812908975025517,0.025713903580805386
spleeter,Zeno_-_Signs,delay_l1,delay,1,other,5.2346363885405935,3.707341143344745,-0.15682144739177772,-0.2150641370314692
spleeter,Zeno_-_Signs,delay_l2,delay,2,vocals,5.6791657226745205,4.310343713010839,-1.061751317413929,-1.4114094067508605
spleeter,Zeno_-_Signs,delay_l2,delay,2,drums,6.757040359926007,5.7727153325947995,-0.06488903249855138,-0.07663385505295217
spleeter,Zeno_-_Signs,delay_l2,delay,2,bass,1.5728581369991086,-2.1092734435333043,-0.0549687290481089,-0.02470946886836778
spleeter,Zeno_-_Signs,delay_l2,delay,2,other,4.8786634414400085,3.228493054913703,-0.5127943944923627,-0.693912225462511
spleeter,Zeno_-_Signs,delay_l3,delay,3,vocals,5.073254190537283,3.455920986103041,-1.6676628495511663,-2.265832133658659
spleeter,Zeno_-_Signs,delay_l3,delay,3,drums,6.7984105512525,5.824061834388838,-0.02351884117205838,-0.025287353258913292
spleeter,Zeno_-_Signs,delay_l3,delay,3,bass,1.5454303571502614,-2.1600623228716036,-0.08239650889695604,-0.07549834820666712
spleeter,Zeno_-_Signs,delay_l3,delay,3,other,4.448589744280821,2.630574693499011,-0.9428680916515502,-1.2918305868772033
spleeter,Zeno_-_Signs,delay_l4,delay,4,vocals,4.140420531856142,2.0263739158518095,-2.6004965082323075,-3.6953792039098903
spleeter,Zeno_-_Signs,delay_l4,delay,4,drums,6.674781295612777,5.673824260144201,-0.14714809681178131,-0.17552492750355064
spleeter,Zeno_-_Signs,delay_l4,delay,4,bass,1.511817261393667,-2.1897468720381794,-0.11600960465355059,-0.10518289737324293
spleeter,Zeno_-_Signs,delay_l4,delay,4,other,3.9382501458814896,1.9911003591762075,-1.4532076900508817,-1.9313049212000066
spleeter,Zeno_-_Signs,original,original,0,vocals,6.7409170400884495,5.7217531197617,0.0,0.0
spleeter,Zeno_-_Signs,original,original,0,drums,6.8219293924245585,5.849349187647752,0.0,0.0
spleeter,Zeno_-_Signs,original,original,0,bass,1.6278268660472175,-2.0845639746649365,0.0,0.0
spleeter,Zeno_-_Signs,original,original,0,other,5.391457835932371,3.922405280376214,0.0,0.0
spleeter,Zeno_-_Signs,reverb_l1,reverb,1,vocals,6.3935262850456205,5.2728651628180945,-0.347390755042829,-0.4488879569436053
spleeter,Zeno_-_Signs,reverb_l1,reverb,1,drums,6.739494130956838,5.756486541990615,-0.08243526146772062,-0.09286264565713687
spleeter,Zeno_-_Signs,reverb_l1,reverb,1,bass,1.6403761346820094,-2.068590552988075,0.012549268634791888,0.015973421676861665
spleeter,Zeno_-_Signs,reverb_l1,reverb,1,other,5.302817387964572,3.803265644017258,-0.08864044796779957,-0.1191396363589563
spleeter,Zeno_-_Signs,reverb_l2,reverb,2,vocals,5.537306073433874,4.1149990628217195,-1.2036109666545753,-1.6067540569399803
spleeter,Zeno_-_Signs,reverb_l2,reverb,2,drums,6.559278562010116,5.556243584520988,-0.2626508304144428,-0.29310560312676337
spleeter,Zeno_-_Signs,reverb_l2,reverb,2,bass,1.3932502698897555,-2.5234273773017875,-0.23457659615746196,-0.438863402636851
spleeter,Zeno_-_Signs,reverb_l2,reverb,2,other,4.9895371816933345,3.389449221645263,-0.4019206542390368,-0.5329560587309512
spleeter,Zeno_-_Signs,reverb_l3,reverb,3,vocals,5.370818499530419,3.8866199195738087,-1.3700985405580308,-1.835133200187891
spleeter,Zeno_-_Signs,reverb_l3,reverb,3,drums,6.635685873081847,5.649331113884092,-0.18624351934271122,-0.2000180737636601
spleeter,Zeno_-_Signs,reverb_l3,reverb,3,bass,1.2023138013514147,-2.8406006469038827,-0.42551306469580275,-0.7560366722389462
spleeter,Zeno_-_Signs,reverb_l3,reverb,3,other,4.867391085335856,3.2256817388758137,-0.5240667505965151,-0.6967235415004005
spleeter,Zeno_-_Signs,reverb_l4,reverb,4,vocals,5.523979372004648,4.103319384768763,-1.2169376680838013,-1.6184337349929372
spleeter,Zeno_-_Signs,reverb_l4,reverb,4,drums,6.723613637176975,5.751932489793733,-0.09831575524758396,-0.09741669785401896
spleeter,Zeno_-_Signs,reverb_l4,reverb,4,bass,1.2183776429887743,-2.811717651506416,-0.4094492230584432,-0.7271536768414797
spleeter,Zeno_-_Signs,reverb_l4,reverb,4,other,4.910516741953036,3.2799653119224086,-0.48094109397933504,-0.6424399684538056
demucs,Zeno_-_Signs,bitcrush_l1,bitcrush,1,vocals,8.411537459783037,7.737524142809036,-0.38487487081735594,-0.4445082262035367
demucs,Zeno_-_Signs,bitcrush_l1,bitcrush,1,drums,9.694571920952145,9.212873292787934,-0.3170836342136525,-0.3484834147799507
demucs,Zeno_-_Signs,bitcrush_l1,bitcrush,1,bass,3.872920146707128,1.622795134291217,-0.16670739158199677,-0.27462411317047386
demucs,Zeno_-_Signs,bitcrush_l1,bitcrush,1,other,7.137462198235259,6.221380177949686,-0.08767284088378702,-0.09376111758424344
demucs,Zeno_-_Signs,bitcrush_l2,bitcrush,2,vocals,8.431002083560339,7.761145721314435,-0.36541024704005487,-0.4208866476981381
demucs,Zeno_-_Signs,bitcrush_l2,bitcrush,2,drums,9.704384604178367,9.223897241154633,-0.30727095098743007,-0.337459466413252
demucs,Zeno_-_Signs,bitcrush_l2,bitcrush,2,bass,4.005492805466843,1.8369522854699207,-0.034134732822281855,-0.06046696199177015
demucs,Zeno_-_Signs,bitcrush_l2,bitcrush,2,other,7.182092638861879,6.271045102400311,-0.04304240025716677,-0.04409619313361812
demucs,Zeno_-_Signs,bitcrush_l3,bitcrush,3,vocals,8.411325774786638,7.737721101794547,-0.3850865558137553,-0.4443112672180263
demucs,Zeno_-_Signs,bitcrush_l3,bitcrush,3,drums,9.684147146215082,9.200871016720235,-0.327508408950715,-0.3604856908476499
demucs,Zeno_-_Signs,bitcrush_l3,bitcrush,3,bass,3.889043477432927,1.6528474775397117,-0.1505840608561977,-0.24457176992197915
demucs,Zeno_-_Signs,bitcrush_l3,bitcrush,3,other,7.139872962705628,6.224317341361879,-0.08526207641341799,-0.09082395417205014
demucs,Zeno_-_Signs,bitcrush_l4,bitcrush,4,vocals,8.221859734057796,7.517674170548082,-0.5745525965425973,-0.6643581984644911
demucs,Zeno_-_Signs,bitcrush_l4,bitcrush,4,drums,9.589762547679022,9.099724295004107,-0.4218930074867746,-0.4616324125637785
demucs,Zeno_-_Signs,bitcrush_l4,bitcrush,4,bass,3.8713910342368516,1.627971689983732,-0.16823650405227308,-0.2694475574779589
demucs,Zeno_-_Signs,bitcrush_l4,bitcrush,4,other,7.098824447067276,6.175176830704686,-0.12631059205176953,-0.13996446482924352
demucs,Zeno_-_Signs,compression_l1,compression,1,vocals,8.706746747818412,8.078548256702607,-0.089665582781981,-0.10348411230996568
demucs,Zeno_-_Signs,compression_l1,compression,1,drums,9.97712380525816,9.522797986416876,-0.03453174990763763,-0.03855872115100922
demucs,Zeno_-_Signs,compression_l1,compression,1,bass,3.96354487660288,1.771625056858237,-0.07608266168624489,-0.12579419060345387
demucs,Zeno_-_Signs,compression_l1,compression,1,other,7.184692309613597,6.267210219647437,-0.04044272950544858,-0.04793107588649281
demucs,Zeno_-_Signs,compression_l2,compression,2,vocals,8.405472396827138,7.728388494682782,-0.39093993377325553,-0.45364387432979125
demucs,Zeno_-_Signs,compression_l2,compression,2,drums,9.928985230127038,9.469396446295077,-0.08267032503875882,-0.0919602612728081
demucs,Zeno_-_Signs,compression_l2,compression,2,bass,3.932948000858556,1.7150432141316216,-0.10667953743056868,-0.18237603333006924
demucs,Zeno_-_Signs,compression_l2,compression,2,other,7.070914376860875,6.125788013139198,-0.15422066225817055,-0.18935328239473126
demucs,Zeno_-_Signs,compression_l3,compression,3,vocals,7.885763373638744,7.1146082454465,-0.9106489569616496,-1.0674241235660729
demucs,Zeno_-_Signs,compression_l3,compression,3,drums,9.154783283986026,9.086731833729116,-0.8568722711797712,-0.47462487383876883
demucs,Zeno_-_Signs,compression_l3,compression,3,bass,3.884742629134876,1.6368202956788531,-0.1548849091542488,-0.26059895178283776
demucs,Zeno_-_Signs,compression_l3,compression,3,other,6.972759342667718,6.00157368514537,-0.2523756964513275,-0.3135676103885592
demucs,Zeno_-_Signs,compression_l4,compression,4,vocals,7.211526375173621,6.296164715176195,-1.5848859554267722,-1.885867653836378
demucs,Zeno_-_Signs,compression_l4,compression,4,drums,8.67743236055945,8.191301957778336,-1.3342231946063468,-1.3700547497895492
demucs,Zeno_-_Signs,compression_l4,compression,4,bass,3.6640688770426206,1.2359907939758563,-0.37555866124650406,-0.6614284534858346
demucs,Zeno_-_Signs,compression_l4,compression,4,other,6.927006108177142,5.949821846530084,-0.2981289309419033,-0.36531944900384516
demucs,Zeno_-_Signs,delay_l1,delay,1,vocals,8.228263219688564,7.521167531618566,-0.5681491109118291,-0.6608648373940067
demucs,Zeno_-_Signs,delay_l1,delay,1,drums,9.856401815440023,9.391410461316164,-0.15525373972577405,-0.16994624625172072
demucs,Zeno_-_Signs,delay_l1,delay,1,bass,3.9810536622376054,1.8060589709393948,-0.058573876051519314,-0.09136027652229606
demucs,Zeno_-_Signs,delay_l1,delay,1,other,7.012439096796896,6.053681970935312,-0.21269594232214928,-0.26145932459861765
demucs,Zeno_-_Signs,delay_l2,delay,2,vocals,7.19849125014293,6.288651292861738,-1.5979210804574633,-1.8933810761508347
demucs,Zeno_-_Signs,delay_l2,delay,2,drums,9.566728661994304,9.075749710191193,-0.4449268931714929,-0.4856069973766921
demucs,Zeno_-_Signs,delay_l2,delay,2,bass,3.8333723279161496,1.5454589283834084,-0.20625521037297512,-0.3519603190782825
demucs,Zeno_-_Signs,delay_l2,delay,2,other,6.600421752888609,5.553028564790559,-0.6247132862304365,-0.7621127307433708
demucs,Zeno_-_Signs,delay_l3,delay,3,vocals,6.45224281522156,5.370134994393441,-2.344169515378834,-2.8118973746191323
demucs,Zeno_-_Signs,delay_l3,delay,3,drums,9.966966930285254,9.509472434571478,-0.044688624880542704,-0.05188427299640708
demucs,Zeno_-_Signs,delay_l3,delay,3,bass,3.940163223228508,1.730955790432894,-0.09946431506061648,-0.16646345702879684
demucs,Zeno_-_Signs,delay_l3,delay,3,other,6.045275362330847,4.863967660865313,-1.1798596767881984,-1.4511736346686162
demucs,Zeno_-_Signs,delay_l4,delay,4,vocals,5.785526954058583,4.505634050256423,-3.01088537654181,-3.67639831875615
demucs,Zeno_-_Signs,delay_l4,delay,4,drums,9.70356536413661,9.221366117300247,-0.3080901910291871,-0.33999059026763767
demucs,Zeno_-_Signs,delay_l4,delay,4,bass,3.933424904868861,1.729100417470692,-0.10620263342026348,-0.1683188299909988
demucs,Zeno_-_Signs,delay_l4,delay,4,other,5.763669429391763,4.508422491983218,-1.4614656097272825,-1.8067188035507113
demucs,Zeno_-_Signs,original,original,0,vocals,8.796412330600393,8.182032369012573,0.0,0.0
demucs,Zeno_-_Signs,original,original,0,drums,10.011655555165797,9.561356707567885,0.0,0.0
demucs,Zeno_-_Signs,original,original,0,bass,4.039627538289125,1.8974192474616909,0.0,0.0
demucs,Zeno_-_Signs,original,original,0,other,7.225135039119046,6.3151412955339294,0.0,0.0
demucs,Zeno_-_Signs,reverb_l1,reverb,1,vocals,8.342300577240414,7.655004745141108,-0.4541117533599799,-0.5270276238714651
demucs,Zeno_-_Signs,reverb_l1,reverb,1,drums,9.905078977346346,9.44462847362156,-0.1065765778194514,-0.11672823394632559
demucs,Zeno_-_Signs,reverb_l1,reverb,1,bass,3.9257212325581103,1.7151078924073544,-0.11390630573101435,-0.1823113550543365
demucs,Zeno_-_Signs,reverb_l1,reverb,1,other,7.047686987633823,6.101667715534525,-0.17744805148522236,-0.21347357999940453
demucs,Zeno_-_Signs,reverb_l2,reverb,2,vocals,6.991560241216614,6.048395103740872,-1.8048520893837798,-2.133637265271701
demucs,Zeno_-_Signs,reverb_l2,reverb,2,drums,9.836535186439505,9.369533048973862,-0.1751203687262919,-0.19182365859402317
demucs,Zeno_-_Signs,reverb_l2,reverb,2,bass,3.7358113565677433,1.365565189231925,-0.30381618172138136,-0.531854058229766
demucs,Zeno_-_Signs,reverb_l2,reverb,2,other,6.508423855611562,5.451859595225583,-0.716711183507484,-0.8632817003083462
demucs,Zeno_-_Signs,reverb_l3,reverb,3,vocals,6.716691557152174,5.7024633897260575,-2.0797207734482193,-2.4795689792865154
demucs,Zeno_-_Signs,reverb_l3,reverb,3,drums,9.946038029105758,9.49022625934118,-0.06561752606003957,-0.07113044822670567
demucs,Zeno_-_Signs,reverb_l3,reverb,3,bass,3.3212818427592508,0.60127004738771,-0.7183456955298739,-1.296149200073981
demucs,Zeno_-_Signs,reverb_l3,reverb,3,other,6.4003927479197165,5.331762411651992,-0.8247422911993292,-0.9833788838819375
demucs,Zeno_-_Signs,reverb_l4,reverb,4,vocals,6.589000610976331,5.547637100524845,-2.207411719624062,-2.6343952684877276
demucs,Zeno_-_Signs,reverb_l4,reverb,4,drums,10.039914878276887,9.593192045152149,0.02825932311109014,0.03183533758426371
demucs,Zeno_-_Signs,reverb_l4,reverb,4,bass,3.1544737078684673,0.295733796017272,-0.8851538304206574,-1.601685451444419
demucs,Zeno_-_Signs,reverb_l4,reverb,4,other,6.375548692103694,5.305201919592473,-0.849586347015352,-1.0099393759414568
